update_date,daily_return,cum_return,drawdown
2009-01-05,,,
2009-01-06,0.0,0.0,0.0
2009-01-07,0.0,0.0,0.0
2009-01-08,0.0,0.0,0.0
2009-01-09,0.0,0.0,0.0
2009-01-12,0.0,0.0,0.0
2009-01-13,0.0,0.0,0.0
2009-01-14,0.0,0.0,0.0
2009-01-15,0.0,0.0,0.0
2009-01-16,0.0,0.0,0.0
2009-01-19,0.0,0.0,0.0
2009-01-20,0.0,0.0,0.0
2009-01-21,0.0,0.0,0.0
2009-01-22,0.0,0.0,0.0
2009-01-23,0.0,0.0,0.0
2009-02-02,0.0,0.0,0.0
2009-02-03,0.0,0.0,0.0
2009-02-04,0.0,0.0,0.0
2009-02-05,0.0,0.0,0.0
2009-02-06,0.0,0.0,0.0
2009-02-09,0.0,0.0,0.0
2009-02-10,0.0,0.0,0.0
2009-02-11,0.0,0.0,0.0
2009-02-12,0.0,0.0,0.0
2009-02-13,0.0,0.0,0.0
2009-02-16,0.0,0.0,0.0
2009-02-17,0.0,0.0,0.0
2009-02-18,0.0,0.0,0.0
2009-02-19,0.0,0.0,0.0
2009-02-20,0.0,0.0,0.0
2009-02-23,0.0,0.0,0.0
2009-02-24,0.0,0.0,0.0
2009-02-25,0.0,0.0,0.0
2009-02-26,0.0,0.0,0.0
2009-02-27,0.0,0.0,0.0
2009-03-02,0.0,0.0,0.0
2009-03-03,0.0,0.0,0.0
2009-03-04,0.0,0.0,0.0
2009-03-05,0.0,0.0,0.0
2009-03-06,0.0,0.0,0.0
2009-03-09,0.0,0.0,0.0
2009-03-10,0.0,0.0,0.0
2009-03-11,0.0,0.0,0.0
2009-03-12,0.0,0.0,0.0
2009-03-13,0.0,0.0,0.0
2009-03-16,0.0,0.0,0.0
2009-03-17,0.0,0.0,0.0
2009-03-18,0.0,0.0,0.0
2009-03-19,0.0,0.0,0.0
2009-03-20,0.0,0.0,0.0
2009-03-23,0.0,0.0,0.0
2009-03-24,0.0,0.0,0.0
2009-03-25,0.0,0.0,0.0
2009-03-26,0.0,0.0,0.0
2009-03-27,0.0,0.0,0.0
2009-03-30,0.0,0.0,0.0
2009-03-31,0.0,0.0,0.0
2009-04-01,0.0,0.0,0.0
2009-04-02,0.0,0.0,0.0
2009-04-03,0.0,0.0,0.0
2009-04-07,0.0,0.0,0.0
2009-04-08,0.0,0.0,0.0
2009-04-09,0.0,0.0,0.0
2009-04-10,0.0,0.0,0.0
2009-04-13,0.0,0.0,0.0
2009-04-14,0.0,0.0,0.0
2009-04-15,0.0,0.0,0.0
2009-04-16,0.0,0.0,0.0
2009-04-17,0.0,0.0,0.0
2009-04-20,0.0,0.0,0.0
2009-04-21,0.0,0.0,0.0
2009-04-22,0.0,0.0,0.0
2009-04-23,0.0,0.0,0.0
2009-04-24,0.0,0.0,0.0
2009-04-27,0.0,0.0,0.0
2009-04-28,0.0,0.0,0.0
2009-04-29,0.0,0.0,0.0
2009-04-30,0.0,0.0,0.0
2009-05-04,0.0,0.0,0.0
2009-05-05,0.0,0.0,0.0
2009-05-06,0.0,0.0,0.0
2009-05-07,0.0,0.0,0.0
2009-05-08,0.0,0.0,0.0
2009-05-11,0.0,0.0,0.0
2009-05-12,0.0,0.0,0.0
2009-05-13,0.0,0.0,0.0
2009-05-14,0.0,0.0,0.0
2009-05-15,0.0,0.0,0.0
2009-05-18,0.0,0.0,0.0
2009-05-19,0.0,0.0,0.0
2009-05-20,0.0,0.0,0.0
2009-05-21,0.0,0.0,0.0
2009-05-22,0.0,0.0,0.0
2009-05-25,0.0,0.0,0.0
2009-05-26,0.0,0.0,0.0
2009-05-27,0.0,0.0,0.0
2009-06-01,0.0,0.0,0.0
2009-06-02,0.0,0.0,0.0
2009-06-03,0.0,0.0,0.0
2009-06-04,0.0,0.0,0.0
2009-06-05,0.0,0.0,0.0
2009-06-08,0.0,0.0,0.0
2009-06-09,0.0,0.0,0.0
2009-06-10,0.0,0.0,0.0
2009-06-11,0.0,0.0,0.0
2009-06-12,0.0,0.0,0.0
2009-06-15,0.0,0.0,0.0
2009-06-16,0.0,0.0,0.0
2009-06-17,0.0,0.0,0.0
2009-06-18,0.0,0.0,0.0
2009-06-19,0.0,0.0,0.0
2009-06-22,0.0,0.0,0.0
2009-06-23,0.0,0.0,0.0
2009-06-24,0.0,0.0,0.0
2009-06-25,0.0,0.0,0.0
2009-06-26,0.0,0.0,0.0
2009-06-29,0.0,0.0,0.0
2009-06-30,0.0,0.0,0.0
2009-07-01,0.0,0.0,0.0
2009-07-02,0.0,0.0,0.0
2009-07-03,0.0,0.0,0.0
2009-07-06,0.0,0.0,0.0
2009-07-07,0.0,0.0,0.0
2009-07-08,0.0,0.0,0.0
2009-07-09,0.0,0.0,0.0
2009-07-10,0.0,0.0,0.0
2009-07-13,0.0,0.0,0.0
2009-07-14,0.0,0.0,0.0
2009-07-15,0.0,0.0,0.0
2009-07-16,0.0,0.0,0.0
2009-07-17,0.0,0.0,0.0
2009-07-20,0.0,0.0,0.0
2009-07-21,0.0,0.0,0.0
2009-07-22,0.0,0.0,0.0
2009-07-23,0.0,0.0,0.0
2009-07-24,0.0,0.0,0.0
2009-07-27,0.0,0.0,0.0
2009-07-28,0.0,0.0,0.0
2009-07-29,0.0,0.0,0.0
2009-07-30,0.0,0.0,0.0
2009-07-31,0.0,0.0,0.0
2009-08-03,0.0,0.0,0.0
2009-08-04,0.0,0.0,0.0
2009-08-05,0.0,0.0,0.0
2009-08-06,0.0,0.0,0.0
2009-08-07,0.0,0.0,0.0
2009-08-10,0.0,0.0,0.0
2009-08-11,0.0,0.0,0.0
2009-08-12,0.0,0.0,0.0
2009-08-13,0.0,0.0,0.0
2009-08-14,0.0,0.0,0.0
2009-08-17,0.0,0.0,0.0
2009-08-18,0.0,0.0,0.0
2009-08-19,0.0,0.0,0.0
2009-08-20,0.0,0.0,0.0
2009-08-21,0.0,0.0,0.0
2009-08-24,0.0,0.0,0.0
2009-08-25,0.0,0.0,0.0
2009-08-26,0.0,0.0,0.0
2009-08-27,0.0,0.0,0.0
2009-08-28,0.0,0.0,0.0
2009-08-31,0.0,0.0,0.0
2009-09-01,0.0,0.0,0.0
2009-09-02,0.0,0.0,0.0
2009-09-03,0.0,0.0,0.0
2009-09-04,0.0,0.0,0.0
2009-09-07,0.0,0.0,0.0
2009-09-08,0.0,0.0,0.0
2009-09-09,0.0,0.0,0.0
2009-09-10,0.0,0.0,0.0
2009-09-11,0.0,0.0,0.0
2009-09-14,0.0,0.0,0.0
2009-09-15,0.0,0.0,0.0
2009-09-16,0.0,0.0,0.0
2009-09-17,0.0,0.0,0.0
2009-09-18,0.0,0.0,0.0
2009-09-21,0.0,0.0,0.0
2009-09-22,0.0,0.0,0.0
2009-09-23,0.0,0.0,0.0
2009-09-24,0.0,0.0,0.0
2009-09-25,0.0,0.0,0.0
2009-09-28,0.0,0.0,0.0
2009-09-29,0.0,0.0,0.0
2009-09-30,0.0,0.0,0.0
2009-10-09,0.0,0.0,0.0
2009-10-12,0.0,0.0,0.0
2009-10-13,0.0,0.0,0.0
2009-10-15,0.0,0.0,0.0
2009-10-16,0.0,0.0,0.0
2009-10-19,0.0,0.0,0.0
2009-10-20,0.0,0.0,0.0
2009-10-21,0.0,0.0,0.0
2009-10-22,0.0,0.0,0.0
2009-10-23,0.0,0.0,0.0
2009-10-26,0.0,0.0,0.0
2009-10-27,0.0,0.0,0.0
2009-10-28,0.0,0.0,0.0
2009-10-29,0.0,0.0,0.0
2009-10-30,0.0,0.0,0.0
2009-11-02,0.0,0.0,0.0
2009-11-03,0.0,0.0,0.0
2009-11-04,0.0,0.0,0.0
2009-11-05,0.0,0.0,0.0
2009-11-06,0.0,0.0,0.0
2009-11-09,0.0,0.0,0.0
2009-11-10,0.0,0.0,0.0
2009-11-11,0.0,0.0,0.0
2009-11-12,0.0,0.0,0.0
2009-11-13,0.0,0.0,0.0
2009-11-16,0.0,0.0,0.0
2009-11-17,0.0,0.0,0.0
2009-11-18,0.0,0.0,0.0
2009-11-19,0.0,0.0,0.0
2009-11-20,0.0,0.0,0.0
2009-11-23,0.0,0.0,0.0
2009-11-24,0.0,0.0,0.0
2009-11-25,0.0,0.0,0.0
2009-11-26,0.0,0.0,0.0
2009-11-27,0.0,0.0,0.0
2009-11-30,0.0,0.0,0.0
2009-12-01,0.0,0.0,0.0
2009-12-02,0.0,0.0,0.0
2009-12-03,0.0,0.0,0.0
2009-12-04,0.0,0.0,0.0
2009-12-07,0.0,0.0,0.0
2009-12-08,0.0,0.0,0.0
2009-12-09,0.0,0.0,0.0
2009-12-10,0.0,0.0,0.0
2009-12-11,0.0,0.0,0.0
2009-12-14,0.0,0.0,0.0
2009-12-15,0.0,0.0,0.0
2009-12-16,0.0,0.0,0.0
2009-12-17,0.0,0.0,0.0
2009-12-18,0.0,0.0,0.0
2009-12-21,0.0,0.0,0.0
2009-12-22,0.0,0.0,0.0
2009-12-23,0.0,0.0,0.0
2009-12-24,0.0,0.0,0.0
2009-12-25,0.0,0.0,0.0
2009-12-28,0.0,0.0,0.0
2009-12-29,0.0,0.0,0.0
2009-12-30,0.0,0.0,0.0
2009-12-31,0.0,0.0,0.0
2010-01-04,0.0,0.0,0.0
2010-01-05,0.0,0.0,0.0
2010-01-06,0.0,0.0,0.0
2010-01-07,0.0,0.0,0.0
2010-01-08,0.0,0.0,0.0
2010-01-11,0.0,0.0,0.0
2010-01-12,0.0,0.0,0.0
2010-01-13,0.0,0.0,0.0
2010-01-14,0.0,0.0,0.0
2010-01-15,0.0,0.0,0.0
2010-01-18,0.0,0.0,0.0
2010-01-19,0.0,0.0,0.0
2010-01-20,-0.00924766722274,-0.00924766722274,0.00924766722274
2010-01-21,0.00157706223935,-0.0076706049834,0.0076706049834
2010-01-22,-0.0023293950166,-0.01,0.01
2010-01-25,0.0,-0.01,0.01
2010-01-26,0.0,-0.01,0.01
2010-01-27,0.0,-0.01,0.01
2010-01-28,0.0,-0.01,0.01
2010-01-29,0.0,-0.01,0.01
2010-02-01,0.0,-0.01,0.01
2010-02-02,0.0,-0.01,0.01
2010-02-03,0.0,-0.01,0.01
2010-02-04,0.0,-0.01,0.01
2010-02-05,0.0,-0.01,0.01
2010-02-08,0.0,-0.01,0.01
2010-02-09,0.0,-0.01,0.01
2010-02-10,0.0,-0.01,0.01
2010-02-11,0.0,-0.01,0.01
2010-02-12,0.0,-0.01,0.01
2010-02-22,0.0,-0.01,0.01
2010-02-23,0.0,-0.01,0.01
2010-02-24,0.0,-0.01,0.01
2010-02-25,0.0,-0.01,0.01
2010-02-26,0.0,-0.01,0.01
2010-03-01,0.0,-0.01,0.01
2010-03-02,0.0,-0.01,0.01
2010-03-03,0.0,-0.01,0.01
2010-03-04,0.0,-0.01,0.01
2010-03-05,0.0,-0.01,0.01
2010-03-08,0.0,-0.01,0.01
2010-03-09,0.0,-0.01,0.01
2010-03-10,0.0,-0.01,0.01
2010-03-11,0.0,-0.01,0.01
2010-03-12,0.0,-0.01,0.01
2010-03-15,0.0,-0.01,0.01
2010-03-16,0.0,-0.01,0.01
2010-03-17,0.0,-0.01,0.01
2010-03-18,0.00432903137156,-0.00567096862844,0.00567096862844
2010-03-19,-0.00522003249834,-0.0108910011268,0.0108910011268
2010-03-22,0.00328018153168,-0.00761081959511,0.00761081959511
2010-03-23,0.00150172952604,-0.00610909006906,0.00610909006906
2010-03-24,0.00171017929582,-0.00439891077324,0.00439891077324
2010-03-25,0.00440665365641,7.74288316967e-06,0.0
2010-03-26,-0.0054645352661,-0.00545679238293,0.0054645352661
2010-03-29,-0.0019587187924,-0.00741551117533,0.0074232540585
2010-03-30,-0.00105152509839,-0.00846703627372,0.00847477915689
2010-03-31,0.00255755033339,-0.00590948594033,0.0059172288235
2010-04-01,-0.00225734017726,-0.0081668261176,0.00817456900077
2010-04-02,-0.00179856309042,-0.00996538920802,0.00997313209119
2010-04-06,-0.00313200129246,-0.0130973905005,0.0131051333837
2010-04-07,0.000892857380117,-0.0122045331204,0.0122122760035
2010-04-08,-0.000148920328725,-0.0123534534491,0.0123611963323
2010-04-09,-0.00252488283457,-0.0148783362837,0.0148860791668
2010-04-12,-0.00273576487982,-0.0176141011635,0.0176218440467
2010-04-13,0.0,-0.0176141011635,0.0176218440467
2010-04-14,0.0,-0.0176141011635,0.0176218440467
2010-04-15,0.0,-0.0176141011635,0.0176218440467
2010-04-16,0.0,-0.0176141011635,0.0176218440467
2010-04-19,0.0,-0.0176141011635,0.0176218440467
2010-04-20,-0.00375772097857,-0.0213718221421,0.0213795650252
2010-04-21,0.000299535721874,-0.0210722864202,0.0210800293034
2010-04-22,0.00420294824644,-0.0168693381737,0.0168770810569
2010-04-23,0.00422068760423,-0.0126486505695,0.0126563934527
2010-04-26,-0.00361882180213,-0.0162674723716,0.0162752152548
2010-04-27,0.00499172199209,-0.0112757503796,0.0112834932627
2010-04-28,0.0112226079451,-5.31424344556e-05,6.08853176252e-05
2010-04-29,-0.00225368018553,-0.00230682261999,0.00231456550316
2010-04-30,0.0,-0.00230682261999,0.00231456550316
2010-05-04,0.0,-0.00230682261999,0.00231456550316
2010-05-05,0.00546965917065,0.00316283655066,0.0
2010-05-06,0.00693790231677,0.0101007388674,0.0
2010-05-07,0.0207841214623,0.0308848603297,0.0
2010-05-10,-0.0157079684304,0.0151768918993,0.0157079684304
2010-05-11,0.00159286531657,0.0167697572159,0.0141151031138
2010-05-12,0.00447714211244,0.0212468993283,0.0096379610014
2010-05-13,-0.00191755082982,0.0193293484985,0.0115555118312
2010-05-14,0.000850883252927,0.0201802317514,0.0107046285783
2010-05-17,0.0143625349572,0.0345427667086,0.0
2010-05-18,-0.0155555014815,0.0189872652272,0.0155555014815
2010-05-19,0.00427843338174,0.0232656986089,0.0112770680997
2010-05-20,-0.00230604615453,0.0209596524544,0.0135831142542
2010-05-21,0.00627168254788,0.0272313350023,0.00731143170637
2010-05-24,-0.0141379964639,0.0130933385384,0.0214494281702
2010-05-25,0.00918340333918,0.0222767418776,0.0122660248311
2010-05-26,-0.00460224349466,0.0176744983829,0.0168682683257
2010-05-27,-0.000983445416091,0.0166910529668,0.0178517137418
2010-05-28,-0.00225050828579,0.014440544681,0.0201022220276
2010-05-31,0.0,0.014440544681,0.0201022220276
2010-06-01,0.0088685094312,0.0233090541122,0.0112337125964
2010-06-02,0.0146230588417,0.0379321129539,0.0
2010-06-03,-0.00133824041384,0.0365938725401,0.00133824041384
2010-06-04,0.00690130464804,0.0434951771881,0.0
2010-06-07,0.0173952510569,0.060890428245,0.0
2010-06-08,-0.0071839322956,0.0537064959494,0.0071839322956
2010-06-09,-0.00748706301943,0.04621943293,0.014670995315
2010-06-10,0.0,0.04621943293,0.014670995315
2010-06-11,0.0,0.04621943293,0.014670995315
2010-06-17,0.0,0.04621943293,0.014670995315
2010-06-18,0.0,0.04621943293,0.014670995315
2010-06-21,0.0017878327699,0.0480072656999,0.0128831625451
2010-06-22,0.0,0.0480072656999,0.0128831625451
2010-06-23,0.0,0.0480072656999,0.0128831625451
2010-06-24,0.0,0.0480072656999,0.0128831625451
2010-06-25,0.0,0.0480072656999,0.0128831625451
2010-06-28,0.0,0.0480072656999,0.0128831625451
2010-06-29,0.0,0.0480072656999,0.0128831625451
2010-06-30,0.0,0.0480072656999,0.0128831625451
2010-07-01,0.0,0.0480072656999,0.0128831625451
2010-07-02,0.0,0.0480072656999,0.0128831625451
2010-07-05,0.0,0.0480072656999,0.0128831625451
2010-07-06,0.0,0.0480072656999,0.0128831625451
2010-07-07,0.0,0.0480072656999,0.0128831625451
2010-07-08,0.0,0.0480072656999,0.0128831625451
2010-07-09,0.0,0.0480072656999,0.0128831625451
2010-07-12,0.0,0.0480072656999,0.0128831625451
2010-07-13,0.0,0.0480072656999,0.0128831625451
2010-07-14,0.0,0.0480072656999,0.0128831625451
2010-07-15,0.0,0.0480072656999,0.0128831625451
2010-07-16,0.0,0.0480072656999,0.0128831625451
2010-07-19,0.0,0.0480072656999,0.0128831625451
2010-07-20,0.0,0.0480072656999,0.0128831625451
2010-07-21,0.0,0.0480072656999,0.0128831625451
2010-07-22,0.0,0.0480072656999,0.0128831625451
2010-07-23,0.0,0.0480072656999,0.0128831625451
2010-07-26,0.0,0.0480072656999,0.0128831625451
2010-07-27,0.0016286702553,0.0496359359552,0.0112544922898
2010-07-28,-0.00389867992106,0.0457372560341,0.0151531722109
2010-07-29,0.00153896484689,0.047276220881,0.013614207364
2010-07-30,0.000650830175577,0.0479270510566,0.0129633771884
2010-08-02,-0.00570734881855,0.042219702238,0.018670726007
2010-08-03,0.000748223284608,0.0429679255226,0.0179225027224
2010-08-04,-0.0015202479236,0.041447677599,0.019442750646
2010-08-05,0.000159591451318,0.0416072690503,0.0192831591946
2010-08-06,-0.000319131985442,0.0412881370649,0.0196022911801
2010-08-09,-0.000766807633533,0.0405213294314,0.0203690988136
2010-08-10,0.0,0.0405213294314,0.0203690988136
2010-08-11,0.000129192713764,0.0406505221451,0.0202399060999
2010-08-12,0.00281204349965,0.0434625656448,0.0174278626002
2010-08-13,-0.0041019515911,0.0393606140537,0.0215298141913
2010-08-16,0.000644537901325,0.040005151955,0.02088527629
2010-08-17,-0.000752081973628,0.0392530699814,0.0216373582636
2010-08-18,0.0,0.0392530699814,0.0216373582636
2010-08-19,0.000599292871319,0.0398523628527,0.0210380653923
2010-08-20,0.00324469187971,0.0430970547324,0.0177933735126
2010-08-23,-0.000326370803533,0.0427706839289,0.0181197443161
2010-08-24,0.000408030121587,0.0431787140505,0.0177117141945
2010-08-25,-0.000163291971841,0.0430154220786,0.0178750061664
2010-08-26,-0.000163185384384,0.0428522366942,0.0180381915507
2010-08-27,0.0,0.0428522366942,0.0180381915507
2010-08-30,0.0,0.0428522366942,0.0180381915507
2010-08-31,0.0,0.0428522366942,0.0180381915507
2010-09-01,0.00402643503001,0.0468786717242,0.0140117565207
2010-09-02,0.00416200376686,0.0510406754911,0.00984975275388
2010-09-03,0.00255264975878,0.0535933252499,0.0072971029951
2010-09-06,0.00825139559457,0.0618447208445,0.0
2010-09-07,0.0,0.0618447208445,0.0
2010-09-08,0.0,0.0618447208445,0.0
2010-09-09,0.014198474572,0.0760431954165,0.0
2010-09-10,0.0,0.0760431954165,0.0
2010-09-13,-0.000475209920136,0.0755679854963,0.000475209920136
2010-09-14,-0.00397774572056,0.0715902397758,0.00445295564069
2010-09-15,-0.000479463038179,0.0711107767376,0.00493241867887
2010-09-16,-0.000159923238209,0.0709508534994,0.00509234191708
2010-09-17,0.00191571115578,0.0728665646552,0.0031766307613
2010-09-20,0.0,0.0728665646552,0.0031766307613
2010-09-21,0.0,0.0728665646552,0.0031766307613
2010-09-27,0.00647616066773,0.0793427253229,0.0
2010-09-28,-0.00188590413365,0.0774568211892,0.00188590413365
2010-09-29,0.00204178075469,0.0794986019439,0.0
2010-09-30,-0.00089514235083,0.0786034595931,0.00089514235083
2010-10-08,0.00164861643132,0.0802520760244,0.0
2010-10-11,0.0160161522085,0.0962682282329,0.0
2010-10-12,-0.000910194426108,0.0953580338068,0.000910194426108
2010-10-13,0.0026215097812,0.097979543588,0.0
2010-10-14,0.000200803218924,0.0981803468069,0.0
2010-10-15,0.00114491216589,0.0993252589728,0.0
2010-10-18,0.0,0.0993252589728,0.0
2010-10-19,0.00182537724186,0.101150636215,0.0
2010-10-20,0.00209358259531,0.10324421881,0.0
2010-10-21,0.0,0.10324421881,0.0
2010-10-22,0.00446073161357,0.107704950424,0.0
2010-10-25,0.00450119367822,0.112206144102,0.0
2010-10-26,-0.00373973321565,0.108466410886,0.00373973321565
2010-10-27,-0.0045161707763,0.10395024011,0.00825590399194
2010-10-28,0.0,0.10395024011,0.00825590399194
2010-10-29,0.0,0.10395024011,0.00825590399194
2010-11-01,0.0,0.10395024011,0.00825590399194
2010-11-02,-0.00043123910446,0.103519001005,0.0086871430964
2010-11-03,0.0,0.103519001005,0.0086871430964
2010-11-04,0.0101769451624,0.113695946168,0.0
2010-11-05,0.0102642900706,0.123960236238,0.0
2010-11-08,-0.00525245565493,0.118707780583,0.00525245565493
2010-11-09,0.00156082618614,0.12026860677,0.00369162946879
2010-11-10,-0.00038952190624,0.119879084863,0.00408115137503
2010-11-11,0.00247850048259,0.122357585346,0.00160265089243
2010-11-12,-0.000686766945627,0.1216708184,0.00228941783806
2010-11-15,0.0,0.1216708184,0.00228941783806
2010-11-16,0.0,0.1216708184,0.00228941783806
2010-11-17,0.0,0.1216708184,0.00228941783806
2010-11-18,0.0,0.1216708184,0.00228941783806
2010-11-19,0.0,0.1216708184,0.00228941783806
2010-11-22,0.0,0.1216708184,0.00228941783806
2010-11-23,0.0,0.1216708184,0.00228941783806
2010-11-24,0.0,0.1216708184,0.00228941783806
2010-11-25,0.0,0.1216708184,0.00228941783806
2010-11-26,0.0,0.1216708184,0.00228941783806
2010-11-29,0.0,0.1216708184,0.00228941783806
2010-11-30,0.0,0.1216708184,0.00228941783806
2010-12-01,0.0,0.1216708184,0.00228941783806
2010-12-02,0.0,0.1216708184,0.00228941783806
2010-12-03,0.0,0.1216708184,0.00228941783806
2010-12-06,0.0,0.1216708184,0.00228941783806
2010-12-07,0.0,0.1216708184,0.00228941783806
2010-12-08,0.0,0.1216708184,0.00228941783806
2010-12-09,0.0,0.1216708184,0.00228941783806
2010-12-10,0.0,0.1216708184,0.00228941783806
2010-12-13,0.0,0.1216708184,0.00228941783806
2010-12-14,0.0,0.1216708184,0.00228941783806
2010-12-15,0.000226825964448,0.121897644365,0.00206259187361
2010-12-16,0.0,0.121897644365,0.00206259187361
2010-12-17,0.000604047280976,0.122501691646,0.00145854459264
2010-12-20,-0.000402576538467,0.122099115107,0.0018611211311
2010-12-21,0.00120554784544,0.123304662953,0.000655573285661
2010-12-22,0.000825454749625,0.124130117702,0.0
2010-12-23,0.00149387955717,0.125623997259,0.0
2010-12-24,-0.000671141342667,0.124952855917,0.000671141342667
2010-12-27,-0.000672947916428,0.124279908,0.00134408925909
2010-12-28,0.0,0.124279908,0.00134408925909
2010-12-29,0.0,0.124279908,0.00134408925909
2010-12-30,0.0,0.124279908,0.00134408925909
2010-12-31,0.0,0.124279908,0.00134408925909
2011-01-04,-0.00108690378402,0.123193004216,0.00243099304312
2011-01-05,0.00163035567604,0.124823359892,0.000800637367083
2011-01-06,-0.00434055000819,0.120482809884,0.00514118737527
2011-01-07,0.00806786565987,0.128550675544,0.0
2011-01-10,-0.00118588824629,0.127364787298,0.00118588824629
2011-01-11,0.00177883236944,0.129143619667,0.0
2011-01-12,-0.00727959620971,0.121864023458,0.00727959620971
2011-01-13,0.000391581053353,0.122255604511,0.00688801515635
2011-01-14,0.0012758247088,0.12353142922,0.00561219044755
2011-01-17,0.00177462708425,0.125306056304,0.0038375633633
2011-01-18,0.0,0.125306056304,0.0038375633633
2011-01-19,0.0,0.125306056304,0.0038375633633
2011-01-20,0.0,0.125306056304,0.0038375633633
2011-01-21,0.0,0.125306056304,0.0038375633633
2011-01-24,0.0,0.125306056304,0.0038375633633
2011-01-25,0.0,0.125306056304,0.0038375633633
2011-01-26,0.0,0.125306056304,0.0038375633633
2011-01-27,0.0,0.125306056304,0.0038375633633
2011-01-28,0.0,0.125306056304,0.0038375633633
2011-01-31,0.0,0.125306056304,0.0038375633633
2011-02-01,0.0,0.125306056304,0.0038375633633
2011-02-09,0.0,0.125306056304,0.0038375633633
2011-02-10,0.0,0.125306056304,0.0038375633633
2011-02-11,-0.000585823349494,0.124720232954,0.00442338671279
2011-02-14,-0.000511471755198,0.124208761199,0.00493485846799
2011-02-15,0.00109729510469,0.125306056304,0.0038375633633
2011-02-16,0.0,0.125306056304,0.0038375633633
2011-02-17,0.0,0.125306056304,0.0038375633633
2011-02-18,0.0,0.125306056304,0.0038375633633
2011-02-21,-0.00159577737761,0.123710278926,0.0054333407409
2011-02-22,-0.00151839588531,0.122191883041,0.00695173662622
2011-02-23,0.0,0.122191883041,0.00695173662622
2011-02-24,-0.00132100473142,0.12087087831,0.00827274135764
2011-02-25,-0.000780869073552,0.120090009236,0.00905361043119
2011-02-28,-0.000389749630295,0.119700259606,0.00944336006148
2011-03-01,0.00244344543277,0.122143705039,0.00699991462871
2011-03-02,0.0,0.122143705039,0.00699991462871
2011-03-03,0.00132606531241,0.123469770351,0.0056738493163
2011-03-04,-0.00132606531241,0.122143705039,0.00699991462871
2011-03-07,0.00339584946262,0.125539554501,0.00360406516609
2011-03-08,0.00536198168149,0.130901536183,0.0
2011-03-09,-0.00387830106759,0.127023235115,0.00387830106759
2011-03-10,0.0011901225494,0.128213357664,0.00268817851819
2011-03-11,0.00049684512602,0.12871020279,0.00219133339217
2011-03-14,0.00189479443141,0.130604997222,0.000296538960758
2011-03-15,0.00664461605934,0.137249613281,0.0
2011-03-16,-0.00192006998484,0.135329543296,0.00192006998484
2011-03-17,0.00192006998484,0.137249613281,0.0
2011-03-18,-0.00212154072735,0.135128072554,0.00212154072735
2011-03-21,0.0,0.135128072554,0.00212154072735
2011-03-22,0.0,0.135128072554,0.00212154072735
2011-03-23,0.0,0.135128072554,0.00212154072735
2011-03-24,0.000808866653325,0.135936939207,0.00131267407403
2011-03-25,0.000894055073313,0.13683099428,0.000418619000712
2011-03-28,-0.00278941655684,0.134041577724,0.00320803555755
2011-03-29,0.00338412382134,0.137425701545,0.0
2011-03-30,9.90148034414e-05,0.137524716348,0.0
2011-03-31,-0.00119012325176,0.136334593097,0.00119012325176
2011-04-01,-0.00039765388949,0.135936939207,0.00158777714125
2011-04-06,0.00223314350672,0.138170082714,0.0
2011-04-07,0.0,0.138170082714,0.0
2011-04-08,0.0,0.138170082714,0.0
2011-04-11,0.0,0.138170082714,0.0
2011-04-12,0.0,0.138170082714,0.0
2011-04-13,0.0,0.138170082714,0.0
2011-04-14,0.000969716268789,0.139139798983,0.0
2011-04-15,0.000224315851747,0.139364114834,0.0
2011-04-18,0.0,0.139364114834,0.0
2011-04-19,0.0,0.139364114834,0.0
2011-04-20,0.0,0.139364114834,0.0
2011-04-21,0.0,0.139364114834,0.0
2011-04-22,0.0,0.139364114834,0.0
2011-04-25,0.0,0.139364114834,0.0
2011-04-27,0.0,0.139364114834,0.0
2011-04-28,0.0,0.139364114834,0.0
2011-04-29,0.0,0.139364114834,0.0
2011-05-03,0.0,0.139364114834,0.0
2011-05-04,0.0,0.139364114834,0.0
2011-05-05,0.00178785028941,0.141151965124,0.0
2011-05-06,0.00165017100784,0.142802136132,0.0
2011-05-09,-0.00120120351214,0.14160093262,0.00120120351214
2011-05-10,-0.000149745437241,0.141451187182,0.00135094894938
2011-05-11,0.0,0.141451187182,0.00135094894938
2011-05-12,0.00450451804516,0.145955705227,0.0
2011-05-13,-0.00607472947559,0.139880975752,0.00607472947559
2011-05-16,0.0053924636363,0.145273439388,0.000682265839292
2011-05-17,-0.000600600618654,0.14467283877,0.00128286645795
2011-05-18,0.00541843589378,0.150091274663,0.0
2011-05-19,-0.00211065961064,0.147980615053,0.00211065961064
2011-05-20,-0.000301159466211,0.147679455586,0.00241181907685
2011-05-23,0.00361991345513,0.151299369042,0.0
2011-05-24,-0.00752675538913,0.143772613652,0.00752675538913
2011-05-25,0.000299985003,0.144072598655,0.00722677038613
2011-05-26,-0.00237492563352,0.141697673022,0.00960169601965
2011-05-27,0.000798642403589,0.142496315426,0.00880305361606
2011-05-30,-0.00177420802201,0.140722107404,0.0105772616381
2011-05-31,-0.00318313546146,0.137538971942,0.0137603970995
2011-06-01,-0.000198442229972,0.137340529712,0.0139588393295
2011-06-02,0.0,0.137340529712,0.0139588393295
2011-06-03,-0.00375922250469,0.133581307207,0.0177180618342
2011-06-07,-0.00520545291693,0.12837585429,0.0229235147511
2011-06-08,0.0,0.12837585429,0.0229235147511
2011-06-09,0.0,0.12837585429,0.0229235147511
2011-06-10,0.0,0.12837585429,0.0229235147511
2011-06-13,-0.00126687284007,0.12710898145,0.0241903875912
2011-06-14,0.000585308900755,0.127694290351,0.0236050786904
2011-06-15,-0.00036576451294,0.127328525838,0.0239708432034
2011-06-16,0.0,0.127328525838,0.0239708432034
2011-06-17,0.000517216085177,0.127845741923,0.0234536271182
2011-06-20,-0.000886918483342,0.12695882344,0.0243405456015
2011-06-21,0.00213708007331,0.129095903513,0.0222034655282
2011-06-22,-0.000293685790015,0.128802217723,0.0224971513183
2011-06-23,0.0,0.128802217723,0.0224971513183
2011-06-24,0.0,0.128802217723,0.0224971513183
2011-06-27,0.0,0.128802217723,0.0224971513183
2011-06-28,0.0020551996053,0.130857417329,0.020441951713
2011-06-29,0.00272904864527,0.133586465974,0.0177129030677
2011-06-30,0.00252415232856,0.136110618302,0.0151887507391
2011-07-01,0.00282896026691,0.138939578569,0.0123597904722
2011-07-04,0.0063510606089,0.145290639178,0.00600872986332
2011-07-05,-0.00362651797673,0.141664121202,0.00963524784005
2011-07-06,0.00201700658656,0.143681127788,0.00761824125349
2011-07-07,-0.000958267617437,0.142722860171,0.00857650887093
2011-07-08,0.00057512584444,0.143297986015,0.00800138302649
2011-07-11,-0.00265804465142,0.140639941364,0.0106594276779
2011-07-12,-0.0014461338662,0.139193807497,0.0121055615441
2011-07-13,0.00288602091437,0.142079828412,0.00921954062974
2011-07-14,-0.000191625951431,0.14188820246,0.00941116658117
2011-07-15,0.00430047049824,0.146188672959,0.00511069608293
2011-07-18,0.0116528247669,0.157841497726,0.0
2011-07-19,-0.00169683298632,0.156144664739,0.00169683298632
2011-07-20,-0.00118004038849,0.154964624351,0.00287687337481
2011-07-21,-0.00175533972368,0.153209284627,0.00463221309849
2011-07-22,0.0,0.153209284627,0.00463221309849
2011-07-25,0.0,0.153209284627,0.00463221309849
2011-07-27,0.00590226939524,0.159111554022,0.0
2011-07-28,0.0,0.159111554022,0.0
2011-07-29,-0.00217284681231,0.15693870721,0.00217284681231
2011-08-01,0.00346331764417,0.160402024854,0.0
2011-08-02,-0.00782268394323,0.152579340911,0.00782268394323
2011-08-03,0.0,0.152579340911,0.00782268394323
2011-08-04,0.00109653243006,0.153675873341,0.00672615151316
2011-08-05,0.0,0.153675873341,0.00672615151316
2011-08-08,0.0,0.153675873341,0.00672615151316
2011-08-09,0.0,0.153675873341,0.00672615151316
2011-08-10,0.0,0.153675873341,0.00672615151316
2011-08-11,0.0,0.153675873341,0.00672615151316
2011-08-12,0.0,0.153675873341,0.00672615151316
2011-08-15,0.0,0.153675873341,0.00672615151316
2011-08-16,0.0,0.153675873341,0.00672615151316
2011-08-17,0.0,0.153675873341,0.00672615151316
2011-08-18,0.0,0.153675873341,0.00672615151316
2011-08-19,0.0,0.153675873341,0.00672615151316
2011-08-22,0.0,0.153675873341,0.00672615151316
2011-08-23,0.0,0.153675873341,0.00672615151316
2011-08-24,0.0,0.153675873341,0.00672615151316
2011-08-25,0.0,0.153675873341,0.00672615151316
2011-08-26,0.0,0.153675873341,0.00672615151316
2011-08-29,0.0,0.153675873341,0.00672615151316
2011-08-30,0.0,0.153675873341,0.00672615151316
2011-08-31,0.0,0.153675873341,0.00672615151316
2011-09-01,0.0,0.153675873341,0.00672615151316
2011-09-02,0.0,0.153675873341,0.00672615151316
2011-09-05,0.0,0.153675873341,0.00672615151316
2011-09-06,0.0,0.153675873341,0.00672615151316
2011-09-07,0.0,0.153675873341,0.00672615151316
2011-09-08,0.0,0.153675873341,0.00672615151316
2011-09-09,0.0,0.153675873341,0.00672615151316
2011-09-13,0.0,0.153675873341,0.00672615151316
2011-09-14,0.0,0.153675873341,0.00672615151316
2011-09-15,0.0,0.153675873341,0.00672615151316
2011-09-16,-0.00043246362794,0.153243409713,0.0071586151411
2011-09-19,0.00948112530887,0.162724535022,0.0
2011-09-20,-0.00349855030311,0.159225984719,0.00349855030311
2011-09-21,-0.00367310387398,0.155552880845,0.00717165417709
2011-09-22,0.00600342957908,0.161556310424,0.001168224598
2011-09-23,0.025377233764,0.186933544188,0.0
2011-09-26,0.0203684387325,0.20730198292,0.0
2011-09-27,0.0,0.20730198292,0.0
2011-09-28,-0.00130817777967,0.205993805141,0.00130817777967
2011-09-29,0.00241912159446,0.208412926735,0.0
2011-09-30,-0.0033217850015,0.205091141734,0.0033217850015
2011-10-10,-0.000700385469542,0.204390756264,0.00402217047104
2011-10-11,-0.000299715290685,0.204091040974,0.00432188576172
2011-10-12,-0.000822492143106,0.20326854883,0.00514437790483
2011-10-13,0.00169635650249,0.204964905333,0.00344802140234
2011-10-14,-0.00104931832846,0.203915587004,0.0044973397308
2011-10-17,0.00195049009539,0.2058660771,0.00254684963541
2011-10-18,0.00696347918734,0.212829556287,0.0
2011-10-19,-0.00106593614302,0.211763620144,0.00106593614302
2011-10-20,0.00890140145297,0.220665021597,0.0
2011-10-21,-0.00447050920186,0.216194512395,0.00447050920186
2011-10-24,-0.00284373881536,0.21335077358,0.00731424801721
2011-10-25,0.0,0.21335077358,0.00731424801721
2011-10-26,0.0,0.21335077358,0.00731424801721
2011-10-27,-0.000914077800778,0.212436695779,0.00822832581799
2011-10-28,0.000925694728717,0.213362390508,0.00730263108927
2011-10-31,0.0,0.213362390508,0.00730263108927
2011-11-01,0.000814996331022,0.214177386839,0.00648763475825
2011-11-02,0.00112388356789,0.215301270407,0.00536375119036
2011-11-03,0.0029812586288,0.218282529036,0.00238249256157
2011-11-04,-0.00492013852771,0.213362390508,0.00730263108927
2011-11-07,0.00321544516514,0.216577835673,0.00408718592413
2011-11-08,0.00164052169322,0.218218357366,0.00244666423091
2011-11-09,-0.00138397750979,0.216834379856,0.00383064174071
2011-11-10,0.0134434005628,0.230277780419,0.0
2011-11-11,-0.00531069412752,0.224967086292,0.00531069412752
2011-11-14,-0.00369689556472,0.221270190727,0.00900758969224
2011-11-15,0.00235717098082,0.223627361708,0.00665041871142
2011-11-16,0.0021668548677,0.225794216575,0.00448356384372
2011-11-17,-0.0006205400489,0.225173676527,0.00510410389262
2011-11-18,0.0,0.225173676527,0.00510410389262
2011-11-21,0.0001041829461,0.225277859473,0.00499992094652
2011-11-22,0.00166927578085,0.226947135254,0.00333064516567
2011-11-23,0.00356115012793,0.230508285381,0.0
2011-11-24,-0.000419947520448,0.230088337861,0.000419947520448
2011-11-25,0.00294520306507,0.233033540926,0.0
2011-11-28,-0.000767957648873,0.232265583277,0.000767957648873
2011-11-29,-0.00357012456076,0.228695458716,0.00433808220963
2011-11-30,0.0033595871623,0.232055045879,0.000978495047328
2011-12-01,0.00262231083459,0.234677356713,0.0
2011-12-02,0.0,0.234677356713,0.0
2011-12-05,0.000718501689534,0.235395858403,0.0
2011-12-06,0.00102912503275,0.236424983436,0.0
2011-12-07,-0.000514959678092,0.235910023758,0.000514959678092
2011-12-08,0.000721166510114,0.236631190268,0.0
2011-12-09,0.000412796750383,0.237043987018,0.0
2011-12-12,0.00113783405027,0.238181821068,0.0
2011-12-13,0.00228738680913,0.240469207877,0.0
2011-12-14,0.00293410675766,0.243403314635,0.0
2011-12-15,0.00804753524651,0.251450849882,0.0
2011-12-16,-0.0118733436885,0.239577506193,0.0118733436885
2011-12-19,0.00464725160273,0.244224757796,0.00722609208578
2011-12-20,-0.00158856268514,0.242636195111,0.00881465477092
2011-12-21,-0.00486859930153,0.237767595809,0.0136832540724
2011-12-22,0.00189723448204,0.239664830291,0.0117860195904
2011-12-23,-0.00425630130607,0.235408528985,0.0160423208965
2011-12-26,0.00231263410559,0.237721163091,0.0137296867909
2011-12-27,-0.0014735315018,0.236247631589,0.0152032182927
2011-12-28,-0.000943842065246,0.235303789524,0.0161470603579
2011-12-29,0.00125905091458,0.236562840438,0.0148880094433
2011-12-30,0.000210304949142,0.236773145387,0.0146777044942
2012-01-04,-0.00146935586372,0.235303789524,0.0161470603579
2012-01-05,-0.000941177095869,0.234362612428,0.0170882374538
2012-01-06,0.000522548050788,0.234885160479,0.016565689403
2012-01-09,-0.000209117530907,0.234676042948,0.0167748069339
2012-01-10,-0.00260295976247,0.232073083185,0.0193777666964
2012-01-11,-0.00188574718477,0.230187336,0.0212635138812
2012-01-12,0.0,0.230187336,0.0212635138812
2012-01-13,0.0,0.230187336,0.0212635138812
2012-01-16,0.0,0.230187336,0.0212635138812
2012-01-17,0.0,0.230187336,0.0212635138812
2012-01-18,0.0,0.230187336,0.0212635138812
2012-01-19,0.0,0.230187336,0.0212635138812
2012-01-20,0.0,0.230187336,0.0212635138812
2012-01-30,0.0,0.230187336,0.0212635138812
2012-01-31,0.0,0.230187336,0.0212635138812
2012-02-01,0.0,0.230187336,0.0212635138812
2012-02-02,0.0,0.230187336,0.0212635138812
2012-02-03,0.0,0.230187336,0.0212635138812
2012-02-06,0.0,0.230187336,0.0212635138812
2012-02-07,0.0,0.230187336,0.0212635138812
2012-02-08,0.0,0.230187336,0.0212635138812
2012-02-09,0.0,0.230187336,0.0212635138812
2012-02-10,0.0,0.230187336,0.0212635138812
2012-02-13,0.0,0.230187336,0.0212635138812
2012-02-14,0.0,0.230187336,0.0212635138812
2012-02-15,0.0,0.230187336,0.0212635138812
2012-02-16,0.0,0.230187336,0.0212635138812
2012-02-17,0.0,0.230187336,0.0212635138812
2012-02-20,0.0,0.230187336,0.0212635138812
2012-02-21,0.0,0.230187336,0.0212635138812
2012-02-22,0.0,0.230187336,0.0212635138812
2012-02-23,0.0,0.230187336,0.0212635138812
2012-02-24,0.0,0.230187336,0.0212635138812
2012-02-27,0.0,0.230187336,0.0212635138812
2012-02-28,0.0,0.230187336,0.0212635138812
2012-02-29,0.0,0.230187336,0.0212635138812
2012-03-01,0.0,0.230187336,0.0212635138812
2012-03-02,0.0,0.230187336,0.0212635138812
2012-03-05,0.0,0.230187336,0.0212635138812
2012-03-06,0.0,0.230187336,0.0212635138812
2012-03-07,0.0,0.230187336,0.0212635138812
2012-03-08,0.0,0.230187336,0.0212635138812
2012-03-09,0.0,0.230187336,0.0212635138812
2012-03-12,0.0,0.230187336,0.0212635138812
2012-03-13,0.000514800617125,0.230702136618,0.020748713264
2012-03-14,-0.00072094368698,0.229981192931,0.021469656951
2012-03-15,0.000103087470539,0.230084280401,0.0213665694805
2012-03-16,-0.000412541306783,0.229671739094,0.0217791107873
2012-03-19,0.000309453836244,0.229981192931,0.021469656951
2012-03-20,-0.000103119361482,0.229878073569,0.0215727763125
2012-03-21,0.0,0.229878073569,0.0215727763125
2012-03-22,-0.0011364234366,0.228741650133,0.0227091997491
2012-03-23,0.00031036624212,0.229052016375,0.022398833507
2012-03-26,0.0037094451437,0.232761461518,0.0186893883633
2012-03-27,0.000461751610469,0.233223213129,0.0182276367528
2012-03-28,-0.0021584985727,0.231064714556,0.0203861353255
2012-03-29,-0.000206079347111,0.230858635209,0.0205922146726
2012-03-30,-0.000154631205809,0.230704004003,0.0207468458784
2012-04-05,-0.00196474380933,0.228739260194,0.0227115896877
2012-04-06,0.00247986264671,0.231219122841,0.020231727041
2012-04-09,-0.000412031366843,0.230807091474,0.0206437584079
2012-04-10,-0.000541712021272,0.230265379452,0.0211854704291
2012-04-11,-0.00147630576639,0.228789073686,0.0226617761955
2012-04-12,0.00209530948715,0.230884383173,0.0205664667084
2012-04-13,-0.000309262431338,0.230575120742,0.0208757291397
2012-04-16,-0.00170755087923,0.228867569863,0.022583280019
2012-04-17,0.0,0.228867569863,0.022583280019
2012-04-18,0.00124378253762,0.2301113524,0.0213394974813
2012-04-19,-0.0007249756884,0.229386376712,0.0220644731697
2012-04-20,0.000103664542379,0.229490041254,0.0219608086274
2012-04-23,0.000207232417824,0.229697273672,0.0217535762095
2012-04-24,0.000853110801487,0.230550384474,0.020900465408
2012-04-25,0.0,0.230550384474,0.020900465408
2012-04-26,0.000721835806702,0.23127222028,0.0201786296013
2012-04-27,-0.000103023747794,0.231169196532,0.0202816533491
2012-05-02,0.00184786797564,0.233017064508,0.0184337853735
2012-05-03,-0.000153468390332,0.232863596118,0.0185872537638
2012-05-04,0.000766401581209,0.233629997699,0.0178208521826
2012-05-07,-0.0009199642396,0.232710033459,0.0187408164222
2012-05-08,-0.000538213340275,0.232171820119,0.0192790297625
2012-05-09,-0.00185242835496,0.230319391764,0.0211314581175
2012-05-10,0.0,0.230319391764,0.0211314581175
2012-05-11,0.0,0.230319391764,0.0211314581175
2012-05-14,0.0,0.230319391764,0.0211314581175
2012-05-15,0.0,0.230319391764,0.0211314581175
2012-05-16,0.0,0.230319391764,0.0211314581175
2012-05-17,0.0,0.230319391764,0.0211314581175
2012-05-18,0.0,0.230319391764,0.0211314581175
2012-05-21,0.0,0.230319391764,0.0211314581175
2012-05-22,0.0,0.230319391764,0.0211314581175
2012-05-23,0.0,0.230319391764,0.0211314581175
2012-05-24,0.0,0.230319391764,0.0211314581175
2012-05-25,0.0,0.230319391764,0.0211314581175
2012-05-28,0.0,0.230319391764,0.0211314581175
2012-05-29,0.0,0.230319391764,0.0211314581175
2012-05-30,0.0,0.230319391764,0.0211314581175
2012-05-31,0.0,0.230319391764,0.0211314581175
2012-06-01,0.0,0.230319391764,0.0211314581175
2012-06-04,0.001171049152,0.231490440916,0.0199604089655
2012-06-05,-0.00172810268639,0.22976233823,0.0216885116518
2012-06-06,0.0,0.22976233823,0.0216885116518
2012-06-07,0.000225137984054,0.229987476214,0.0214633736678
2012-06-08,0.000393638878367,0.230381115092,0.0210697347894
2012-06-11,-0.00133553963598,0.229045575456,0.0224052744254
2012-06-12,-0.000222125197316,0.228823450259,0.0226273996227
2012-06-13,-0.000734561397009,0.228088888862,0.0233619610197
2012-06-14,0.000734561397009,0.228823450259,0.0226273996227
2012-06-15,-0.000210039914532,0.228613410344,0.0228374395373
2012-06-18,0.00157853491528,0.23019194526,0.021258904622
2012-06-19,0.00317967434892,0.233371619609,0.0180792302731
2012-06-20,-0.00445790548205,0.228913714127,0.0225371357551
2012-06-21,0.00830283763933,0.237216551766,0.0142342981158
2012-06-25,0.00171600266345,0.238932554429,0.0125182954523
2012-06-26,0.0198368947819,0.258769449211,0.0
2012-06-27,0.000221300140345,0.258990749352,0.0
2012-06-28,-0.012925364787,0.246065384564,0.012925364787
2012-06-29,-0.000650406710421,0.245414977854,0.0135757714974
2012-07-02,-0.00162179837292,0.243793179481,0.0151975698704
2012-07-03,-0.00129282644286,0.242500353038,0.0164903963132
2012-07-04,-0.00400649383226,0.238493859206,0.0204968901455
2012-07-05,-0.000558659450354,0.237935199756,0.0210555495958
2012-07-06,0.00119865979988,0.239133859556,0.019856889796
2012-07-09,0.00112395821943,0.240257817775,0.0187329315765
2012-07-10,0.000501080299691,0.240758898075,0.0182318512768
2012-07-12,0.000564971991859,0.241323870067,0.017666879285
2012-07-13,-0.00161342508505,0.239710444981,0.01928030437
2012-07-16,-0.00271867670817,0.236991768273,0.0219989810782
2012-07-17,0.000400833820035,0.237392602093,0.0215981472581
2012-07-18,0.000481618274516,0.237874220368,0.0211165289836
2012-07-19,-0.00160359342074,0.236270626947,0.0227201224044
2012-07-20,0.00129498622121,0.237565613168,0.0214251361832
2012-07-23,0.00379713229422,0.241362745463,0.0176280038889
2012-07-24,-0.0014631777634,0.239899567699,0.0190911816523
2012-07-25,0.00456624178164,0.244465809481,0.0145249398707
2012-07-26,-0.00416286182143,0.240302947659,0.0186878016921
2012-07-27,-0.00166136899829,0.238641578661,0.0203491706904
2012-07-30,0.00056716925963,0.239208747921,0.0197820014308
2012-07-31,-0.000648088502933,0.238560659418,0.0204300899337
2012-08-01,0.00105399864244,0.23961465806,0.0193760912913
2012-08-02,0.00114006712232,0.240754725183,0.018236024169
2012-08-03,0.000980072011405,0.241734797194,0.0172559521576
2012-08-06,0.00163524959775,0.243370046792,0.0156207025598
2012-08-07,-0.000163105530724,0.243206941261,0.0157838080905
2012-08-08,-0.00179065794514,0.241416283316,0.0175744660357
2012-08-09,-0.00141681223635,0.239999471079,0.018991278272
2012-08-10,0.00151171838846,0.241511189468,0.0174795598836
2012-08-13,0.00097497593454,0.242486165402,0.016504583949
2012-08-14,0.000488122373234,0.242974287776,0.0160164615758
2012-08-15,0.00073277973587,0.243707067512,0.0152836818399
2012-08-16,0.0071206951646,0.250827762676,0.00816298667531
2012-08-17,-0.00623054975063,0.244597212926,0.0143935364259
2012-08-20,0.0042588106958,0.248856023621,0.0101347257301
2012-08-21,-0.00131233614635,0.247543687475,0.0114470618765
2012-08-22,-0.00131061617712,0.246233071298,0.0127576780536
2012-08-23,-0.00513204656835,0.24110102473,0.017889724622
2012-08-24,0.00016278691337,0.241263811643,0.0177269377086
2012-08-27,-0.000813405092356,0.240450406551,0.018540342801
2012-08-28,-0.000649772671043,0.23980063388,0.019190115472
2012-08-29,-0.0006489293578,0.239151704522,0.0198390448298
2012-08-30,0.00021620453138,0.239367909053,0.0196228402984
2012-08-31,0.00216591050378,0.241533819557,0.0174569297946
2012-09-03,-0.00281431386175,0.238719505695,0.0202712436564
2012-09-04,-0.00194049402685,0.236779011668,0.0222117376832
2012-09-05,-0.000322684748213,0.23645632692,0.0225344224315
2012-09-06,-0.00576536617054,0.23069096075,0.028299788602
2012-09-07,-7.99105009199e-05,0.230611050249,0.0283796991029
2012-09-10,-0.00210860767085,0.228502442578,0.0304883067738
2012-09-11,0.0,0.228502442578,0.0304883067738
2012-09-12,0.0,0.228502442578,0.0304883067738
2012-09-13,0.0,0.228502442578,0.0304883067738
2012-09-14,0.0,0.228502442578,0.0304883067738
2012-09-17,0.0,0.228502442578,0.0304883067738
2012-09-18,0.0,0.228502442578,0.0304883067738
2012-09-19,0.0,0.228502442578,0.0304883067738
2012-09-20,0.0,0.228502442578,0.0304883067738
2012-09-21,0.0,0.228502442578,0.0304883067738
2012-09-24,0.00159210619503,0.230094548773,0.0288962005787
2012-09-25,0.000798594643495,0.230893143416,0.0280976059352
2012-09-26,-0.00143655326274,0.229456590154,0.029534159198
2012-09-27,-0.000212449550425,0.229244140603,0.0297466087484
2012-09-28,-0.00137763137861,0.227866509224,0.031124240127
2012-10-08,0.00233472248119,0.230201231706,0.0287895176458
2012-10-09,0.00143977063171,0.231641002337,0.0273497470141
2012-10-10,0.0,0.231641002337,0.0273497470141
2012-10-11,0.0,0.231641002337,0.0273497470141
2012-10-12,-0.0006462037565,0.230994798581,0.0279959507706
2012-10-15,0.0,0.230994798581,0.0279959507706
2012-10-16,0.0,0.230994798581,0.0279959507706
2012-10-17,-0.000107822525065,0.230886976056,0.0281037732957
2012-10-18,0.00118413386812,0.232071109924,0.0269196394276
2012-10-19,-0.000645369675622,0.231425740248,0.0275650091032
2012-10-22,-0.000970403402486,0.230455336846,0.0285354125057
2012-10-23,-0.00140670013454,0.229048636711,0.0299421126402
2012-10-24,0.00064998395636,0.229698620668,0.0292921286838
2012-10-25,-0.000324833548526,0.229373787119,0.0296169622324
2012-10-26,-0.00043043416194,0.228943352957,0.0300473963943
2012-10-29,0.0,0.228943352957,0.0300473963943
2012-10-30,0.0,0.228943352957,0.0300473963943
2012-10-31,0.0,0.228943352957,0.0300473963943
2012-11-01,0.0,0.228943352957,0.0300473963943
2012-11-02,0.0,0.228943352957,0.0300473963943
2012-11-05,0.0,0.228943352957,0.0300473963943
2012-11-06,0.0,0.228943352957,0.0300473963943
2012-11-07,0.0,0.228943352957,0.0300473963943
2012-11-08,0.0,0.228943352957,0.0300473963943
2012-11-09,3.74906650008e-05,0.228980843622,0.0300099057293
2012-11-12,0.000164095837857,0.22914493946,0.0298458098914
2012-11-13,-0.000573864819942,0.22857107464,0.0304196747114
2012-11-14,-0.00141635556563,0.227154719074,0.031836030277
2012-11-15,-0.00303721102391,0.224117508051,0.0348732413009
2012-11-16,0.000649667097053,0.224767175148,0.0342235742039
2012-11-19,0.00141347788667,0.226180653034,0.0328100963172
2012-11-20,0.000979112584419,0.227159765619,0.0318309837328
2012-11-21,0.000817394329501,0.227977159948,0.0310135894033
2012-11-22,-0.000327118101298,0.227650041847,0.0313407075046
2012-11-23,0.000327118101298,0.227977159948,0.0310135894033
2012-11-26,-0.00174292038271,0.226234239566,0.032756509786
2012-11-27,0.000217616018471,0.226451855584,0.0325388937675
2012-11-28,0.000217687076764,0.226669542661,0.0323212066908
2012-11-29,0.0,0.226669542661,0.0323212066908
2012-11-30,-0.00325521983122,0.22341432283,0.035576426522
2012-12-03,0.000812480403125,0.224226803233,0.0347639461188
2012-12-04,0.00171469632363,0.225941499556,0.0330492497952
2012-12-05,0.0,0.225941499556,0.0330492497952
2012-12-06,0.00415233817937,0.230093837736,0.0288969116158
2012-12-07,-0.0010952305185,0.228998607217,0.0299921421343
2012-12-10,-0.00065638335143,0.228342223866,0.0306485254858
2012-12-11,-0.005662671528,0.222679552338,0.0363111970138
2012-12-12,-0.000433604351329,0.222245947986,0.0367448013651
2012-12-13,-0.00151539817374,0.220730549813,0.0382601995388
2012-12-14,-0.000648508453338,0.220082041359,0.0389087079922
2012-12-17,0.00129743774282,0.221379479102,0.0376112702494
2012-12-18,0.00683930365024,0.228218782752,0.0307719665991
2012-12-19,0.00065380845742,0.22887259121,0.0301181581417
2012-12-20,0.00261951688755,0.231492108097,0.0274986412542
2012-12-21,-0.000655522802889,0.230836585294,0.028154164057
2012-12-24,-0.00130975788206,0.229526827412,0.0294639219391
2012-12-25,-0.00228795654636,0.227238870866,0.0317518784855
2012-12-26,0.000979911886349,0.228218782752,0.0307719665991
2012-12-27,-0.00326264563482,0.224956137118,0.0340346122339
2012-12-28,0.000325785961508,0.225281923079,0.0337088262724
2012-12-31,-0.00130250751075,0.223979415568,0.0350113337832
2013-01-04,0.00325945529771,0.227238870866,0.0317518784855
2013-01-07,0.0032701140979,0.230508984964,0.0284817643876
2013-01-08,0.00163907592834,0.232148060892,0.0268426884592
2013-01-09,-0.000328030181718,0.231820030711,0.0271707186409
2013-01-10,-0.00163853879032,0.23018149192,0.0288092574313
2013-01-11,0.00131061617712,0.231492108097,0.0274986412542
2013-01-14,0.000984090615749,0.232476198713,0.0265145506384
2013-01-15,0.00691588463741,0.239392083351,0.019598666001
2013-01-16,-0.0016509827095,0.237741100641,0.0212496487105
2013-01-17,0.0,0.237741100641,0.0212496487105
2013-01-18,-0.00115340304896,0.236587697592,0.0224030517595
2013-01-21,0.000988468196728,0.237576165789,0.0214145835627
2013-01-22,-0.000494478365668,0.237081687423,0.0219090619284
2013-01-23,0.000659413217898,0.237741100641,0.0212496487105
2013-01-24,0.00099075329643,0.238731853937,0.0202588954141
2013-01-25,0.0,0.238731853937,0.0202588954141
2013-01-28,0.00165563065183,0.240387484589,0.0186032647622
2013-01-29,-0.00016580998328,0.240221674606,0.0187690747455
2013-01-30,-0.00594161384608,0.23428006076,0.0247106885916
2013-01-31,-0.00229771970449,0.231982341055,0.0270084082961
2013-02-01,0.00295518192409,0.23493752298,0.024053226372
2013-02-04,-0.000986031304212,0.233951491675,0.0250392576762
2013-02-05,-0.00360715262412,0.230344339051,0.0286464103003
2013-02-06,0.00295033815059,0.233294677202,0.0256960721497
2013-02-07,0.0010952305185,0.23438990772,0.0246008416312
2013-02-08,-0.00153281941945,0.232857088301,0.0261336610507
2013-02-18,0.0065833022492,0.23944039055,0.0195503588015
2013-02-19,0.00165398761477,0.241094378165,0.0178963711867
2013-02-20,0.000331455099974,0.241425833265,0.0175649160867
2013-02-21,0.00765522127515,0.24908105454,0.0099096948116
2013-02-22,0.00033416875833,0.249415223298,0.00957552605327
2013-02-25,0.0080537348071,0.257468958105,0.00152179124617
2013-02-26,0.00202360945953,0.259492567565,0.0
2013-02-27,-0.00151694031743,0.257975627247,0.00151694031743
2013-02-28,0.00269814870826,0.260673775956,0.0
2013-03-01,0.00814392013801,0.268817696094,0.0
2013-03-04,0.00683763347761,0.275655329571,0.0
2013-03-05,-0.00607098770402,0.269584341867,0.00607098770402
2013-03-06,-0.00406787445779,0.265516467409,0.0101388621618
2013-03-07,-0.00481720140845,0.260699266001,0.0149560635703
2013-03-08,-0.00016680567294,0.260532460328,0.0151228692432
2013-03-11,0.00211924198309,0.262651702311,0.0130036272601
2013-03-13,-0.00246582608438,0.260185876227,0.0154694533445
2013-03-14,0.000670916202731,0.26085679243,0.0147985371418
2013-03-15,0.000756939182126,0.261613731612,0.0140415979596
2013-03-18,0.00262491827216,0.264238649884,0.0114166796875
2013-03-19,0.000511247621932,0.264749897506,0.0109054320655
2013-03-20,-0.00110638478447,0.263643512721,0.01201181685
2013-03-21,-0.000169779293452,0.263473733428,0.0121815961435
2013-03-22,0.000679578896616,0.264153312324,0.0115020172468
2013-03-25,-0.000566411917653,0.263586900407,0.0120684291645
2013-03-26,0.000339789382923,0.26392668979,0.0117286397816
2013-03-27,0.000851499460776,0.264778189251,0.0108771403208
2013-03-28,0.000597779960306,0.265375969211,0.0102793603605
2013-03-29,0.000136845711805,0.265512814923,0.0101425146487
2013-04-01,0.00178357352618,0.267296388449,0.00835894112251
2013-04-02,-0.00164665755702,0.265649730892,0.0100055986795
2013-04-03,0.00109701817132,0.266746749063,0.00890858050821
2013-04-08,-0.00232757802067,0.264419171042,0.0112361585289
2013-04-09,-9.08530919207e-05,0.264328317951,0.0113270116208
2013-04-10,-0.000204603598407,0.264123714352,0.0115316152192
2013-04-11,-0.00095205892126,0.263171655431,0.0124836741405
2013-04-12,0.000339501015151,0.263511156446,0.0121441731253
2013-04-15,0.00287479282241,0.266385949268,0.0092693803029
2013-04-16,-0.00189231259759,0.264493636671,0.0111616929005
2013-04-17,0.000904722810439,0.265398359481,0.01025697009
2013-04-18,0.000859845439763,0.266258204921,0.00939712465028
2013-04-19,-0.00321832808453,0.263039876837,0.0126154527348
2013-04-22,0.00366427121966,0.266704148056,0.00895118151515
2013-04-23,-0.00129065597158,0.265413492085,0.0102418374867
2013-04-24,-0.00252981748058,0.262883674604,0.0127716549673
2013-04-25,-0.000513786652505,0.262369887951,0.0132854416198
2013-04-26,-0.00137382159933,0.260996066352,0.0146592632192
2013-05-02,0.00457568383717,0.265571750189,0.010083579382
2013-05-03,-0.00551345297411,0.260058297215,0.0155970323561
2013-05-06,-0.00111915991766,0.258939137298,0.0167161922738
2013-05-07,0.00102687057078,0.259966007868,0.015689321703
2013-05-08,-0.00182336636991,0.258142641498,0.0175126880729
2013-05-09,8.52514927274e-05,0.258227892991,0.0174274365802
2013-05-10,-0.000170473924097,0.258057419067,0.0175979105043
2013-05-13,0.00102459159807,0.259082010665,0.0165733189062
2013-05-14,0.000342465806979,0.259424476472,0.0162308530992
2013-05-15,0.000772267646882,0.260196744119,0.0154585854523
2013-05-16,0.000917326139459,0.261114070258,0.0145412593129
2013-05-17,-0.00160449335371,0.259509576905,0.0161457526666
2013-05-20,0.000458032767359,0.259967609672,0.0156877198992
2013-05-21,-0.00236943596293,0.257598173709,0.0180571558622
2013-05-22,-0.00228034521806,0.255317828491,0.0203375010802
2013-05-23,0.0011388235653,0.256456652056,0.0191986775149
2013-05-24,-0.000911369900156,0.255545282156,0.0201100474151
2013-05-27,0.000797312299956,0.256342594456,0.0193127351151
2013-05-28,-0.000114018586141,0.25622857587,0.0194267537013
2013-05-29,-0.000798666841646,0.255429909028,0.0202254205429
2013-05-30,-0.000852370413155,0.254577538615,0.0210777909561
2013-05-31,-0.00237129149101,0.252206247124,0.0234490824471
2013-06-03,-0.00126114274505,0.250945104379,0.0247102251921
2013-06-04,0.000755921960105,0.251701026339,0.023954303232
2013-06-05,-0.00184378978548,0.249857236554,0.0257980930175
2013-06-06,0.00100401741372,0.250861253968,0.0247940756038
2013-06-07,-0.000586166739814,0.250275087228,0.0253802423436
2013-06-13,0.00404730593249,0.25432239316,0.0213329364111
2013-06-14,0.000476595970213,0.25479898913,0.0208563404409
2013-06-17,0.000170473924097,0.254969463055,0.0206858665168
2013-06-18,0.00548702351599,0.260456486571,0.0151988430008
2013-06-19,0.000430663327862,0.260887149898,0.0147681796729
2013-06-20,-0.00216992894522,0.258717220953,0.0169381086182
2013-06-21,-8.70322027935e-05,0.25863018875,0.017025140821
2013-06-24,0.00192174251665,0.260551931267,0.0151033983043
2013-06-25,0.0,0.260551931267,0.0151033983043
2013-06-26,-0.00113855512956,0.259413376137,0.0162419534339
2013-06-27,0.000876271489487,0.260289647627,0.0153656819444
2013-06-28,-0.0013155617097,0.258974085917,0.0166812436541
2013-07-01,0.00175254836178,0.260726634279,0.0149286952923
2013-07-02,0.0007846562675,0.261511290547,0.0141440390248
2013-07-03,0.0005217393198,0.262033029866,0.013622299705
2013-07-04,-0.0010445697648,0.260988460102,0.0146668694698
2013-07-05,-0.000523926143555,0.260464533958,0.0151907956134
2013-07-08,-0.00175439316466,0.258710140793,0.016945188778
2013-07-09,0.0,0.258710140793,0.016945188778
2013-07-10,-0.000614358743439,0.25809578205,0.0175595475215
2013-07-11,-0.0032565971986,0.254839184851,0.0208161447201
2013-07-12,0.00243648237094,0.257275667222,0.0183796623491
2013-07-15,-0.000697471728832,0.256578195493,0.019077134078
2013-07-16,0.000232409507903,0.256810605001,0.01884472457
2013-07-17,0.00139616106874,0.25820676607,0.0174485635013
2013-07-18,0.00069917852939,0.258905944599,0.0167493849719
2013-07-19,-0.00174581182953,0.25716013277,0.0184951968014
2013-07-22,-0.00104456862504,0.256115564145,0.0195397654265
2013-07-23,-0.0018524962713,0.254263067874,0.0213922616978
2013-07-24,0.0018232340981,0.256086301972,0.0195690275997
2013-07-25,-0.00104239071679,0.255043911255,0.0206114183165
2013-07-26,0.00208623222141,0.257130143476,0.0185251860951
2013-07-29,0.00524111147545,0.262371254952,0.0132840746196
2013-07-30,0.000350692621515,0.262721947573,0.0129333819981
2013-07-31,0.00448550149653,0.26720744907,0.00844788050158
2013-08-01,-0.00527428333962,0.26193316573,0.0137221638412
2013-08-02,0.00157839412869,0.263511559859,0.0121437697125
2013-08-05,0.0,0.263511559859,0.0121437697125
2013-08-06,0.000263388940371,0.263774948799,0.0118803807721
2013-08-07,0.00184631709209,0.265621265891,0.01003406368
2013-08-08,-0.00263620658058,0.262985059311,0.0126702702606
2013-08-09,-0.0044603944655,0.258524664845,0.0171306647261
2013-08-12,-0.0044340243911,0.254090640454,0.0215646891172
2013-08-13,-0.00026001040302,0.253830630051,0.0218246995203
2013-08-14,0.00286508422742,0.256695714278,0.0189596152928
2013-08-15,-0.00338483476797,0.253310879511,0.0223444500608
2013-08-16,-0.00269476758353,0.250616111927,0.0250392176443
2013-08-19,-0.00156457182011,0.249051540107,0.0266037894644
2013-08-20,0.00218957860191,0.251241118709,0.0244142108625
2013-08-21,-0.00138648202453,0.249854636684,0.0258006928871
2013-08-22,-0.000346320349783,0.249508316334,0.0261470132369
2013-08-23,-0.000692281093761,0.248816035241,0.0268392943306
2013-08-26,-0.00211680978437,0.246699225456,0.028956104115
2013-08-27,0.00115160966046,0.247850835117,0.0278044944545
2013-08-28,0.00207684394484,0.249927679062,0.0257276505097
2013-08-29,0.00416957293511,0.254097251997,0.0215580775746
2013-08-30,0.00498166488075,0.259078916877,0.0165764126938
2013-09-02,-0.00210157755723,0.25697733932,0.0186779902511
2013-09-03,0.00105005267415,0.258027391994,0.0176279375769
2013-09-04,0.00157784069415,0.259605232689,0.0160500968828
2013-09-05,0.00395918568546,0.263564418374,0.0120909111973
2013-09-06,-0.00211416630481,0.261450252069,0.0142050775021
2013-09-09,-0.00105485249456,0.260395399575,0.0152599299967
2013-09-10,0.00263991824833,0.263035317823,0.0126200117483
2013-09-11,-0.000528727550977,0.262506590272,0.0131487392993
2013-09-12,0.000469980045313,0.262976570317,0.012678759254
2013-09-13,-0.00140647347054,0.261570096847,0.0140852327245
2013-09-16,0.0011421562653,0.262712253112,0.0129430764592
2013-09-17,0.00114739830712,0.263859651419,0.0117956781521
2013-09-18,-0.000353606848203,0.263506044571,0.0121492850003
2013-09-23,-0.000353107403336,0.263152937168,0.0125023924037
2013-09-24,-0.000704722101605,0.262448215066,0.0132071145053
2013-09-25,8.79817007147e-05,0.262536196767,0.0131191328045
2013-09-26,-0.00061522266942,0.261920974097,0.013734355474
2013-09-27,-0.00035087725058,0.261570096847,0.0140852327245
2013-09-30,-0.000962380890982,0.260607715956,0.0150476136155
2013-10-08,-0.000697593755737,0.2599101222,0.0157452073713
2013-10-09,0.000174216034925,0.260084338235,0.0155709913363
2013-10-10,-0.000261278546688,0.259823059688,0.015832269883
2013-10-11,-0.00182134370201,0.258001715986,0.017653613585
2013-10-14,0.000432451240854,0.258434167227,0.0172211623442
2013-10-15,0.00416812750603,0.262602294733,0.0130530348381
2013-10-16,0.00162800243703,0.26423029717,0.0114250324011
2013-10-17,-0.00313862507,0.2610916721,0.0145636574711
2013-10-18,-0.000696015375558,0.260395656725,0.0152596728467
2013-10-21,-0.000463606880064,0.259932049845,0.0157232797267
2013-10-22,-0.000926247688653,0.259005802156,0.0166495274154
2013-10-23,-0.000924962571781,0.258080839584,0.0175744899872
2013-10-24,0.00161952766326,0.259700367247,0.0159549623239
2013-10-25,0.0013913048528,0.2610916721,0.0145636574711
2013-10-28,-0.00324187277713,0.257849799323,0.0178055302482
2013-10-29,-0.00138456262989,0.256465236693,0.0191900928781
2013-10-30,7.29803066949e-05,0.256538217,0.0191171125714
2013-10-31,0.00138600338289,0.257924220383,0.0177311091885
2013-11-01,-0.00184928458848,0.256074935794,0.019580393777
2013-11-04,0.00277585411452,0.258850789909,0.0168045396625
2013-11-05,0.00208950197171,0.260940291881,0.0147150376908
2013-11-06,0.00244456206947,0.26338485395,0.0122704756213
2013-11-07,0.0,0.26338485395,0.0122704756213
2013-11-08,-0.000349589236212,0.263035264714,0.0126200648575
2013-11-11,0.0,0.263035264714,0.0126200648575
2013-11-12,0.00233426942496,0.265369534139,0.0102857954326
2013-11-13,0.00140449490149,0.26677402904,0.00888130053109
2013-11-14,0.000234370424867,0.267008399465,0.00864693010622
2013-11-15,0.00087981722508,0.26788821669,0.00776711288114
2013-11-18,0.0,0.26788821669,0.00776711288114
2013-11-19,0.0,0.26788821669,0.00776711288114
2013-11-20,0.0,0.26788821669,0.00776711288114
2013-11-21,0.0,0.26788821669,0.00776711288114
2013-11-22,-0.00229398673083,0.265594229959,0.010061099612
2013-11-25,-0.00236239321148,0.263231836748,0.0124234928235
2013-11-26,0.000473148825159,0.263704985573,0.0119503439983
2013-11-27,-0.000709849224119,0.262995136349,0.0126601932224
2013-11-28,-0.00507751805698,0.257917618292,0.0177377112794
2013-11-29,0.00107181154361,0.258989429836,0.0166658997358
2013-12-02,-0.00107181154361,0.257917618292,0.0177377112794
2013-12-03,-0.000523786119022,0.257393832173,0.0182614973984
2013-12-04,0.000572246163408,0.257966078336,0.017689251235
2013-12-05,0.00256776426142,0.260533842598,0.0151214869736
2013-12-06,-0.000427198309254,0.260106644288,0.0155486852828
2013-12-09,0.00234583558105,0.26245247987,0.0132028497018
2013-12-10,0.00297240522984,0.265424885099,0.0102304444719
2013-12-11,-0.000529661038963,0.26489522406,0.0107601055109
2013-12-12,0.0,0.26489522406,0.0107601055109
2013-12-13,-0.00443501222475,0.260460211836,0.0151951177357
2013-12-16,7.12631398951e-05,0.260531474976,0.0151238545958
2013-12-17,-0.000499376039717,0.260032098936,0.0156232306355
2013-12-18,0.000214171000298,0.260246269936,0.0154090596352
2013-12-19,0.000142653358402,0.260388923295,0.0152664062768
2013-12-20,-7.13139604635e-05,0.260317609334,0.0153377202372
2013-12-23,-0.000786136441861,0.259531472892,0.0161238566791
2013-12-24,0.000176355448425,0.259707828341,0.0159475012307
2013-12-25,-0.00064504624989,0.259062782091,0.0165925474806
2013-12-26,0.00057327162145,0.259636053712,0.0160192758591
2013-12-27,-0.000859292406701,0.258776761305,0.0168785682658
2013-12-30,-0.00115844085378,0.257618320452,0.0180370091196
2013-12-31,-0.000444919142168,0.25717340131,0.0184819282618
2014-01-02,8.90471959547e-05,0.257262448506,0.0183928810658
2014-01-03,-0.000802568907562,0.256459879598,0.0191954499734
2014-01-06,-0.000467611180665,0.255992268417,0.019663061154
2014-01-07,-0.000143807299769,0.255848461118,0.0198068684538
2014-01-08,0.0017291093208,0.257577570438,0.018077759133
2014-01-09,0.00162719362561,0.259204764064,0.0164505655074
2014-01-10,0.000362318856435,0.25956708292,0.016088246651
2014-01-13,0.00163369177833,0.261200774699,0.0144545548726
2014-01-14,-0.000363504196308,0.260837270502,0.0148180590689
2014-01-15,0.00218499983556,0.263022270338,0.0126330592334
2014-01-16,-0.00109309626104,0.261929174077,0.0137261554944
2014-01-17,-0.000363570295996,0.261565603781,0.0140897257904
2014-01-20,-0.00157090496773,0.259994698813,0.0156606307581
2014-01-21,0.000724113246383,0.26071881206,0.0149365175118
2014-01-22,0.000604631642895,0.261323443702,0.0143318858689
2014-01-23,0.00145560638878,0.262779050091,0.0128762794801
2014-01-24,0.00219298597163,0.264972036063,0.0106832935085
2014-01-27,0.00330761955936,0.268279655622,0.0073756739491
2014-01-28,-0.00128889778609,0.266990757836,0.00866457173519
2014-01-29,0.00128889778609,0.268279655622,0.0073756739491
2014-01-30,-0.000982559745534,0.267297095877,0.00835823369463
2014-02-07,0.0128113029632,0.28010839884,0.0
2014-02-10,-0.00196371909454,0.278144679745,0.00196371909454
2014-02-11,0.00675426703696,0.284898946782,0.0
2014-02-12,-0.00344410719414,0.281454839588,0.00344410719414
2014-02-13,-0.0013101261473,0.280144713441,0.00475423334144
2014-02-14,-0.00184476872763,0.278299944713,0.00659900206907
2014-02-17,0.000468120545822,0.278768065259,0.00613088152325
2014-02-18,0.0,0.278768065259,0.00613088152325
2014-02-19,0.0,0.278768065259,0.00613088152325
2014-02-20,0.0,0.278768065259,0.00613088152325
2014-02-21,0.0,0.278768065259,0.00613088152325
2014-02-24,0.0,0.278768065259,0.00613088152325
2014-02-25,0.0,0.278768065259,0.00613088152325
2014-02-26,0.0,0.278768065259,0.00613088152325
2014-02-27,0.000541304989063,0.279309370248,0.00558957653418
2014-02-28,0.000224592948925,0.279533963197,0.00536498358526
2014-03-03,0.0021628872918,0.281696850489,0.00320209629346
2014-03-04,-0.00135849114638,0.280338359342,0.00456058743984
2014-03-05,-0.00123351322657,0.279104846116,0.00579410066642
2014-03-06,0.00138182472871,0.280486670845,0.00441227593771
2014-03-07,0.000251857460666,0.280738528305,0.00416041847705
2014-03-10,0.0051194738028,0.285858002108,0.0
2014-03-11,-0.00487584774577,0.280982154362,0.00487584774577
2014-03-12,-9.43574270496e-05,0.280887796935,0.00497020517282
2014-03-13,0.00173417990835,0.282621976844,0.00323602526447
2014-03-14,0.0013277724686,0.283949749312,0.00190825279587
2014-03-17,0.00254065348145,0.286490402794,0.0
2014-03-18,0.00434145695684,0.29083185975,0.0
2014-03-19,0.00566065410453,0.296492513855,0.0
2014-03-20,0.00466746363932,0.301159977494,0.0
2014-03-21,0.002607225328,0.303767202822,0.0
2014-03-24,0.000522670874806,0.304289873697,0.0
2014-03-25,-0.00676296604785,0.297526907649,0.00676296604785
2014-03-26,-0.00304285817489,0.294484049474,0.00980582422274
2014-03-27,0.000644620841651,0.295128670316,0.00916120338109
2014-03-28,-0.00233291869135,0.292795751625,0.0114941220724
2014-03-31,0.0,0.292795751625,0.0114941220724
2014-04-01,-0.000192012298225,0.292603739326,0.0116861343707
2014-04-02,-0.00105343959741,0.291550299729,0.0127395739681
2014-04-03,-0.000305860255589,0.291244439473,0.0130454342237
2014-04-04,-0.000685323343329,0.29055911613,0.013730757567
2014-04-09,0.00106911289328,0.291628229023,0.0126616446737
2014-04-10,-0.00135882925947,0.290269399764,0.0140204739332
2014-04-11,0.0,0.290269399764,0.0140204739332
2014-04-14,0.0,0.290269399764,0.0140204739332
2014-04-15,0.0,0.290269399764,0.0140204739332
2014-04-16,0.0,0.290269399764,0.0140204739332
2014-04-17,0.0,0.290269399764,0.0140204739332
2014-04-18,0.0,0.290269399764,0.0140204739332
2014-04-21,0.0,0.290269399764,0.0140204739332
2014-04-22,0.0,0.290269399764,0.0140204739332
2014-04-23,0.0,0.290269399764,0.0140204739332
2014-04-24,0.0,0.290269399764,0.0140204739332
2014-04-25,0.0,0.290269399764,0.0140204739332
2014-04-28,0.0,0.290269399764,0.0140204739332
2014-04-29,0.0,0.290269399764,0.0140204739332
2014-04-30,0.0,0.290269399764,0.0140204739332
2014-05-05,0.0,0.290269399764,0.0140204739332
2014-05-06,0.0,0.290269399764,0.0140204739332
2014-05-07,0.00180712219239,0.292076521956,0.0122133517408
2014-05-08,0.000764818952145,0.292841340908,0.0114485327886
2014-05-09,-0.00183886620699,0.291002474701,0.0132873989956
2014-05-12,6.19349461482e-05,0.291064409648,0.0132254640495
2014-05-13,0.0,0.291064409648,0.0132254640495
2014-05-14,0.0,0.291064409648,0.0132254640495
2014-05-15,0.000761905093619,0.291826314741,0.0124635589559
2014-05-16,0.0,0.291826314741,0.0124635589559
2014-05-19,0.00133537135508,0.293161686096,0.0111281876008
2014-05-20,-0.000285551144694,0.292876134952,0.0114137387455
2014-05-21,-0.000954199631675,0.29192193532,0.0123679383772
2014-05-22,0.0,0.29192193532,0.0123679383772
2014-05-23,0.010389779135,0.302311714455,0.00197815924219
2014-05-26,0.00207869807085,0.304390412526,0.0
2014-05-27,-0.001257719576,0.30313269295,0.001257719576
2014-05-28,0.00111503541997,0.30424772837,0.000142684156024
2014-05-29,-0.00498410895054,0.299263619419,0.00512679310657
2014-05-30,0.00401117567445,0.303274795094,0.00111561743212
2014-06-03,-0.00185116834927,0.301423626744,0.00296678578139
2014-06-04,-0.00633931902094,0.295084307723,0.00930610480233
2014-06-05,0.00156921441959,0.296653522143,0.00773689038274
2014-06-06,0.00111836006284,0.297771882206,0.0066185303199
2014-06-09,0.0110704247479,0.308842306954,0.0
2014-06-10,-0.00263833330939,0.306203973644,0.00263833330939
2014-06-11,0.000880734103098,0.307084707747,0.0017575992063
2014-06-12,-0.0100283525851,0.297056355162,0.0117859517914
2014-06-13,0.000445599723414,0.297501954886,0.011340352068
2014-06-16,-0.000891530624655,0.296610424261,0.0122318826926
2014-06-17,0.000557413626551,0.297167837888,0.0116744690661
2014-06-18,-0.00391062338513,0.293257214503,0.0155850924512
2014-06-19,0.00391062338513,0.297167837888,0.0116744690661
2014-06-20,0.00466237313659,0.301830211024,0.00701209592949
2014-06-23,-0.00243767648327,0.299392534541,0.00944977241276
2014-06-24,-0.00133382789277,0.298058706648,0.0107836003055
2014-06-25,0.00177777907839,0.299836485727,0.00900582122713
2014-06-26,0.00309849452894,0.302934980256,0.00590732669819
2014-06-27,-0.00221157640735,0.300723403848,0.00811890310554
2014-06-30,-0.00288729041344,0.297836113435,0.011006193519
2014-07-01,0.00531957677362,0.303155690208,0.00568661674536
2014-07-02,-0.00243228636018,0.300723403848,0.00811890310554
2014-07-03,0.0030631839653,0.303786587814,0.00505571914024
2014-07-04,0.00082281961078,0.304609407424,0.00423289952946
2014-07-07,-0.00879614906071,0.295813258364,0.0130290485902
2014-07-08,0.0055106787228,0.301323937086,0.00751836986738
2014-07-09,0.0,0.301323937086,0.00751836986738
2014-07-10,-0.00109869998234,0.300225237104,0.00861706984972
2014-07-11,-0.00256833749693,0.297656899607,0.0111854073466
2014-07-14,0.00220183575194,0.299858735359,0.00898357159471
2014-07-15,0.00292825977909,0.302786995138,0.00605531181562
2014-07-16,0.0043763745998,0.307163369738,0.00167893721582
2014-07-17,0.00435730536896,0.311520675107,0.0
2014-07-18,0.00469908690458,0.316219762011,0.0
2014-07-21,0.00933272789917,0.325552489911,0.0
2014-07-22,0.00739692325207,0.332949413163,0.0
2014-07-23,0.00459121413945,0.337540627302,0.0
2014-07-24,-0.0081373171462,0.329403310156,0.0081373171462
2014-07-25,0.0103469567935,0.339750266949,0.0
2014-07-28,-0.00173208230526,0.338018184644,0.00173208230526
2014-07-29,-0.0025437223339,0.33547446231,0.00427580463917
2014-07-30,-0.00451110682063,0.33096335549,0.00878691145979
2014-07-31,0.0,0.33096335549,0.00878691145979
2014-08-01,-0.00468419696381,0.326279158526,0.0134711084236
2014-08-04,-0.00175819469574,0.32452096383,0.0152293031193
2014-08-05,0.0022246098027,0.326745573633,0.0130046933166
2014-08-06,-0.00372141726935,0.323024156363,0.016726110586
2014-08-07,0.00213371490869,0.325157871272,0.0145923956773
2014-08-08,0.0,0.325157871272,0.0145923956773
2014-08-11,0.00255183629448,0.327709707567,0.0120405593828
2014-08-12,0.00226148560492,0.329971193172,0.0097790737779
2014-08-13,-0.000847308110981,0.329123885061,0.0106263818889
2014-08-14,-0.00283085928792,0.326293025773,0.0134572411768
2014-08-15,-0.00159664242071,0.324696383352,0.0150538835975
2014-08-18,0.0,0.324696383352,0.0150538835975
2014-08-19,0.00170395066895,0.326400334021,0.0133499329286
2014-08-20,0.000635930107226,0.327036264128,0.0127140028213
2014-08-21,0.0103842889342,0.337420553062,0.00232971388713
2014-08-22,-0.00104620759325,0.336374345469,0.00337592148037
2014-08-25,-0.0027952498983,0.333579095571,0.00617117137868
2014-08-26,0.00766821464018,0.341247310211,0.0
2014-08-27,0.00415801014866,0.34540532036,0.0
2014-08-28,-0.00103788281242,0.344367437547,0.00103788281242
2014-08-29,0.00414508365517,0.348512521202,0.0
2014-09-01,0.00721280818924,0.355725329392,0.0
2014-09-02,0.0189836209333,0.374708950325,0.0
2014-09-03,-0.00100789526422,0.373701055061,0.00100789526422
2014-09-04,0.00134363473355,0.375044689794,0.0
2014-09-05,0.00234702538585,0.37739171518,0.0
2014-09-09,-0.0104360482589,0.366955666921,0.0104360482589
2014-09-11,-0.0048077015681,0.362147965353,0.015243749827
2014-09-12,0.00260215096676,0.36475011632,0.0126415988603
2014-09-15,-0.00488764763361,0.359862468686,0.0175292464939
2014-09-16,-0.000447254350623,0.359415214336,0.0179765008445
2014-09-17,0.0,0.359415214336,0.0179765008445
2014-09-18,-0.000447254350623,0.358967959985,0.0184237551951
2014-09-19,0.0,0.358967959985,0.0184237551951
2014-09-22,0.0,0.358967959985,0.0184237551951
2014-09-23,0.0,0.358967959985,0.0184237551951
2014-09-24,0.0,0.358967959985,0.0184237551951
2014-09-25,0.0,0.358967959985,0.0184237551951
2014-09-26,0.0,0.358967959985,0.0184237551951
2014-09-29,0.0,0.358967959985,0.0184237551951
2014-09-30,0.0,0.358967959985,0.0184237551951
2014-10-08,0.0,0.358967959985,0.0184237551951
2014-10-09,0.0,0.358967959985,0.0184237551951
2014-10-10,0.0,0.358967959985,0.0184237551951
2014-10-13,0.0,0.358967959985,0.0184237551951
2014-10-14,0.0,0.358967959985,0.0184237551951
2014-10-15,0.0,0.358967959985,0.0184237551951
2014-10-16,0.0,0.358967959985,0.0184237551951
2014-10-17,0.0,0.358967959985,0.0184237551951
2014-10-20,0.0,0.358967959985,0.0184237551951
2014-10-21,0.0,0.358967959985,0.0184237551951
2014-10-22,0.0,0.358967959985,0.0184237551951
2014-10-23,0.0,0.358967959985,0.0184237551951
2014-10-24,0.0,0.358967959985,0.0184237551951
2014-10-27,0.000577826331869,0.359545786317,0.0178459288633
2014-10-28,0.0,0.359545786317,0.0178459288633
2014-10-29,-0.000289121842905,0.359256664474,0.0181350507062
2014-10-30,-0.000216567427767,0.359040097046,0.0183516181339
2014-10-31,-0.00251258396338,0.356527513083,0.0208642020973
2014-11-03,0.00060374395015,0.357131257033,0.0202604581472
2014-11-04,-0.00163913402298,0.35549212301,0.0218995921702
2014-11-05,0.0,0.35549212301,0.0218995921702
2014-11-06,-0.0012649105409,0.354227212469,0.023164502711
2014-11-07,0.00108244662229,0.355309659091,0.0220820560888
2014-11-10,0.00369499447064,0.359004653562,0.0183870616181
2014-11-11,0.00196542486938,0.360970078431,0.0164216367487
2014-11-12,-0.00109289636825,0.359877182063,0.017514533117
2014-11-13,-0.00203599455466,0.357841187508,0.0195505276717
2014-11-14,0.00612359468843,0.363964782197,0.0134269329832
2014-11-17,-0.00496080378604,0.359003978411,0.0183877367693
2014-11-18,0.00145586937359,0.360459847784,0.0169318673957
2014-11-19,0.00145852364921,0.361918371434,0.0154733437465
2014-11-20,-0.000583728592115,0.361334642841,0.0160570723386
2014-11-21,-0.00378388917181,0.35755075367,0.0198409615104
2014-11-24,-0.00116068210422,0.356390071565,0.0210016436146
2014-11-25,-0.000289907595128,0.35610016397,0.0212915512097
2014-11-26,0.00203156285487,0.358131726825,0.0192599883549
2014-11-27,0.0002906448715,0.358422371697,0.0189693434834
2014-11-28,-0.0002906448715,0.358131726825,0.0192599883549
2014-12-01,0.0120038848659,0.370135611691,0.007256103489
2014-12-02,0.00186078489542,0.371996396586,0.00539531859359
2014-12-03,0.00646485912623,0.378461255713,0.0
2014-12-04,-0.00377277644736,0.374688479265,0.00377277644736
2014-12-05,0.0,0.374688479265,0.00377277644736
2014-12-08,0.0,0.374688479265,0.00377277644736
2014-12-09,0.0048734866842,0.37956196595,0.0
2014-12-10,-0.00150206562226,0.378059900327,0.00150206562226
2014-12-11,-0.000750187582069,0.377309712745,0.00225225320433
2014-12-12,-0.00389003945831,0.373419673287,0.00614229266263
2014-12-15,-0.00184409270464,0.371575580582,0.00798638536727
2014-12-16,0.00164180026448,0.373217380847,0.0063445851028
2014-12-17,0.00165538943548,0.374872770282,0.00468919566731
2014-12-18,0.0144599170904,0.389332687373,0.0
2014-12-19,-0.00803432110796,0.381298366265,0.00803432110796
2014-12-22,-0.00219102871664,0.379107337548,0.0102253498246
2014-12-23,0.0,0.379107337548,0.0102253498246
2014-12-24,0.0,0.379107337548,0.0102253498246
2014-12-26,-0.00228310678592,0.376824230762,0.0125084566105
2014-12-29,0.00371358595312,0.380537816715,0.0087948706574
2014-12-30,0.00114635100652,0.381684167722,0.00764851965089
2014-12-31,0.00167441153525,0.383358579257,0.00597410811564
2015-01-05,0.00953586338623,0.392894442643,0.0
2015-01-06,0.00388500877146,0.396779451415,0.0
2015-01-07,0.0066393526452,0.40341880406,0.0
2015-01-08,-0.00352044173484,0.399898362325,0.00352044173484
2015-01-09,-0.00389712106636,0.396001241259,0.00741756280121
2015-01-12,0.0066341706734,0.402635411932,0.000783392127804
2015-01-13,0.00125391875201,0.403889330684,0.0
2015-01-14,0.0102484144914,0.414137745175,0.0
2015-01-15,-0.00736626616667,0.406771479009,0.00736626616667
2015-01-16,0.0,0.406771479009,0.00736626616667
2015-01-19,0.0,0.406771479009,0.00736626616667
2015-01-20,0.0,0.406771479009,0.00736626616667
2015-01-21,0.0,0.406771479009,0.00736626616667
2015-01-22,-0.0029296912253,0.403841787783,0.010295957392
2015-01-23,0.000585023430599,0.404426811214,0.00971093396137
2015-01-26,0.0023446677947,0.406771479009,0.00736626616667
2015-01-27,-0.00335829168899,0.40341318732,0.0107245578557
2015-01-28,0.0,0.40341318732,0.0107245578557
2015-01-29,0.00136213355308,0.404775320873,0.00936242430258
2015-01-30,0.00117004703918,0.405945367912,0.0081923772634
2015-02-02,-0.00363253109076,0.402312836821,0.0118249083542
2015-02-03,0.0032072649587,0.40552010178,0.00861764339546
2015-02-04,0.0,0.40552010178,0.00861764339546
2015-02-05,0.0,0.40552010178,0.00861764339546
2015-02-06,0.0,0.40552010178,0.00861764339546
2015-02-09,0.0,0.40552010178,0.00861764339546
2015-02-10,0.0,0.40552010178,0.00861764339546
2015-02-11,0.0,0.40552010178,0.00861764339546
2015-02-12,0.0,0.40552010178,0.00861764339546
2015-02-13,0.0,0.40552010178,0.00861764339546
2015-02-16,0.0,0.40552010178,0.00861764339546
2015-02-17,0.0,0.40552010178,0.00861764339546
2015-02-25,0.0,0.40552010178,0.00861764339546
2015-02-26,0.0,0.40552010178,0.00861764339546
2015-02-27,0.0,0.40552010178,0.00861764339546
2015-03-02,0.0,0.40552010178,0.00861764339546
2015-03-03,0.0,0.40552010178,0.00861764339546
2015-03-04,0.0,0.40552010178,0.00861764339546
2015-03-05,0.0,0.40552010178,0.00861764339546
2015-03-06,0.0,0.40552010178,0.00861764339546
2015-03-09,0.0,0.40552010178,0.00861764339546
2015-03-10,0.0,0.40552010178,0.00861764339546
2015-03-11,0.0,0.40552010178,0.00861764339546
2015-03-12,0.0,0.40552010178,0.00861764339546
2015-03-13,0.0,0.40552010178,0.00861764339546
2015-03-16,0.0,0.40552010178,0.00861764339546
2015-03-17,0.0,0.40552010178,0.00861764339546
2015-03-18,0.000762486626931,0.406282588407,0.00785515676853
2015-03-19,0.00227017193374,0.408552760341,0.00558498483479
2015-03-20,-0.00037657702709,0.408176183314,0.00596156186188
2015-03-23,0.000451807421056,0.408627990735,0.00550975444082
2015-03-24,0.000300638914183,0.408928629649,0.00520911552664
2015-03-25,0.0,0.408928629649,0.00520911552664
2015-03-26,-0.000450873615275,0.408477756034,0.00565998914192
2015-03-27,0.00112654948145,0.409604305515,0.00453343966046
2015-03-30,-0.000900901070158,0.408703404445,0.00543434073062
2015-03-31,0.0026986552241,0.411402059669,0.00273568550652
2015-04-02,0.0,0.411402059669,0.00273568550652
2015-04-03,0.000224341000931,0.41162640067,0.00251134450559
2015-04-07,0.00156804270691,0.413194443377,0.000943301798681
2015-04-08,-0.00111961219276,0.412074831184,0.00206291399144
2015-04-09,-0.00160698179482,0.410467849389,0.00366989578627
2015-04-10,0.000377073924358,0.410844923314,0.00329282186191
2015-04-13,-0.0072810904886,0.403563832825,0.0105739123505
2015-04-14,-0.0025534844863,0.401010348339,0.0131273968368
2015-04-15,0.000613497413572,0.401623845752,0.0125138994232
2015-04-16,0.00182928104522,0.403453126797,0.010684618378
2015-04-17,0.000303375061945,0.403756501859,0.0103812433161
2015-04-20,-0.00365020137217,0.400106300487,0.0140314446882
2015-04-21,-0.000686891889561,0.399419408598,0.0147183365778
2015-04-22,0.00323148847125,0.402650897069,0.0114868481066
2015-04-23,0.000910471982092,0.403561369051,0.0105763761245
2015-04-24,0.000907715755578,0.404469084807,0.00966866036889
2015-04-27,0.00586691398898,0.410335998796,0.00380174637991
2015-04-28,-0.00179910179775,0.408536896998,0.00560084817766
2015-04-29,-0.000676056409554,0.407860840588,0.00627690458722
2015-04-30,0.0018011270561,0.409661967644,0.00447577753112
2015-05-04,0.00336260921223,0.413024576857,0.00111316831889
2015-05-05,-0.00298619234375,0.410038384513,0.00409936066263
2015-05-06,0.0124677848134,0.422506169326,0.0
2015-05-07,-0.00426714433749,0.418239024989,0.00426714433749
2015-05-08,-7.43080075427e-05,0.418164716981,0.00434145234504
2015-05-11,0.000371264261058,0.418535981242,0.00397018808398
2015-05-12,-0.00246317724365,0.416072803999,0.00643336532763
2015-05-13,0.000973967086837,0.417046771085,0.00545939824079
2015-05-14,-0.000748784101893,0.416297986983,0.00620818234269
2015-05-15,9.37558608403e-05,0.416391742844,0.00611442648185
2015-05-18,-0.00150263136888,0.414889111475,0.00761705785073
2015-05-19,-0.00150829741308,0.413380814062,0.00912535526381
2015-05-20,-0.00196932796955,0.411411486093,0.0110946832334
2015-05-21,0.00227144278754,0.41368292888,0.00882324044582
2015-05-22,-0.000907029867112,0.412775899013,0.00973027031294
2015-05-25,-0.00106080759276,0.41171509142,0.0107910779057
2015-05-26,0.000606520207186,0.412321611628,0.0101845576985
2015-05-27,-0.000151543854815,0.412170067773,0.0103361015533
2015-05-28,-0.000606750211144,0.411563317562,0.0109428517645
2015-05-29,0.00151515332677,0.413078470888,0.00942769843769
2015-06-01,-0.000946970829234,0.412131500059,0.0103746692669
2015-06-02,-0.000379794983793,0.411751705075,0.0107544642507
2015-06-03,-0.000285225358948,0.411466479717,0.0110396896097
2015-06-04,-0.000666794070274,0.410799685646,0.0117064836799
2015-06-05,0.000992024331317,0.411791709978,0.0107144593486
2015-06-08,0.0,0.411791709978,0.0107144593486
2015-06-09,0.0,0.411791709978,0.0107144593486
2015-06-10,0.0,0.411791709978,0.0107144593486
2015-06-11,0.0,0.411791709978,0.0107144593486
2015-06-12,0.0,0.411791709978,0.0107144593486
2015-06-15,0.0,0.411791709978,0.0107144593486
2015-06-16,0.0,0.411791709978,0.0107144593486
2015-06-17,0.000788022431627,0.412579732409,0.009926436917
2015-06-18,0.0,0.412579732409,0.009926436917
2015-06-19,-0.000591366124524,0.411988366285,0.0105178030415
2015-06-23,-0.00275049809517,0.409237868189,0.0132683011367
2015-06-24,-0.000783085516372,0.408454782673,0.0140513866531
2015-06-25,0.000979048677807,0.409433831351,0.0130723379753
2015-06-26,-0.000195963161435,0.409237868189,0.0132683011367
2015-06-29,0.000980584742612,0.410218452932,0.0122877163941
2015-06-30,0.004337566635,0.414556019567,0.00795014975908
2015-07-01,0.00497516542658,0.419531184994,0.0029749843325
2015-07-02,-0.00444757562769,0.415083609366,0.00742255996019
2015-07-03,-9.86387860498e-05,0.41498497058,0.00752119874624
2015-07-06,0.0104271788767,0.425412149457,0.0
2015-07-07,0.00224629551425,0.427658444971,0.0
2015-07-08,0.0235974520918,0.451255897063,0.0
2015-07-09,-0.00611396045301,0.44514193661,0.00611396045301
2015-07-10,0.0,0.44514193661,0.00611396045301
2015-07-13,0.0,0.44514193661,0.00611396045301
2015-07-14,0.0,0.44514193661,0.00611396045301
2015-07-16,0.0,0.44514193661,0.00611396045301
2015-07-17,0.0,0.44514193661,0.00611396045301
2015-07-20,0.0,0.44514193661,0.00611396045301
2015-07-21,0.0,0.44514193661,0.00611396045301
2015-07-22,0.0,0.44514193661,0.00611396045301
2015-07-23,0.0,0.44514193661,0.00611396045301
2015-07-24,0.0,0.44514193661,0.00611396045301
2015-07-27,0.0,0.44514193661,0.00611396045301
2015-07-28,0.0,0.44514193661,0.00611396045301
2015-07-29,0.000811689425797,0.445953626036,0.00530227102721
2015-07-30,-0.00113728982331,0.444816336212,0.00643956085053
2015-07-31,9.5716103552e-06,0.444825907823,0.00642998924017
2015-08-03,0.0,0.444825907823,0.00642998924017
2015-08-04,0.0,0.444825907823,0.00642998924017
2015-08-05,0.00387533139469,0.448701239217,0.00255465784548
2015-08-06,0.0,0.448701239217,0.00255465784548
2015-08-07,0.00271003373467,0.451411272952,0.0
2015-08-10,-0.000313479628387,0.451097793324,0.000313479628387
2015-08-11,-0.00317095983076,0.447926833493,0.00348443945915
2015-08-12,-0.00164298821146,0.446283845281,0.00512742767061
2015-08-13,0.0,0.446283845281,0.00512742767061
2015-08-14,0.000618557016588,0.446902402298,0.00450887065402
2015-08-17,0.00165426122778,0.448556663526,0.00285460942624
2015-08-18,0.00311656940889,0.451673232935,0.0
2015-08-19,0.00187813119849,0.453551364133,0.0
2015-08-20,-0.0058333498747,0.447718014258,0.0058333498747
2015-08-21,0.00527987101853,0.452997885277,0.000553478856165
2015-08-24,0.00671714552456,0.459715030801,0.0
2015-08-25,-0.00328013556458,0.456434895237,0.00328013556458
2015-08-26,0.00303325576277,0.459468151,0.000246879801805
2015-08-27,0.0,0.459468151,0.000246879801805
2015-08-28,-0.00263735532146,0.456830795678,0.00288423512327
2015-08-31,0.00360527284871,0.460436068527,0.0
2015-09-01,0.00137044408117,0.461806512608,0.0
2015-09-02,-0.00211193320314,0.459694579405,0.00211193320314
2015-09-07,-0.0026702631336,0.457024316271,0.00478219633674
2015-09-08,-0.00189075730391,0.455133558967,0.00667295364065
2015-09-09,-0.00591664608426,0.449216912883,0.0125895997249
2015-09-10,0.0,0.449216912883,0.0125895997249
2015-09-11,0.0,0.449216912883,0.0125895997249
2015-09-14,0.0,0.449216912883,0.0125895997249
2015-09-15,0.0,0.449216912883,0.0125895997249
2015-09-16,-0.00176211580399,0.447454797079,0.0143517155289
2015-09-17,-0.0010046046717,0.446450192408,0.0153563202006
2015-09-18,-0.00095010279516,0.445500089612,0.0163064229958
2015-09-21,0.0019123730747,0.447412462687,0.0143940499211
2015-09-22,0.0,0.447412462687,0.0143940499211
2015-09-23,0.00430472409913,0.451717186786,0.0100893258219
2015-09-24,0.000338911252686,0.452056098039,0.00975041456925
2015-09-25,-0.00175132273282,0.450304775306,0.0115017373021
2015-09-28,0.00509015503026,0.455394930336,0.0064115822718
2015-09-29,0.00768905966782,0.463083990004,0.0
2015-09-30,-0.00171379647773,0.461370193526,0.00171379647773
2015-10-08,0.0164008855394,0.477771079066,0.0
2015-10-09,-0.00835007870601,0.46942100036,0.00835007870601
2015-10-12,0.000293505472127,0.469714505832,0.00805657323388
2015-10-13,0.0059701985119,0.475684704344,0.00208637472198
2015-10-14,0.0144517514097,0.490136455754,0.0
2015-10-15,0.00353513403953,0.493671589793,0.0
2015-10-16,0.00889289986925,0.502564489662,0.0
2015-10-19,0.00753875895075,0.510103248613,0.0
2015-10-20,0.00723985062769,0.517343099241,0.0
2015-10-21,0.016945676846,0.534288776087,0.0
2015-10-22,0.00779769459672,0.542086470684,0.0
2015-10-23,0.00937213982886,0.551458610512,0.0
2015-10-26,0.0147026599158,0.566161270428,0.0
2015-10-27,-0.00571702367048,0.560444246758,0.00571702367048
2015-10-28,0.0225808297225,0.58302507648,0.0
2015-10-29,-0.00533076135155,0.577694315129,0.00533076135155
2015-10-30,-0.00048320851387,0.577211106615,0.00581396986542
2015-11-02,0.00338737318816,0.580598479803,0.00242659667726
2015-11-03,-0.00579991959355,0.574798560209,0.0082265162708
2015-11-04,-0.0129281187721,0.561870441437,0.0211546350429
2015-11-05,-0.00474609338925,0.557124348048,0.0259007284322
2015-11-06,0.00142146434738,0.558545812395,0.0244792640848
2015-11-09,-0.000474045991337,0.558071766404,0.0249533100761
2015-11-10,0.0268988359816,0.584970602386,0.0
2015-11-11,0.0231480416922,0.608118644078,0.0
2015-11-12,-0.00942233601229,0.598696308066,0.00942233601229
2015-11-13,-0.0019723872272,0.596723920838,0.0113947232395
2015-11-16,0.00444335463221,0.601167275471,0.00695136860728
2015-11-17,0.00346964412511,0.604636919596,0.00348172448217
2015-11-18,0.00447873353784,0.609115653134,0.0
2015-11-19,0.0206608508263,0.62977650396,0.0
2015-11-20,-0.0109119728283,0.618864531132,0.0109119728283
2015-11-23,0.0101292819412,0.628993813073,0.000782690887069
2015-11-24,0.010245991274,0.639239804347,0.0
2015-11-25,-0.00973617734508,0.629503627002,0.00973617734508
2015-11-26,-0.0335955385147,0.595908088487,0.0433317158598
2015-11-27,-0.0150467487004,0.580861339787,0.0583784645602
2015-11-30,0.0,0.580861339787,0.0583784645602
2015-12-01,0.0,0.580861339787,0.0583784645602
2015-12-02,-0.00175109265987,0.579110247127,0.0601295572201
2015-12-03,0.0,0.579110247127,0.0601295572201
2015-12-04,-0.00704161025447,0.572068636872,0.0671711674746
2015-12-07,0.00465021899377,0.576718855866,0.0625209484808
2015-12-08,0.0,0.576718855866,0.0625209484808
2015-12-09,-0.000131411395022,0.576587444471,0.0626523598758
2015-12-10,0.0,0.576587444471,0.0626523598758
2015-12-11,0.0,0.576587444471,0.0626523598758
2015-12-14,0.0,0.576587444471,0.0626523598758
2015-12-15,0.0,0.576587444471,0.0626523598758
2015-12-16,0.0,0.576587444471,0.0626523598758
2015-12-17,0.0,0.576587444471,0.0626523598758
2015-12-18,0.0,0.576587444471,0.0626523598758
2015-12-21,0.0,0.576587444471,0.0626523598758
2015-12-22,0.0,0.576587444471,0.0626523598758
2015-12-23,0.0,0.576587444471,0.0626523598758
2015-12-24,0.0,0.576587444471,0.0626523598758
2015-12-25,0.0,0.576587444471,0.0626523598758
2015-12-28,0.0,0.576587444471,0.0626523598758
2015-12-29,0.0,0.576587444471,0.0626523598758
2015-12-30,0.0,0.576587444471,0.0626523598758
2015-12-31,0.0,0.576587444471,0.0626523598758
2016-01-04,0.0,0.576587444471,0.0626523598758
2016-01-05,0.0,0.576587444471,0.0626523598758
2016-01-06,0.0,0.576587444471,0.0626523598758
2016-01-07,0.0,0.576587444471,0.0626523598758
2016-01-08,0.0,0.576587444471,0.0626523598758
2016-01-11,0.0,0.576587444471,0.0626523598758
2016-01-12,-0.00439372659497,0.572193717876,0.0670460864708
2016-01-13,0.000888319458678,0.573082037335,0.0661577670121
2016-01-14,0.0,0.573082037335,0.0661577670121
2016-01-15,-0.00117096232811,0.571911075007,0.0673287293402
2016-01-18,0.00350878632932,0.575419861336,0.0638199430109
2016-01-19,0.00473650010222,0.580156361438,0.0590834429087
2016-01-20,-0.00837217996062,0.571784181477,0.0674556228693
2016-01-21,-0.0026235675891,0.569160613888,0.0700791904584
2016-01-22,0.0149047938544,0.584065407743,0.055174396604
2016-01-25,-0.00975617494537,0.574309232797,0.0649305715493
2016-01-26,0.00139958035442,0.575708813152,0.0635309911949
2016-01-27,0.00557881502704,0.581287628179,0.0579521761679
2016-01-28,-0.00232072510748,0.578966903071,0.0602729012753
2016-01-29,-0.000464792013945,0.578502111057,0.0607376932893
2016-02-01,-0.010170848723,0.568331262334,0.0709085420123
2016-02-02,0.0022514086154,0.57058267095,0.0686571333969
2016-02-03,0.00327332534497,0.573855996295,0.0653838080519
2016-02-04,0.0175849047754,0.59144090107,0.0477989032765
2016-02-05,-0.00727125854561,0.584169642525,0.0550701618221
2016-02-15,0.00415226570674,0.588321908231,0.0509178961153
2016-02-16,0.0093067559384,0.59762866417,0.0416111401769
2016-02-17,-0.00130663993298,0.596322024237,0.0429177801099
2016-02-18,0.0,0.596322024237,0.0429177801099
2016-02-19,0.00207422342103,0.598396247658,0.0408435566889
2016-02-22,0.0,0.598396247658,0.0408435566889
2016-02-23,0.00133719654425,0.599733444202,0.0395063601446
2016-02-24,-0.00564753632492,0.594085907877,0.0451538964695
2016-02-25,0.00285970833769,0.596945616215,0.0422941881319
2016-02-26,0.00311180513386,0.600057421349,0.039182382998
2016-02-29,0.00310215183409,0.603159573183,0.0360802311639
2016-03-01,-0.00400930811634,0.599150265067,0.0400895392803
2016-03-02,0.0,0.599150265067,0.0400895392803
2016-03-03,0.0017628929677,0.600913158034,0.0383266463125
2016-03-04,0.00614037017024,0.607053528204,0.0321862761423
2016-03-07,0.00174748843071,0.608801016635,0.0304387877116
2016-03-08,0.00695957572026,0.615760592355,0.0234792119913
2016-03-09,0.00967857343295,0.625439165788,0.0138006385584
2016-03-10,0.0,0.625439165788,0.0138006385584
2016-03-11,0.0,0.625439165788,0.0138006385584
2016-03-14,0.0,0.625439165788,0.0138006385584
2016-03-15,3.77950110584e-05,0.625476960799,0.0137628435473
2016-03-16,0.0,0.625476960799,0.0137628435473
2016-03-17,0.0,0.625476960799,0.0137628435473
2016-03-18,0.0,0.625476960799,0.0137628435473
2016-03-21,0.00104620809424,0.626523168894,0.0127166354531
2016-03-22,0.00260869713159,0.629131866025,0.0101079383215
2016-03-23,-0.00130349790344,0.627828368122,0.0114114362249
2016-03-24,0.00217155351351,0.629999921635,0.00923988271144
2016-03-25,0.015070252921,0.645070174556,0.0
2016-03-28,0.00341297259624,0.648483147153,0.0
2016-03-29,0.00127686759208,0.649760014745,0.0
2016-03-30,-0.00127686759208,0.648483147153,0.00127686759208
2016-03-31,0.000851426190218,0.649334573343,0.000425441401864
2016-04-01,0.00973964929756,0.65907422264,0.0
2016-04-05,-0.00126502230659,0.657809200334,0.00126502230659
2016-04-06,-0.00719884540182,0.650610354932,0.0084638677084
2016-04-07,0.00127415604411,0.651884510976,0.00718971166429
2016-04-08,-0.00800397917856,0.643880531797,0.0151936908429
2016-04-11,0.0,0.643880531797,0.0151936908429
2016-04-12,0.000848896485614,0.644729428283,0.0143447943572
2016-04-13,0.0134852443897,0.658214672673,0.000859549967559
2016-04-14,0.00125496774471,0.659469640417,0.0
2016-04-15,0.0,0.659469640417,0.0
2016-04-18,-0.000418147612198,0.659051492805,0.000418147612198
2016-04-19,0.00666947032475,0.66572096313,0.0
2016-04-20,0.0033181283036,0.669039091434,0.0
2016-04-21,0.0265592730724,0.695598364506,0.0
2016-04-22,0.0321392470405,0.727737611547,0.0
2016-04-25,0.00622812445284,0.733965735999,0.0
2016-04-26,-0.00740022851358,0.726565507486,0.00740022851358
2016-04-27,0.00234283590177,0.728908343388,0.0050573926118
2016-04-28,-0.0268790885512,0.702029254836,0.031936481163
2016-04-29,0.0158985860678,0.717927840904,0.0160378950952
2016-05-03,0.0058974025847,0.723825243489,0.0101404925106
2016-05-04,-0.0221967099562,0.701628533533,0.0323372024667
2016-05-05,-0.00160449292344,0.700024040609,0.0339416953902
2016-05-06,-0.00230267374714,0.697721366862,0.0362443691373
2016-05-09,-0.00199558732892,0.695725779533,0.0382399564662
2016-05-10,0.0,0.695725779533,0.0382399564662
2016-05-11,0.0,0.695725779533,0.0382399564662
2016-05-12,0.0,0.695725779533,0.0382399564662
2016-05-13,0.0,0.695725779533,0.0382399564662
2016-05-16,0.0,0.695725779533,0.0382399564662
2016-05-17,0.0,0.695725779533,0.0382399564662
2016-05-18,0.0,0.695725779533,0.0382399564662
2016-05-19,0.0,0.695725779533,0.0382399564662
2016-05-20,0.0,0.695725779533,0.0382399564662
2016-05-23,0.0,0.695725779533,0.0382399564662
2016-05-24,0.0,0.695725779533,0.0382399564662
2016-05-25,0.0,0.695725779533,0.0382399564662
2016-05-26,0.0,0.695725779533,0.0382399564662
2016-05-27,0.0,0.695725779533,0.0382399564662
2016-05-30,0.0,0.695725779533,0.0382399564662
2016-05-31,0.0,0.695725779533,0.0382399564662
2016-06-01,0.0,0.695725779533,0.0382399564662
2016-06-02,0.0,0.695725779533,0.0382399564662
2016-06-03,0.0,0.695725779533,0.0382399564662
2016-06-06,0.0,0.695725779533,0.0382399564662
2016-06-07,0.0,0.695725779533,0.0382399564662
2016-06-08,0.0,0.695725779533,0.0382399564662
2016-06-13,0.0,0.695725779533,0.0382399564662
2016-06-14,0.0,0.695725779533,0.0382399564662
2016-06-15,0.0,0.695725779533,0.0382399564662
2016-06-20,0.0,0.695725779533,0.0382399564662
2016-06-21,0.0,0.695725779533,0.0382399564662
2016-06-22,0.0,0.695725779533,0.0382399564662
2016-06-23,-0.000162074563165,0.69556370497,0.0384020310294
2016-06-24,0.0,0.69556370497,0.0384020310294
2016-06-27,-0.00334088029106,0.692222824679,0.0417429113205
2016-06-28,-0.000161550897314,0.692061273782,0.0419044622178
2016-06-29,0.000323232393589,0.692384506175,0.0415812298242
2016-06-30,-0.00265117358692,0.689733332588,0.0442324034111
2016-07-01,-0.000882820503445,0.688850512085,0.0451152239146
2016-07-04,-0.00704759470966,0.681802917375,0.0521628186242
2016-07-05,0.0045072484717,0.686310165847,0.0476555701525
2016-07-06,0.0,0.686310165847,0.0476555701525
2016-07-07,0.00173353056325,0.68804369641,0.0459220395893
2016-07-08,-0.00419582881812,0.683847867592,0.0501178684074
2016-07-11,-0.00505653313348,0.678791334458,0.0551744015409
2016-07-12,0.00715714251916,0.685948476978,0.0480172590217
2016-07-13,-0.00697013335431,0.678978343623,0.054987392376
2016-07-14,-0.000709919893492,0.67826842373,0.0556973122695
2016-07-15,0.00144441747753,0.679712841207,0.054252894792
2016-07-18,0.00141019335688,0.681123034564,0.0528427014351
2016-07-19,0.00379120043295,0.684914234997,0.0490515010021
2016-07-20,-0.00279690497731,0.68211733002,0.0518484059795
2016-07-21,-0.0036407838486,0.678476546171,0.0554891898281
2016-07-25,-0.00184805021637,0.676628495955,0.0573372400444
2016-07-26,0.00287948142601,0.679507977381,0.0544577586184
2016-07-27,0.000826789106346,0.680334766487,0.0536309695121
2016-07-28,-0.00450561753754,0.67582914895,0.0581365870496
2016-07-29,0.00203035616517,0.677859505115,0.0561062308844
2016-08-01,0.00132194735517,0.67918145247,0.0547842835293
2016-08-02,-0.00733801206287,0.671843440407,0.0621222955921
2016-08-03,-0.01116071023,0.660682730177,0.0732830058222
2016-08-04,0.000746423484199,0.661429153661,0.072536582338
2016-08-05,0.0104664537506,0.671895607412,0.0620701285874
2016-08-08,0.00804726551872,0.679942872931,0.0540228630687
2016-08-09,-0.00607412274496,0.673868750186,0.0600969858137
2016-08-10,0.0125127767792,0.686381526965,0.0475842090345
2016-08-11,-0.00412712463207,0.682254402333,0.0517113336666
2016-08-12,-0.00129345302683,0.680960949306,0.0530047866934
2016-08-15,-0.00178535496233,0.679175594344,0.0547901416557
2016-08-16,0.00436809194179,0.683543686285,0.0504220497139
2016-08-17,0.000643086955239,0.684186773241,0.0497789627587
2016-08-18,0.0104643304155,0.694651103656,0.0393146323432
2016-08-19,-0.00473444211058,0.689916661546,0.0440490744538
2016-08-23,0.0,0.689916661546,0.0440490744538
2016-08-24,0.0,0.689916661546,0.0440490744538
2016-08-25,-0.00223042085668,0.687686240689,0.0462794953105
2016-08-26,0.0,0.687686240689,0.0462794953105
2016-08-29,0.0,0.687686240689,0.0462794953105
2016-08-30,-0.000405432938354,0.68728080775,0.0466849282489
2016-08-31,-0.000883513072023,0.686397294678,0.0475684413209
2016-09-01,0.0,0.686397294678,0.0475684413209
2016-09-02,0.0,0.686397294678,0.0475684413209
2016-09-05,0.0,0.686397294678,0.0475684413209
2016-09-06,0.0,0.686397294678,0.0475684413209
2016-09-07,0.0,0.686397294678,0.0475684413209
2016-09-08,0.0,0.686397294678,0.0475684413209
2016-09-09,0.0,0.686397294678,0.0475684413209
2016-09-12,0.0,0.686397294678,0.0475684413209
2016-09-13,0.0,0.686397294678,0.0475684413209
2016-09-14,0.00313811651778,0.689535411196,0.0444303248031
2016-09-19,-0.0008406901575,0.688694721039,0.0452710149606
2016-09-20,-0.00312764713157,0.685567073907,0.0483986620922
2016-09-21,-0.00207860927235,0.683488464635,0.0504772713645
2016-09-22,0.0024999512511,0.685988415886,0.0479773201134
2016-09-23,0.0,0.685988415886,0.0479773201134
2016-09-26,-0.00107802413922,0.684910391747,0.0490553442526
2016-09-27,0.0,0.684910391747,0.0490553442526
2016-09-28,0.0,0.684910391747,0.0490553442526
2016-09-29,-0.000213309697497,0.684697082049,0.0492686539501
2016-09-30,0.00162470108779,0.686321783137,0.0476439528624
2016-10-10,0.0,0.686321783137,0.0476439528624
2016-10-11,0.000852236357617,0.687174019495,0.0467917165047
2016-10-12,-0.000886700436931,0.686287319058,0.0476784169417
2016-10-13,0.0,0.686287319058,0.0476784169417
2016-10-14,0.0,0.686287319058,0.0476784169417
2016-10-17,0.0,0.686287319058,0.0476784169417
2016-10-18,0.0,0.686287319058,0.0476784169417
2016-10-19,0.000866268898961,0.687153587957,0.0468121480427
2016-10-20,0.000238426414091,0.687392014371,0.0465737216286
2016-10-21,-0.00136302085064,0.68602899352,0.0479367424793
2016-10-24,-0.00469505128427,0.681333942236,0.0526317937635
2016-10-25,-0.000946297472532,0.680387644763,0.0535780912361
2016-10-26,0.0178314491202,0.698219093884,0.0357466421158
2016-10-27,-0.00298241502635,0.695236678857,0.0387290571422
2016-10-28,0.00602438789477,0.701261066752,0.0327046692474
2016-10-31,0.0128758527168,0.714136919469,0.0198288165306
2016-11-01,0.000797448240997,0.71493436771,0.0190313682896
2016-11-02,-0.0195393309354,0.695395036774,0.038570699225
2016-11-03,0.00369823940503,0.699093276179,0.03487245982
2016-11-04,0.0,0.699093276179,0.03487245982
2016-11-07,0.0,0.699093276179,0.03487245982
2016-11-08,0.0,0.699093276179,0.03487245982
2016-11-09,0.0,0.699093276179,0.03487245982
2016-11-10,0.0,0.699093276179,0.03487245982
2016-11-11,0.00079886451786,0.699892140697,0.0340735953021
2016-11-14,0.0247309700294,0.724623110727,0.00934262527275
2016-11-15,-0.00753732993538,0.717085780791,0.0168799552081
2016-11-16,-9.55527411971e-05,0.71699022805,0.0169755079493
2016-11-17,0.0,0.71699022805,0.0169755079493
2016-11-18,0.0,0.71699022805,0.0169755079493
2016-11-21,0.0,0.71699022805,0.0169755079493
2016-11-22,0.0,0.71699022805,0.0169755079493
2016-11-23,-0.0154493629091,0.701540865141,0.0324248708584
2016-11-24,0.00426852294948,0.70580938809,0.0281563479089
2016-11-25,0.0,0.70580938809,0.0281563479089
2016-11-28,0.00269786790819,0.708507255999,0.0254584800008
2016-11-29,-0.0037108894011,0.704796366597,0.0291693694019
2016-11-30,0.0,0.704796366597,0.0291693694019
2016-12-01,0.0,0.704796366597,0.0291693694019
2016-12-02,0.0,0.704796366597,0.0291693694019
2016-12-05,0.0,0.704796366597,0.0291693694019
2016-12-06,0.0,0.704796366597,0.0291693694019
2016-12-07,0.0,0.704796366597,0.0291693694019
2016-12-08,0.0,0.704796366597,0.0291693694019
