update_date,volume,position,position_diff
2005/11/9,1694,14384,
2005/11/10,944,14284,-100
2005/11/11,2134,13816,-468
2005/11/14,1638,13506,-310
2005/11/15,1376,12994,-512
2005/11/16,856,12708,-286
2005/11/17,834,12440,-268
2005/11/18,1822,11726,-714
2005/11/21,1320,11732,6
2005/11/22,1406,11620,-112
2005/11/23,3078,11394,-226
2005/11/24,1716,11334,-60
2005/11/25,5834,11428,94
2005/11/28,4946,11188,-240
2005/11/29,14272,13970,2782
2005/11/30,10440,13904,-66
2005/12/1,6870,14556,652
2005/12/2,27598,18396,3840
2005/12/5,31432,21606,3210
2005/12/6,22664,24812,3206
2005/12/7,19664,26018,1206
2005/12/8,21032,27482,1464
2005/12/9,47966,31550,4068
2005/12/12,34796,33688,2138
2005/12/13,92580,35464,1776
2005/12/14,65474,38080,2616
2005/12/15,55966,36954,-1126
2005/12/16,73556,33420,-3534
2005/12/19,39238,33224,-196
2005/12/20,49320,33368,144
2005/12/21,33646,34042,674
2005/12/22,59260,36784,2742
2005/12/23,33450,37266,482
2005/12/26,56174,42708,5442
2005/12/27,33804,40988,-1720
2005/12/28,35694,41736,748
2005/12/29,40394,36784,-4952
2005/12/30,23058,35606,-1178
2006/1/4,18738,36614,1008
2006/1/5,19014,37370,756
2006/1/6,8698,36948,-422
2006/1/9,16950,37128,180
2006/1/10,22348,32578,-4550
2006/1/11,38702,41632,9054
2006/1/12,42698,43398,1766
2006/1/13,32066,45738,2340
2006/1/16,62190,57436,11698
2006/1/17,102500,62164,4728
2006/1/18,101884,59898,-2266
2006/1/19,72356,60496,598
2006/1/20,60856,57648,-2848
2006/1/23,50892,57912,264
2006/1/24,41854,56686,-1226
2006/1/25,30780,51852,-4834
2006/1/26,26804,48638,-3214
2006/1/27,57284,58222,9584
2006/2/6,334,57992,-230
2006/2/7,39150,64438,6446
2006/2/8,118858,71344,6906
2006/2/9,74978,79230,7886
2006/2/10,123108,85494,6264
2006/2/13,1946,84978,-516
2006/2/14,112668,89834,4856
2006/2/15,97472,93948,4114
2006/2/16,988,93684,-264
2006/2/17,129082,80502,-13182
2006/2/20,114876,84968,4466
2006/2/21,69166,83530,-1438
2006/2/22,74778,85406,1876
2006/2/23,73168,83562,-1844
2006/2/24,107296,75412,-8150
2006/2/27,82866,73068,-2344
2006/2/28,95276,68164,-4904
2006/3/1,69824,69020,856
2006/3/2,82784,67030,-1990
2006/3/3,89580,63114,-3916
2006/3/6,51422,59650,-3464
2006/3/7,35072,56362,-3288
2006/3/8,44596,55340,-1022
2006/3/9,32968,53198,-2142
2006/3/10,22638,52474,-724
2006/3/13,9422,50348,-2126
2006/3/14,5598,49202,-1146
2006/3/15,15574,49300,98
2006/3/16,6962,48340,-960
2006/3/17,8924,46600,-1740
2006/3/20,51014,56118,9518
2006/3/21,54764,59616,3498
2006/3/22,44548,59048,-568
2006/3/23,102830,69764,10716
2006/3/24,100598,72938,3174
2006/3/27,84468,75082,2144
2006/3/28,64488,73850,-1232
2006/3/29,87422,72416,-1434
2006/3/30,79160,73924,1508
2006/3/31,101156,75328,1404
2006/4/3,88874,70204,-5124
2006/4/4,77292,69498,-706
2006/4/5,55838,67292,-2206
2006/4/6,59160,66626,-666
2006/4/7,105778,66836,210
2006/4/10,84070,64490,-2346
2006/4/11,51802,58708,-5782
2006/4/12,63488,59926,1218
2006/4/13,70150,63056,3130
2006/4/14,43530,65986,2930
2006/4/17,189820,87288,21302
2006/4/18,137842,85354,-1934
2006/4/19,140698,86616,1262
2006/4/20,123090,92530,5914
2006/4/21,200396,90036,-2494
2006/4/24,126956,95788,5752
2006/4/25,128962,92354,-3434
2006/4/26,179668,94080,1726
2006/4/27,127460,91456,-2624
2006/4/28,162430,86200,-5256
2006/5/8,47000,85740,-460
2006/5/9,96984,87982,2242
2006/5/10,108506,84254,-3728
2006/5/11,80046,95302,11048
2006/5/12,238668,99890,4588
2006/5/15,309774,104184,4294
2006/5/16,6496,100730,-3454
2006/5/17,331310,99680,-1050
2006/5/18,53150,91016,-8664
2006/5/19,143946,88012,-3004
2006/5/22,2494,86674,-1338
2006/5/23,170160,82728,-3946
2006/5/24,1376,81506,-1222
2006/5/25,113176,81702,196
2006/5/26,203022,85392,3690
2006/5/29,108750,82850,-2542
2006/5/30,63578,79192,-3658
2006/5/31,62906,76234,-2958
2006/6/1,150330,71664,-4570
2006/6/2,122948,67976,-3688
2006/6/5,68080,66216,-1760
2006/6/6,52424,62734,-3482
2006/6/7,59142,60860,-1874
2006/6/8,38016,59416,-1444
2006/6/9,58766,59204,-212
2006/6/12,32304,56318,-2886
2006/6/13,28388,52278,-4040
2006/6/14,35544,44416,-7862
2006/6/15,91258,50938,6522
2006/6/16,70510,56604,5666
2006/6/19,59498,52616,-3988
2006/6/20,89570,53032,416
2006/6/21,68434,50474,-2558
2006/6/22,51680,51538,1064
2006/6/23,44152,49300,-2238
2006/6/26,36650,47678,-1622
2006/6/27,40182,48212,534
2006/6/28,34230,47808,-404
2006/6/29,31142,47544,-264
2006/6/30,88662,54328,6784
2006/7/3,70106,55012,684
2006/7/4,39810,49524,-5488
2006/7/5,28116,52428,2904
2006/7/6,29918,51292,-1136
2006/7/7,34022,53028,1736
2006/7/10,25468,51892,-1136
2006/7/11,16552,52382,490
2006/7/12,25780,49932,-2450
2006/7/13,30634,44012,-5920
2006/7/14,31830,54546,10534
2006/7/17,15918,55370,824
2006/7/18,24710,57074,1704
2006/7/19,52046,56650,-424
2006/7/20,25098,56776,126
2006/7/21,36460,53608,-3168
2006/7/24,33266,54476,868
2006/7/25,22446,55136,660
2006/7/26,45778,58764,3628
2006/7/27,50528,56536,-2228
2006/7/28,26340,60354,3818
2006/7/31,47588,61924,1570
2006/8/1,33862,58688,-3236
2006/8/2,18876,58058,-630
2006/8/3,32066,58060,2
2006/8/4,25644,56126,-1934
2006/8/7,42756,56210,84
2006/8/8,22038,55644,-566
2006/8/9,20902,55562,-82
2006/8/10,22776,54648,-914
2006/8/11,20820,53850,-798
2006/8/14,17786,51364,-2486
2006/8/15,23252,51676,312
2006/8/16,20598,50738,-938
2006/8/17,13348,48302,-2436
2006/8/18,18278,48428,126
2006/8/21,27062,52208,3780
2006/8/22,42708,55194,2986
2006/8/23,32140,54500,-694
2006/8/24,21598,54980,480
2006/8/25,22062,54670,-310
2006/8/28,44720,59630,4960
2006/8/29,65092,59636,6
2006/8/30,43128,59442,-194
2006/8/31,42300,62022,2580
2006/9/1,97036,65146,3124
2006/9/4,77828,65730,584
2006/9/5,125812,68714,2984
2006/9/6,113726,68120,-594
2006/9/7,206168,75872,7752
2006/9/8,217770,72956,-2916
2006/9/11,113244,70846,-2110
2006/9/12,149544,71004,158
2006/9/13,184972,70072,-932
2006/9/14,133568,74288,4216
2006/9/15,96198,71964,-2324
2006/9/18,69284,71568,-396
2006/9/19,43660,66494,-5074
2006/9/20,51020,67832,1338
2006/9/21,65766,66288,-1544
2006/9/22,59158,70268,3980
2006/9/25,56722,70710,442
2006/9/26,91200,75488,4778
2006/9/27,87532,72868,-2620
2006/9/28,58418,74030,1162
2006/9/29,77536,76790,2760
2006/10/9,152730,83346,6556
2006/10/10,107790,86956,3610
2006/10/11,75234,87762,806
2006/10/12,91302,91736,3974
2006/10/13,90858,90062,-1674
2006/10/16,96672,89414,-648
2006/10/17,107202,81106,-8308
2006/10/18,113224,76488,-4618
2006/10/19,66566,70546,-5942
2006/10/20,90196,68990,-1556
2006/10/23,69940,73744,4754
2006/10/24,98404,76470,2726
2006/10/25,109900,75602,-868
2006/10/26,108510,78200,2598
2006/10/27,114030,73876,-4324
2006/10/30,162716,70366,-3510
2006/10/31,201170,71002,636
2006/11/1,195796,74680,3678
2006/11/2,141508,69936,-4744
2006/11/3,118318,68424,-1512
2006/11/6,101198,72668,4244
2006/11/7,84638,73018,350
2006/11/8,124500,75356,2338
2006/11/9,96910,71868,-3488
2006/11/10,105332,77850,5982
2006/11/13,111670,76720,-1130
2006/11/14,119980,71348,-5372
2006/11/15,141562,74824,3476
2006/11/16,104610,70474,-4350
2006/11/17,116080,67306,-3168
2006/11/20,65494,64702,-2604
2006/11/21,42466,62054,-2648
2006/11/22,36402,57968,-4086
2006/11/23,42182,58390,422
2006/11/24,36542,53988,-4402
2006/11/27,48392,53492,-496
2006/11/28,29326,50562,-2930
2006/11/29,19176,49252,-1310
2006/11/30,20192,46198,-3054
2006/12/1,17172,41480,-4718
2006/12/4,46608,45866,4386
2006/12/5,30018,45310,-556
2006/12/6,33118,46542,1232
2006/12/7,30686,46816,274
2006/12/8,30468,49214,2398
2006/12/11,19444,49086,-128
2006/12/12,17470,48610,-476
2006/12/13,53086,52584,3974
2006/12/14,29444,48972,-3612
2006/12/15,26368,47222,-1750
2006/12/18,20014,47680,458
2006/12/19,16766,45232,-2448
2006/12/20,14954,43114,-2118
2006/12/21,11926,40550,-2564
2006/12/22,26642,39740,-810
2006/12/25,21736,40882,1142
2006/12/26,16782,40748,-134
2006/12/27,20616,41684,936
2006/12/28,39678,46074,4390
2006/12/29,26932,42214,-3860
2007/1/4,82492,44974,2760
2007/1/5,98394,45680,706
2007/1/8,151382,51022,5342
2007/1/9,81122,47758,-3264
2007/1/10,59028,46052,-1706
2007/1/11,65844,46562,510
2007/1/12,53820,46780,218
2007/1/15,42806,46156,-624
2007/1/16,68822,46156,0
2007/1/17,68048,44930,-1226
2007/1/18,48868,42976,-1954
2007/1/19,38596,41966,-1010
2007/1/22,37892,38998,-2968
2007/1/23,16042,37976,-1022
2007/1/24,35082,42104,4128
2007/1/25,26328,42764,660
2007/1/26,27664,41550,-1214
2007/1/29,29476,42760,1210
2007/1/30,44728,45770,3010
2007/1/31,27032,45884,114
2007/2/1,26102,47002,1118
2007/2/2,25196,46666,-336
2007/2/5,28106,46362,-304
2007/2/6,41288,45858,-504
2007/2/7,22126,42860,-2998
2007/2/8,24154,41388,-1472
2007/2/9,17562,40664,-724
2007/2/12,14278,40332,-332
2007/2/13,6602,39460,-872
2007/2/14,18020,39204,-256
2007/2/15,18520,39170,-34
2007/2/16,14882,40388,1218
2007/2/26,41780,46376,5988
2007/2/27,36416,44674,-1702
2007/2/28,29560,44884,210
2007/3/1,15908,44100,-784
2007/3/2,18088,44808,708
2007/3/5,31754,43496,-1312
2007/3/6,33692,45058,1562
2007/3/7,20494,44734,-324
2007/3/8,13926,43638,-1096
2007/3/9,16408,41782,-1856
2007/3/12,9920,41164,-618
2007/3/13,11526,40864,-300
2007/3/14,14970,40868,4
2007/3/15,12750,40696,-172
2007/3/16,11982,38910,-1786
2007/3/19,6840,36598,-2312
2007/3/20,12636,37536,938
2007/3/21,15728,37078,-458
2007/3/22,8326,36584,-494
2007/3/23,6238,35700,-884
2007/3/26,6500,35066,-634
2007/3/27,12852,35438,372
2007/3/28,10302,35906,468
2007/3/29,5410,35144,-762
2007/3/30,5756,35924,780
2007/4/2,7828,36436,512
2007/4/3,7042,36842,406
2007/4/4,17476,36556,-286
2007/4/5,6642,36048,-508
2007/4/6,8240,34442,-1606
2007/4/9,19142,34200,-242
2007/4/10,130652,47304,13104
2007/4/11,47720,44452,-2852
2007/4/12,45774,46458,2006
2007/4/13,20344,44440,-2018
2007/4/16,20552,44208,-232
2007/4/17,27502,44586,378
2007/4/18,80228,53738,9152
2007/4/19,69658,45756,-7982
2007/4/20,66356,51634,5878
2007/4/23,50644,49056,-2578
2007/4/24,39814,52854,3798
2007/4/25,32288,47680,-5174
2007/4/26,24850,48118,438
2007/4/27,35890,47208,-910
2007/4/30,42230,48734,1526
2007/5/8,81090,57218,8484
2007/5/9,71670,51696,-5522
2007/5/10,58626,53560,1864
2007/5/11,39920,50992,-2568
2007/5/14,44222,51904,912
2007/5/15,87360,49016,-2888
2007/5/16,29584,46988,-2028
2007/5/17,39570,45344,-1644
2007/5/18,40340,44070,-1274
2007/5/21,28156,42896,-1174
2007/5/22,14496,42704,-192
2007/5/23,10396,39932,-2772
2007/5/24,4496,39872,-60
2007/5/25,9488,38310,-1562
2007/5/28,4350,37904,-406
2007/5/29,14204,38172,268
2007/5/30,9532,36494,-1678
2007/5/31,10982,34352,-2142
2007/6/1,7044,33894,-458
2007/6/4,4402,34008,114
2007/6/5,10366,34378,370
2007/6/6,5310,33414,-964
2007/6/7,5542,33416,2
2007/6/8,9158,33516,100
2007/6/11,4954,33266,-250
2007/6/12,5756,33668,402
2007/6/13,2966,33580,-88
2007/6/14,19834,37572,3992
2007/6/15,19130,37482,-90
2007/6/18,6718,38184,702
2007/6/19,3500,37308,-876
2007/6/20,4984,37230,-78
2007/6/21,2454,36764,-466
2007/6/22,3168,36686,-78
2007/6/25,3154,36274,-412
2007/6/26,5108,36044,-230
2007/6/27,7826,35628,-416
2007/6/28,4078,34934,-694
2007/6/29,5358,32958,-1976
2007/7/2,7226,34444,1486
2007/7/3,14390,35200,756
2007/7/4,9816,34290,-910
2007/7/5,3804,34454,164
2007/7/6,5124,35264,810
2007/7/9,16240,37374,2110
2007/7/10,12532,36440,-934
2007/7/11,6610,36926,486
2007/7/12,7960,36252,-674
2007/7/13,9300,35944,-308
2007/7/16,3346,35006,-938
2007/7/17,6388,33170,-1836
2007/7/18,2212,32928,-242
2007/7/19,5418,30984,-1944
2007/7/20,9524,29548,-1436
2007/7/23,7556,26508,-3040
2007/7/24,10046,25048,-1460
2007/7/25,10662,26936,1888
2007/7/26,9146,26302,-634
2007/7/27,8722,24252,-2050
2007/7/30,3822,23976,-276
2007/7/31,5252,24434,458
2007/8/1,7188,23438,-996
2007/8/2,3490,23268,-170
2007/8/3,3340,23756,488
2007/8/6,7516,24332,576
2007/8/7,3112,24698,366
2007/8/8,2004,24584,-114
2007/8/9,1768,24418,-166
2007/8/10,6490,24788,370
2007/8/13,3034,24274,-514
2007/8/14,2042,23700,-574
2007/8/15,4188,24040,340
2007/8/16,7262,24228,188
2007/8/17,14888,23878,-350
2007/8/20,7988,29696,5818
2007/8/21,6922,30094,398
2007/8/22,6288,30250,156
2007/8/23,7146,29852,-398
2007/8/24,3006,29050,-802
2007/8/27,3520,29212,162
2007/8/28,2058,29250,38
2007/8/29,2066,29206,-44
2007/8/30,1710,29046,-160
2007/8/31,1384,29106,60
2007/9/3,1910,29036,-70
2007/9/4,1630,29236,200
2007/9/5,2466,29670,434
2007/9/6,2030,30150,480
2007/9/7,1688,29874,-276
2007/9/10,2630,29440,-434
2007/9/11,1774,29098,-342
2007/9/12,1552,28682,-416
2007/9/13,1072,28956,274
2007/9/14,2142,29124,168
2007/9/17,4104,30582,1458
2007/9/18,4608,31166,584
2007/9/19,3266,30902,-264
2007/9/20,3904,30400,-502
2007/9/21,1826,30484,84
2007/9/24,1596,30622,138
2007/9/25,2476,30502,-120
2007/9/26,2414,30546,44
2007/9/27,1454,30820,274
2007/9/28,6230,31234,414
2007/10/8,4042,31064,-170
2007/10/9,3462,31286,222
2007/10/10,2214,31486,200
2007/10/11,2306,31480,-6
2007/10/12,2754,32494,1014
2007/10/15,3872,32836,342
2007/10/16,5402,32020,-816
2007/10/17,3354,31986,-34
2007/10/18,5484,31802,-184
2007/10/19,3906,30694,-1108
2007/10/22,3370,30358,-336
2007/10/23,5456,30076,-282
2007/10/24,6114,29464,-612
2007/10/25,6850,28116,-1348
2007/10/26,41606,36132,8016
2007/10/29,26774,39708,3576
2007/10/30,14282,38954,-754
2007/10/31,10628,38476,-478
2007/11/1,25124,36896,-1580
2007/11/2,21604,36476,-420
2007/11/5,24434,37620,1144
2007/11/6,23652,38472,852
2007/11/7,19690,40690,2218
2007/11/8,19756,38680,-2010
2007/11/9,14412,36984,-1696
2007/11/12,16410,35996,-988
2007/11/13,25408,34276,-1720
2007/11/14,9378,34514,238
2007/11/15,9890,34666,152
2007/11/16,29272,34570,-96
2007/11/19,12678,33592,-978
2007/11/20,45720,33826,234
2007/11/21,14554,33288,-538
2007/11/22,11892,30844,-2444
2007/11/23,8320,29884,-960
2007/11/26,6668,29120,-764
2007/11/27,3974,27916,-1204
2007/11/28,3630,26924,-992
2007/11/29,5238,25920,-1004
2007/11/30,13810,25914,-6
2007/12/3,7900,25146,-768
2007/12/4,17766,26124,978
2007/12/5,8172,24348,-1776
2007/12/6,5320,23954,-394
2007/12/7,4410,23730,-224
2007/12/10,3942,24132,402
2007/12/11,4310,24932,800
2007/12/12,7282,24574,-358
2007/12/13,7932,26048,1474
2007/12/14,5102,26224,176
2007/12/17,3362,26018,-206
2007/12/18,2268,25720,-298
2007/12/19,1124,25564,-156
2007/12/20,4430,25038,-526
2007/12/21,3944,23532,-1506
2007/12/24,16316,22846,-686
2007/12/25,22458,31086,8240
2007/12/26,4372,30342,-744
2007/12/27,7972,29452,-890
2007/12/28,6214,28258,-1194
2008/1/2,4514,29616,1358
2008/1/3,4852,30036,420
2008/1/4,43628,37114,7078
2008/1/7,14054,33582,-3532
2008/1/8,6438,33360,-222
2008/1/9,17572,34226,866
2008/1/10,6038,33170,-1056
2008/1/11,4474,33542,372
2008/1/14,4138,33474,-68
2008/1/15,5932,33290,-184
2008/1/16,9134,32240,-1050
2008/1/17,3296,31332,-908
2008/1/18,2130,30504,-828
2008/1/21,2810,29956,-548
2008/1/22,5530,28938,-1018
2008/1/23,5624,27184,-1754
2008/1/24,7320,26644,-540
2008/1/25,5400,25724,-920
2008/1/28,24444,35048,9324
2008/1/29,38704,44764,9716
2008/1/30,110182,47458,2694
2008/1/31,65140,47852,394
2008/2/1,68130,48514,662
2008/2/4,25598,48474,-40
2008/2/5,21970,48790,316
2008/2/13,24174,49172,382
2008/2/14,84296,56058,6886
2008/2/15,38532,54946,-1112
2008/2/18,30960,50166,-4780
2008/2/19,14414,47568,-2598
2008/2/20,9624,45126,-2442
2008/2/21,11664,43066,-2060
2008/2/22,66958,56488,13422
2008/2/25,61692,60202,3714
2008/2/26,40186,55878,-4324
2008/2/27,43048,60522,4644
2008/2/28,78562,67446,6924
2008/2/29,33928,65718,-1728
2008/3/3,49300,67882,2164
2008/3/4,88410,71056,3174
2008/3/5,149082,86814,15758
2008/3/6,105462,82840,-3974
2008/3/7,144692,83966,1126
2008/3/10,153236,80026,-3940
2008/3/11,63754,80980,954
2008/3/12,99508,68946,-12034
2008/3/13,58266,66490,-2456
2008/3/14,42072,64570,-1920
2008/3/17,22896,61100,-3470
2008/3/18,86510,61100,0
2008/3/19,66850,58008,-3092
2008/3/20,101330,58990,982
2008/3/21,49612,60758,1768
2008/3/24,54042,58118,-2640
2008/3/25,65288,61722,3604
2008/3/26,100558,66714,4992
2008/3/27,102022,68328,1614
2008/3/28,82848,70338,2010
2008/3/31,74704,74764,4426
2008/4/1,81276,68160,-6604
2008/4/2,56108,67158,-1002
2008/4/3,40534,64820,-2338
2008/4/7,39096,61904,-2916
2008/4/8,28692,60952,-952
2008/4/9,57350,62840,1888
2008/4/10,43280,64934,2094
2008/4/11,24530,63176,-1758
2008/4/14,35286,61076,-2100
2008/4/15,20398,61072,-4
2008/4/16,15572,59018,-2054
2008/4/17,14774,57886,-1132
2008/4/18,7644,56244,-1642
2008/4/21,9108,54610,-1634
2008/4/22,10938,52610,-2000
2008/4/23,12490,49922,-2688
2008/4/24,8324,48728,-1194
2008/4/25,4242,47640,-1088
2008/4/28,4398,46544,-1096
2008/4/29,6066,43770,-2774
2008/4/30,7196,41184,-2586
2008/5/5,15342,45170,3986
2008/5/6,20532,46358,1188
2008/5/7,21124,45278,-1080
2008/5/8,15830,44002,-1276
2008/5/9,10672,43476,-526
2008/5/12,11518,44638,1162
2008/5/13,17694,47412,2774
2008/5/14,29058,50750,3338
2008/5/15,12566,48848,-1902
2008/5/16,36764,50860,2012
2008/5/19,20580,48032,-2828
2008/5/20,12082,45410,-2622
2008/5/21,10034,42372,-3038
2008/5/22,6094,41224,-1148
2008/5/23,8534,38740,-2484
2008/5/26,51620,44856,6116
2008/5/27,29010,42660,-2196
2008/5/28,30392,44042,1382
2008/5/29,29064,42504,-1538
2008/5/30,32942,42056,-448
2008/6/2,18510,41992,-64
2008/6/3,21828,42250,258
2008/6/4,16276,42892,642
2008/6/5,15276,43312,420
2008/6/6,15530,44192,880
2008/6/10,26524,43720,-472
2008/6/11,20070,45584,1864
2008/6/12,22778,46810,1226
2008/6/13,10612,45012,-1798
2008/6/16,8938,43184,-1828
2008/6/17,6072,42352,-832
2008/6/18,13818,42012,-340
2008/6/19,5714,40494,-1518
2008/6/20,44800,53204,12710
2008/6/23,41154,54866,1662
2008/6/24,24764,50820,-4046
2008/6/25,16540,50288,-532
2008/6/26,13708,50332,44
2008/6/27,14178,50986,654
2008/6/30,16396,52472,1486
2008/7/1,12080,51830,-642
2008/7/2,34080,58782,6952
2008/7/3,83514,63208,4426
2008/7/4,36646,60566,-2642
2008/7/7,73632,70944,10378
2008/7/8,112144,75038,4094
2008/7/9,58068,68958,-6080
2008/7/10,47608,69794,836
2008/7/11,74400,78620,8826
2008/7/14,56212,70752,-7868
2008/7/15,28598,66630,-4122
2008/7/16,23180,60822,-5808
2008/7/17,27144,57034,-3788
2008/7/18,12626,53086,-3948
2008/7/21,10914,49858,-3228
2008/7/22,5924,48162,-1696
2008/7/23,6706,46184,-1978
2008/7/24,5302,44616,-1568
2008/7/25,4640,42692,-1924
2008/7/28,3122,41606,-1086
2008/7/29,3664,40714,-892
2008/7/30,4684,40082,-632
2008/7/31,3530,38630,-1452
2008/8/1,3652,36886,-1744
2008/8/4,18008,41878,4992
2008/8/5,48614,43712,1834
2008/8/6,15932,41430,-2282
2008/8/7,13248,40538,-892
2008/8/8,8484,40670,132
2008/8/11,19250,38344,-2326
2008/8/12,32576,39364,1020
2008/8/13,28768,37136,-2228
2008/8/14,22914,36014,-1122
2008/8/15,13908,34630,-1384
2008/8/18,10818,32570,-2060
2008/8/19,14260,32496,-74
2008/8/20,71724,32992,496
2008/8/21,34328,31224,-1768
2008/8/22,25090,31292,68
2008/8/25,19658,33024,1732
2008/8/26,22612,33246,222
2008/8/27,18176,33780,534
2008/8/28,25276,35794,2014
2008/8/29,24600,38662,2868
2008/9/1,33696,42486,3824
2008/9/2,62078,44028,1542
2008/9/3,70830,44848,820
2008/9/4,44464,46932,2084
2008/9/5,62836,47120,188
2008/9/8,40816,46852,-268
2008/9/9,61152,47206,354
2008/9/10,64162,47950,744
2008/9/11,58078,45564,-2386
2008/9/12,41156,43170,-2394
2008/9/16,36384,40160,-3010
2008/9/17,25576,36832,-3328
2008/9/18,85334,44094,7262
2008/9/19,87796,48222,4128
2008/9/22,97500,46830,-1392
2008/9/23,123766,55124,8294
2008/9/24,122406,57242,2118
2008/9/25,124106,57666,424
2008/9/26,81216,55140,-2526
2008/10/6,1390,53980,-1160
2008/10/7,106980,57346,3366
2008/10/8,151038,57378,32
2008/10/9,195926,60820,3442
2008/10/10,55612,61422,602
2008/10/13,219062,61108,-314
2008/10/14,113332,48694,-12414
2008/10/15,170834,48868,174
2008/10/16,228396,66136,17268
2008/10/17,253952,56678,-9458
2008/10/20,221146,62422,5744
2008/10/21,279374,79518,17096
2008/10/22,281744,108960,29442
2008/10/23,375232,119678,10718
2008/10/24,290384,104764,-14914
2008/10/27,416766,114818,10054
2008/10/28,338068,96574,-18244
2008/10/29,197418,86144,-10430
2008/10/30,386184,97032,10888
2008/10/31,162362,81254,-15778
2008/11/3,167206,76446,-4808
2008/11/4,115566,75580,-866
2008/11/5,176598,83798,8218
2008/11/6,182990,97256,13458
2008/11/7,232516,88614,-8642
2008/11/10,159824,77308,-11306
2008/11/11,100012,76614,-694
2008/11/12,79962,72524,-4090
2008/11/13,104164,71528,-996
2008/11/14,66356,68958,-2570
2008/11/17,74756,67764,-1194
2008/11/18,56066,63418,-4346
2008/11/19,23674,57766,-5652
2008/11/20,38036,52948,-4818
2008/11/21,197614,77684,24736
2008/11/24,92240,75242,-2442
2008/11/25,80888,74654,-588
2008/11/26,75350,74252,-402
2008/11/27,118566,88728,14476
2008/11/28,155268,105682,16954
2008/12/1,232814,93896,-11786
2008/12/2,252820,106674,12778
2008/12/3,186804,98522,-8152
2008/12/4,28376,91056,-7466
2008/12/5,57156,85690,-5366
2008/12/8,0,71838,-13852
2008/12/9,251292,88714,16876
2008/12/10,471842,70638,-18076
2008/12/11,298722,63948,-6690
2008/12/12,252840,58216,-5732
2008/12/15,322460,84218,26002
2008/12/16,283932,116336,32118
2008/12/17,747966,121986,5650
2008/12/18,400900,113958,-8028
2008/12/19,380440,113868,-90
2008/12/22,549322,114978,1110
2008/12/23,215500,110148,-4830
2008/12/24,331068,123860,13712
2008/12/25,340044,121138,-2722
2008/12/26,340242,106196,-14942
2008/12/29,374518,109428,3232
2008/12/30,226250,103270,-6158
2008/12/31,254488,101566,-1704
2009/1/5,495224,113142,11576
2009/1/6,638792,120086,6944
2009/1/7,735488,116336,-3750
2009/1/8,288846,99742,-16594
2009/1/9,422174,86846,-12896
2009/1/12,352524,98162,11316
2009/1/13,273914,88720,-9442
2009/1/14,180830,79704,-9016
2009/1/15,76288,69586,-10118
2009/1/16,121138,76420,6834
2009/1/19,118570,79314,2894
2009/1/20,217234,98954,19640
2009/1/21,279706,96838,-2116
2009/1/22,334770,90014,-6824
2009/1/23,160098,85738,-4276
2009/2/2,105024,88088,2350
2009/2/3,152742,94918,6830
2009/2/4,164690,95574,656
2009/2/5,121652,91256,-4318
2009/2/6,84452,85828,-5428
2009/2/9,161214,87384,1556
2009/2/10,65090,75336,-12048
2009/2/11,133624,83424,8088
2009/2/12,194134,95124,11700
2009/2/13,118338,91988,-3136
2009/2/16,136016,93488,1500
2009/2/17,165388,105126,11638
2009/2/18,310066,105112,-14
2009/2/19,212856,105688,576
2009/2/20,316646,135618,29930
2009/2/23,272292,116530,-19088
2009/2/24,191870,116768,238
2009/2/25,118502,98060,-18708
2009/2/26,87802,90218,-7842
2009/2/27,77724,89874,-344
2009/3/2,61846,88564,-1310
2009/3/3,36468,86606,-1958
2009/3/4,49666,88822,2216
2009/3/5,50846,81956,-6866
2009/3/6,25398,79444,-2512
2009/3/9,29256,75940,-3504
2009/3/10,91118,74500,-1440
2009/3/11,50462,74574,74
2009/3/12,53352,76152,1578
2009/3/13,84384,81984,5832
2009/3/16,90334,88772,6788
2009/3/17,96612,87210,-1562
2009/3/18,91022,92574,5364
2009/3/19,161386,108554,15980
2009/3/20,208432,103770,-4784
2009/3/23,405510,112008,8238
2009/3/24,246344,104344,-7664
2009/3/25,160622,110572,6228
2009/3/26,170166,117198,6626
2009/3/27,136690,113454,-3744
2009/3/30,89960,117024,3570
2009/3/31,78910,113492,-3532
2009/4/1,55820,109444,-4048
2009/4/2,94044,108048,-1396
2009/4/3,41150,106072,-1976
2009/4/7,170408,119644,13572
2009/4/8,131610,119522,-122
2009/4/9,159816,119742,220
2009/4/10,232320,121886,2144
2009/4/13,348094,123856,1970
2009/4/14,184566,119386,-4470
2009/4/15,286474,130154,10768
2009/4/16,395932,139034,8880
2009/4/17,281424,131442,-7592
2009/4/20,148586,133988,2546
2009/4/21,364954,143274,9286
2009/4/22,144326,117040,-26234
2009/4/23,99276,112458,-4582
2009/4/24,72120,104992,-7466
2009/4/27,73068,101670,-3322
2009/4/28,54024,99010,-2660
2009/4/29,33764,94082,-4928
2009/4/30,22466,91224,-2858
2009/5/4,46744,86586,-4638
2009/5/5,129974,90298,3712
2009/5/6,77598,89788,-510
2009/5/7,90070,91216,1428
2009/5/8,71326,87462,-3754
2009/5/11,63390,85772,-1690
2009/5/12,52688,85438,-334
2009/5/13,42642,84804,-634
2009/5/14,76280,84168,-636
2009/5/15,42210,84550,382
2009/5/18,49900,84614,64
2009/5/19,71302,88650,4036
2009/5/20,47584,86764,-1886
2009/5/21,71298,87336,572
2009/5/22,46764,89520,2184
2009/5/25,22414,86512,-3008
2009/5/26,13234,84086,-2426
2009/5/27,10634,79750,-4336
2009/6/1,24850,76314,-3436
2009/6/2,17586,72574,-3740
2009/6/3,95674,96892,24318
2009/6/4,83638,97678,786
2009/6/5,215210,117938,20260
2009/6/8,92226,114234,-3704
2009/6/9,139952,109838,-4396
2009/6/10,104236,108876,-962
2009/6/11,85862,104594,-4282
2009/6/12,72450,96384,-8210
2009/6/15,99762,95170,-1214
2009/6/16,65986,91974,-3196
2009/6/17,53930,93652,1678
2009/6/18,48958,93490,-162
2009/6/19,32556,90104,-3386
2009/6/22,51176,88286,-1818
2009/6/23,51498,83152,-5134
2009/6/24,28784,83526,374
2009/6/25,41992,78240,-5286
2009/6/26,27068,74776,-3464
2009/6/29,13348,69832,-4944
2009/6/30,9596,69132,-700
2009/7/1,5646,67054,-2078
2009/7/2,8204,65462,-1592
2009/7/3,26394,61300,-4162
2009/7/6,36008,70330,9030
2009/7/7,21902,69954,-376
2009/7/8,35118,70552,598
2009/7/9,33516,71362,810
2009/7/10,16982,71358,-4
2009/7/13,37128,75200,3842
2009/7/14,23338,74402,-798
2009/7/15,38606,68420,-5982
2009/7/16,35936,64040,-4380
2009/7/17,51978,67406,3366
2009/7/20,78298,70194,2788
2009/7/21,32842,65342,-4852
2009/7/22,18700,63584,-1758
2009/7/23,20212,59814,-3770
2009/7/24,31888,58162,-1652
2009/7/27,241638,116590,58428
2009/7/28,328602,112452,-4138
2009/7/29,247292,96782,-15670
2009/7/30,268446,116960,20178
2009/7/31,437334,140176,23216
2009/8/3,532736,130828,-9348
2009/8/4,328990,122506,-8322
2009/8/5,329368,116142,-6364
2009/8/6,390308,125188,9046
2009/8/7,251984,116506,-8682
2009/8/10,166498,114892,-1614
2009/8/11,171288,112168,-2724
2009/8/12,151856,115244,3076
2009/8/13,161374,107652,-7592
2009/8/14,138124,103498,-4154
2009/8/17,310228,109534,6036
2009/8/18,221998,96930,-12604
2009/8/19,223178,88816,-8114
2009/8/20,148320,83592,-5224
2009/8/21,86122,82608,-984
2009/8/24,69386,80476,-2132
2009/8/25,128208,86740,6264
2009/8/26,95010,90940,4200
2009/8/27,93510,93372,2432
2009/8/28,74834,91052,-2320
2009/8/31,88098,91742,690
2009/9/1,90320,90898,-844
2009/9/2,91050,92060,1162
2009/9/3,60722,89930,-2130
2009/9/4,194432,98978,9048
2009/9/7,87126,95942,-3036
2009/9/8,118710,109644,13702
2009/9/9,118404,113510,3866
2009/9/10,75304,113474,-36
2009/9/11,66846,103334,-10140
2009/9/14,155614,99220,-4114
2009/9/15,57268,98628,-592
2009/9/16,35410,96808,-1820
2009/9/17,81556,98428,1620
2009/9/18,39492,96270,-2158
2009/9/21,41050,93144,-3126
2009/9/22,23598,92386,-758
2009/9/23,62654,91912,-474
2009/9/24,33500,91232,-680
2009/9/25,39670,90954,-278
2009/9/28,43324,86296,-4658
2009/9/29,28274,81532,-4764
2009/9/30,27590,76372,-5160
2009/10/9,26390,74276,-2096
2009/10/12,13866,71226,-3050
2009/10/13,7956,69806,-1420
2009/10/14,8314,66948,-2858
2009/10/15,5502,65908,-1040
2009/10/16,2550,65188,-720
2009/10/19,4252,63454,-1734
2009/10/20,6782,60512,-2942
2009/10/21,28464,64746,4234
2009/10/22,47828,66318,1572
2009/10/23,43898,71298,4980
2009/10/26,155310,99248,27950
2009/10/27,84056,98452,-796
2009/10/28,317948,119678,21226
2009/10/29,120394,101258,-18420
2009/10/30,62520,100158,-1100
2009/11/2,42538,99152,-1006
2009/11/3,40838,99778,626
2009/11/4,73830,104740,4962
2009/11/5,28630,103316,-1424
2009/11/6,27692,100680,-2636
2009/11/9,28748,98262,-2418
2009/11/10,34016,88462,-9800
2009/11/11,15988,84840,-3622
2009/11/12,16946,82972,-1868
2009/11/13,10512,78860,-4112
2009/11/16,28248,68400,-10460
2009/11/17,74376,83910,15510
2009/11/18,84300,95732,11822
2009/11/19,102812,110750,15018
2009/11/20,104106,117024,6274
2009/11/23,119224,129290,12266
2009/11/24,95462,111722,-17568
2009/11/25,37328,108592,-3130
2009/11/26,42746,105778,-2814
2009/11/27,75054,92086,-13692
2009/11/30,31576,88540,-3546
2009/12/1,16286,85194,-3346
2009/12/2,19842,79622,-5572
2009/12/3,20938,76922,-2700
2009/12/4,10348,71586,-5336
2009/12/7,16862,69278,-2308
2009/12/8,219050,104476,35198
2009/12/9,102094,93780,-10696
2009/12/10,198672,110108,16328
2009/12/11,197212,122608,12500
2009/12/14,248808,143776,21168
2009/12/15,136152,135768,-8008
2009/12/16,96766,131462,-4306
2009/12/17,89454,125622,-5840
2009/12/18,71060,118886,-6736
2009/12/21,56840,113262,-5624
2009/12/22,93138,118068,4806
2009/12/23,52082,112300,-5768
2009/12/24,56448,108126,-4174
2009/12/25,51332,102038,-6088
2009/12/28,78772,97092,-4946
2009/12/29,61114,87380,-9712
2009/12/30,125356,120136,32756
2009/12/31,122488,126712,6576
2010/1/4,131892,127660,948
2010/1/5,215870,146912,19252
2010/1/6,430170,164378,17466
2010/1/7,495942,159386,-4992
2010/1/8,356244,145602,-13784
2010/1/11,335398,163544,17942
2010/1/12,520554,175814,12270
2010/1/13,374130,149034,-26780
2010/1/14,182448,148542,-492
2010/1/15,223298,141990,-6552
2010/1/18,107274,139062,-2928
2010/1/19,147694,123694,-15368
2010/1/20,71252,115292,-8402
2010/1/21,41894,112484,-2808
2010/1/22,59878,104184,-8300
2010/1/25,164152,110512,6328
2010/1/26,167954,111578,1066
2010/1/27,130144,112064,486
2010/1/28,246752,115150,3086
2010/1/29,216634,108346,-6804
2010/2/1,365148,117644,9298
2010/2/2,195952,107990,-9654
2010/2/3,265786,112130,4140
2010/2/4,205216,107566,-4564
2010/2/5,182194,105306,-2260
2010/2/8,130992,104850,-456
2010/2/9,140462,108500,3650
2010/2/10,83172,102576,-5924
2010/2/11,67278,102154,-422
2010/2/12,72272,97864,-4290
2010/2/22,63050,98560,696
2010/2/23,61102,104384,5824
2010/2/24,41798,98802,-5582
2010/2/25,42188,96294,-2508
2010/2/26,24018,96512,218
2010/3/1,21840,92016,-4496
2010/3/2,11246,90918,-1098
2010/3/3,60112,89660,-1258
2010/3/4,48716,89830,170
2010/3/5,64712,95922,6092
2010/3/8,139822,115550,19628
2010/3/9,71682,113194,-2356
2010/3/10,89756,114720,1526
2010/3/11,78846,110576,-4144
2010/3/12,52680,111042,466
2010/3/15,82646,114042,3000
2010/3/16,70996,110434,-3608
2010/3/17,71450,110576,142
2010/3/18,82628,114318,3742
2010/3/19,141928,121086,6768
2010/3/22,69272,114578,-6508
2010/3/23,78872,121740,7162
2010/3/24,108532,123770,2030
2010/3/25,125426,131332,7562
2010/3/26,113812,124822,-6510
2010/3/29,57960,121894,-2928
2010/3/30,51436,113658,-8236
2010/3/31,32018,113966,308
2010/4/1,47394,107396,-6570
2010/4/2,20552,105076,-2320
2010/4/6,30028,101572,-3504
2010/4/7,16004,96674,-4898
2010/4/8,67180,99148,2474
2010/4/9,47814,101560,2412
2010/4/12,154246,136546,34986
2010/4/13,287364,152698,16152
2010/4/14,128282,153000,302
2010/4/15,101608,159682,6682
2010/4/16,80184,161118,1436
2010/4/19,127606,142460,-18658
2010/4/20,66292,140320,-2140
2010/4/21,60516,140740,420
2010/4/22,51716,134870,-5870
2010/4/23,51328,136510,1640
2010/4/26,51810,141154,4644
2010/4/27,63486,139046,-2108
2010/4/28,136204,128566,-10480
2010/4/29,68562,126300,-2266
2010/4/30,51520,118176,-8124
2010/5/4,38856,116046,-2130
2010/5/5,39296,113254,-2792
2010/5/6,41636,106866,-6388
2010/5/7,48990,100072,-6794
2010/5/10,23574,96318,-3754
2010/5/11,25012,91602,-4716
2010/5/12,11938,89496,-2106
2010/5/13,10246,88830,-666
2010/5/14,13934,86424,-2406
2010/5/17,22658,80720,-5704
2010/5/18,174640,86004,5284
2010/5/19,149688,86158,154
2010/5/20,74656,87646,1488
2010/5/21,76382,87354,-292
2010/5/24,78112,91602,4248
2010/5/25,57806,88770,-2832
2010/5/26,50476,87894,-876
2010/5/27,47934,89202,1308
2010/5/28,66112,89490,288
2010/5/31,46398,89018,-472
2010/6/1,23740,89230,212
2010/6/2,40390,86472,-2758
2010/6/3,31264,85644,-828
2010/6/4,30888,83682,-1962
2010/6/7,16252,81000,-2682
2010/6/8,105518,80090,-910
2010/6/9,116160,85332,5242
2010/6/10,116422,83000,-2332
2010/6/11,66022,80882,-2118
2010/6/17,46288,82432,1550
2010/6/18,69670,81996,-436
2010/6/21,197572,99966,17970
2010/6/22,119832,95356,-4610
2010/6/23,112852,90920,-4436
2010/6/24,89258,91594,674
2010/6/25,65956,89340,-2254
2010/6/28,62092,89606,266
2010/6/29,94222,89052,-554
2010/6/30,55440,85256,-3796
2010/7/1,44442,86482,1226
2010/7/2,33868,84244,-2238
2010/7/5,22866,81480,-2764
2010/7/6,13684,79774,-1706
2010/7/7,11302,79502,-272
2010/7/8,11788,77864,-1638
2010/7/9,7956,76220,-1644
2010/7/12,7308,75346,-874
2010/7/13,7362,74734,-612
2010/7/14,5580,73906,-828
2010/7/15,5560,72440,-1466
2010/7/16,9210,69020,-3420
2010/7/19,47134,75356,6336
2010/7/20,64552,83258,7902
2010/7/21,42304,82318,-940
2010/7/22,42264,84692,2374
2010/7/23,73254,93484,8792
2010/7/26,93230,96638,3154
2010/7/27,61474,94790,-1848
2010/7/28,51512,95620,830
2010/7/29,54370,94570,-1050
2010/7/30,44506,92092,-2478
2010/8/2,61270,90688,-1404
2010/8/3,33014,88804,-1884
2010/8/4,109672,96692,7888
2010/8/5,129126,99584,2892
2010/8/6,64342,102332,2748
2010/8/9,81926,108932,6600
2010/8/10,99298,110234,1302
2010/8/11,82774,106242,-3992
2010/8/12,80144,101132,-5110
2010/8/13,63624,99746,-1386
2010/8/16,72700,102776,3030
2010/8/17,45158,102126,-650
2010/8/18,78496,101976,-150
2010/8/19,53530,99376,-2600
2010/8/20,56280,96226,-3150
2010/8/23,56466,92044,-4182
2010/8/24,31978,91828,-216
2010/8/25,22240,90388,-1440
2010/8/26,20246,91638,1250
2010/8/27,9206,90512,-1126
2010/8/30,30462,89344,-1168
2010/8/31,56672,83170,-6174
2010/9/1,71216,89722,6552
2010/9/2,79142,99006,9284
2010/9/3,72476,109000,9994
2010/9/6,105712,128720,19720
2010/9/7,229472,142104,13384
2010/9/8,81200,139000,-3104
2010/9/9,115444,116102,-22898
2010/9/10,78722,120954,4852
2010/9/13,66552,122300,1346
2010/9/14,47718,120402,-1898
2010/9/15,37288,120796,394
2010/9/16,29284,119190,-1606
2010/9/17,31038,122560,3370
2010/9/20,51186,122282,-278
2010/9/21,32556,116776,-5506
2010/9/27,42678,112422,-4354
2010/9/28,27416,110142,-2280
2010/9/29,21758,107702,-2440
2010/9/30,22830,103232,-4470
2010/10/8,19080,101512,-1720
2010/10/11,45740,102680,1168
2010/10/12,110894,125384,22704
2010/10/13,113854,136620,11236
2010/10/14,132130,143560,6940
2010/10/15,104078,151268,7708
2010/10/18,75974,144342,-6926
2010/10/19,99124,144318,-24
2010/10/20,66058,135324,-8994
2010/10/21,78548,135868,544
2010/10/22,115260,141568,5700
2010/10/25,181160,151118,9550
2010/10/26,129852,141466,-9652
2010/10/27,97048,133754,-7712
2010/10/28,57930,126112,-7642
2010/10/29,106768,119376,-6736
2010/11/1,45896,116200,-3176
2010/11/2,23978,114844,-1356
2010/11/3,31504,108700,-6144
2010/11/4,79870,115248,6548
2010/11/5,278596,155578,40330
2010/11/8,131054,138710,-16868
2010/11/9,149872,147008,8298
2010/11/10,238520,154468,7460
2010/11/11,267652,164140,9672
2010/11/12,566944,137736,-26404
2010/11/15,310920,119652,-18084
2010/11/16,121658,114232,-5420
2010/11/17,320242,111504,-2728
2010/11/18,141974,96414,-15090
2010/11/19,58098,93428,-2986
2010/11/22,45572,93372,-56
2010/11/23,93952,90396,-2976
2010/11/24,33122,86204,-4192
2010/11/25,14694,85138,-1066
2010/11/26,19674,82382,-2756
2010/11/29,8878,78984,-3398
2010/11/30,7900,77608,-1376
2010/12/1,6820,75420,-2188
2010/12/2,10322,73342,-2078
2010/12/3,28672,75290,1948
2010/12/6,18558,76546,1256
2010/12/7,17810,77566,1020
2010/12/8,23624,78466,900
2010/12/9,31714,82874,4408
2010/12/10,16396,81220,-1654
2010/12/13,43598,88682,7462
2010/12/14,28968,88252,-430
2010/12/15,79100,93458,5206
2010/12/16,25570,92920,-538
2010/12/17,26304,93572,652
2010/12/20,40462,93448,-124
2010/12/21,27212,92220,-1228
2010/12/22,46394,90300,-1920
2010/12/23,43296,97454,7154
2010/12/24,28336,97998,544
2010/12/27,19612,96116,-1882
2010/12/28,20004,95310,-806
2010/12/29,27012,94786,-524
2010/12/30,25914,96046,1260
2010/12/31,18540,91900,-4146
2011/1/4,19254,88710,-3190
2011/1/5,8488,86078,-2632
2011/1/6,8504,84028,-2050
2011/1/7,19336,81120,-2908
2011/1/10,7754,78870,-2250
2011/1/11,7982,76740,-2130
2011/1/12,28906,81822,5082
2011/1/13,25152,82980,1158
2011/1/14,22188,82972,-8
2011/1/17,22678,84844,1872
2011/1/18,24226,85124,280
2011/1/19,17550,85298,174
2011/1/20,19894,82562,-2736
2011/1/21,22272,82696,134
2011/1/24,12724,83832,1136
2011/1/25,15210,81198,-2634
2011/1/26,17668,79740,-1458
2011/1/27,12054,79652,-88
2011/1/28,15004,80670,1018
2011/1/31,15034,76534,-4136
2011/2/1,18888,78552,2018
2011/2/9,15208,79682,1130
2011/2/10,9472,77326,-2356
2011/2/11,11028,76166,-1160
2011/2/14,6942,74666,-1500
2011/2/15,6428,72960,-1706
2011/2/16,6266,72324,-636
2011/2/17,2972,71536,-788
2011/2/18,3198,70820,-716
2011/2/21,107176,108818,37998
2011/2/22,75502,104606,-4212
2011/2/23,40966,102246,-2360
2011/2/24,31430,99500,-2746
2011/2/25,26356,103192,3692
2011/2/28,24776,107654,4462
2011/3/1,33716,108720,1066
2011/3/2,26342,106372,-2348
2011/3/3,19028,106566,194
2011/3/4,25496,108742,2176
2011/3/7,22612,107454,-1288
2011/3/8,29552,102246,-5208
2011/3/9,18834,97396,-4850
2011/3/10,30826,94218,-3178
2011/3/11,21220,89582,-4636
2011/3/14,25678,87886,-1696
2011/3/15,21590,90852,2966
2011/3/16,15404,86114,-4738
2011/3/17,15964,81612,-4502
2011/3/18,8838,78964,-2648
2011/3/21,7590,78378,-586
2011/3/22,8772,76882,-1496
2011/3/23,6532,75948,-934
2011/3/24,10786,73328,-2620
2011/3/25,7714,71342,-1986
2011/3/28,10130,68230,-3112
2011/3/29,16460,72638,4408
2011/3/30,14158,70526,-2112
2011/3/31,11502,70040,-486
2011/4/1,8726,70312,272
2011/4/6,11522,72632,2320
2011/4/7,11696,74394,1762
2011/4/8,13130,75390,996
2011/4/11,22836,78754,3364
2011/4/12,14324,77146,-1608
2011/4/13,9928,76446,-700
2011/4/14,9576,76132,-314
2011/4/15,9290,75180,-952
2011/4/18,8638,75322,142
2011/4/19,14744,73180,-2142
2011/4/20,12490,73652,472
2011/4/21,10348,71824,-1828
2011/4/22,9168,69146,-2678
2011/4/25,8230,67210,-1936
2011/4/26,13448,64668,-2542
2011/4/27,6722,62596,-2072
2011/4/28,16720,65708,3112
2011/4/29,12754,66776,1068
2011/5/3,10434,69362,2586
2011/5/4,15340,73606,4244
2011/5/5,21468,76146,2540
2011/5/6,33470,71136,-5010
2011/5/9,10850,70408,-728
2011/5/10,13128,69300,-1108
2011/5/11,8328,68992,-308
2011/5/12,16850,69168,176
2011/5/13,13686,66608,-2560
2011/5/16,11978,65470,-1138
2011/5/17,8368,66444,974
2011/5/18,17226,65910,-534
2011/5/19,8748,62682,-3228
2011/5/20,8050,60482,-2200
2011/5/23,4832,59998,-484
2011/5/24,11720,57138,-2860
2011/5/25,5598,55920,-1218
2011/5/26,4370,55388,-532
2011/5/27,4568,55528,140
2011/5/30,8742,54596,-932
2011/5/31,9140,56808,2212
2011/6/1,6528,58550,1742
2011/6/2,4718,59284,734
2011/6/3,5694,59158,-126
2011/6/7,11138,60764,1606
2011/6/8,89136,91244,30480
2011/6/9,58116,95614,4370
2011/6/10,29506,92172,-3442
2011/6/13,20132,89810,-2362
2011/6/14,24874,90458,648
2011/6/15,24410,85036,-5422
2011/6/16,28988,79536,-5500
2011/6/17,13138,78152,-1384
2011/6/20,14028,77304,-848
2011/6/21,16258,76122,-1182
2011/6/22,11748,72852,-3270
2011/6/23,9130,71202,-1650
2011/6/24,12172,69636,-1566
2011/6/27,10950,68050,-1586
2011/6/28,11024,66652,-1398
2011/6/29,7242,66404,-248
2011/6/30,8078,64542,-1862
2011/7/1,67016,90838,26296
2011/7/4,44618,100318,9480
2011/7/5,26644,95760,-4558
2011/7/6,40978,104604,8844
2011/7/7,28446,102068,-2536
2011/7/8,26696,101084,-984
2011/7/11,20198,97546,-3538
2011/7/12,22148,96838,-708
2011/7/13,18900,99726,2888
2011/7/14,16708,101290,1564
2011/7/15,48054,106160,4870
2011/7/18,34406,104270,-1890
2011/7/19,17464,102154,-2116
2011/7/20,41806,111218,9064
2011/7/21,30324,115538,4320
2011/7/22,27976,119072,3534
2011/7/25,51516,123980,4908
2011/7/26,127788,158358,34378
2011/7/27,258358,212894,54536
2011/7/28,530954,261154,48260
2011/7/29,243404,242780,-18374
2011/8/1,241188,265490,22710
2011/8/2,188438,251204,-14286
2011/8/3,237084,271772,20568
2011/8/4,380960,234908,-36864
2011/8/5,116140,209356,-25552
2011/8/8,363680,168332,-41024
2011/8/9,358652,172586,4254
2011/8/10,219644,159660,-12926
2011/8/11,278608,144402,-15258
2011/8/12,145436,133778,-10624
2011/8/15,93626,121160,-12618
2011/8/16,151974,117622,-3538
2011/8/17,108136,114404,-3218
2011/8/18,142262,114872,468
2011/8/19,127264,118566,3694
2011/8/22,65754,117762,-804
2011/8/23,54946,118376,614
2011/8/24,28276,117948,-428
2011/8/25,51516,124032,6084
2011/8/26,81516,126060,2028
2011/8/29,24246,123980,-2080
2011/8/30,40936,120300,-3680
2011/8/31,27998,117806,-2494
2011/9/1,38436,117016,-790
2011/9/2,25950,118022,1006
2011/9/5,35450,121288,3266
2011/9/6,39198,122814,1526
2011/9/7,39456,117468,-5346
2011/9/8,24228,118196,728
2011/9/9,21144,119192,996
2011/9/13,26796,117490,-1702
2011/9/14,30274,119854,2364
2011/9/15,19490,119556,-298
2011/9/16,16040,115798,-3758
2011/9/19,39440,111550,-4248
2011/9/20,20470,108612,-2938
2011/9/21,17370,103036,-5576
2011/9/22,29846,97962,-5074
2011/9/23,170922,121280,23318
2011/9/26,220524,117902,-3378
2011/9/27,141952,109846,-8056
2011/9/28,96440,106358,-3488
2011/9/29,126678,104338,-2020
2011/9/30,50090,100720,-3618
2011/10/10,38060,98980,-1740
2011/10/11,26350,98490,-490
2011/10/12,33624,97144,-1346
2011/10/13,21850,96516,-628
2011/10/14,23726,93594,-2922
2011/10/17,14798,92232,-1362
2011/10/18,52220,94396,2164
2011/10/19,34550,87854,-6542
2011/10/20,104312,83060,-4794
2011/10/21,37678,78294,-4766
2011/10/24,40142,72166,-6128
2011/10/25,70716,62352,-9814
2011/10/26,12792,59196,-3156
2011/10/27,30888,65058,5862
2011/10/28,35100,64688,-370
2011/10/31,25384,67004,2316
2011/11/1,26544,69438,2434
2011/11/2,37788,74640,5202
2011/11/3,24922,76580,1940
2011/11/4,32994,75102,-1478
2011/11/7,18586,74954,-148
2011/11/8,15110,73384,-1570
2011/11/9,12486,73342,-42
2011/11/10,108540,91530,18188
2011/11/11,35790,84166,-7364
2011/11/14,35440,81468,-2698
2011/11/15,18664,81190,-278
2011/11/16,22144,78944,-2246
2011/11/17,11412,75652,-3292
2011/11/18,18540,71804,-3848
2011/11/21,8512,68084,-3720
2011/11/22,24208,76264,8180
2011/11/23,24102,83838,7574
2011/11/24,44380,85394,1556
2011/11/25,20374,87186,1792
2011/11/28,22366,89096,1910
2011/11/29,14324,87892,-1204
2011/11/30,31968,93552,5660
2011/12/1,55136,80030,-13522
2011/12/2,15586,76616,-3414
2011/12/5,8242,74218,-2398
2011/12/6,9664,71598,-2620
2011/12/7,6662,69488,-2110
2011/12/8,8568,68150,-1338
2011/12/9,11026,65914,-2236
2011/12/12,9818,68016,2102
2011/12/13,18900,65142,-2874
2011/12/14,12074,68686,3544
2011/12/15,23106,73986,5300
2011/12/16,13970,74310,324
2011/12/19,16732,74398,88
2011/12/20,11950,75552,1154
2011/12/21,11184,72572,-2980
2011/12/22,12808,74266,1694
2011/12/23,15870,68642,-5624
2011/12/26,10638,68254,-388
2011/12/27,6282,66790,-1464
2011/12/28,10244,64606,-2184
2011/12/29,10910,63072,-1534
2011/12/30,10552,63766,694
2012/1/4,15778,60764,-3002
2012/1/5,8492,59702,-1062
2012/1/6,6754,58566,-1136
2012/1/9,6560,56754,-1812
2012/1/10,15916,52916,-3838
2012/1/11,15888,54070,1154
2012/1/12,9348,54460,390
2012/1/13,10282,54588,128
2012/1/16,11904,55774,1186
2012/1/17,20862,58036,2262
2012/1/18,15750,60960,2924
2012/1/19,6978,59524,-1436
2012/1/20,8124,57654,-1870
2012/1/30,12282,57942,288
2012/1/31,9406,59280,1338
2012/2/1,9116,58454,-826
2012/2/2,8988,57622,-832
2012/2/3,9674,57194,-428
2012/2/6,11262,57034,-160
2012/2/7,9300,55778,-1256
2012/2/8,11848,54244,-1534
2012/2/9,7822,51542,-2702
2012/2/10,13360,53436,1894
2012/2/13,10386,54874,1438
2012/2/14,9326,58164,3290
2012/2/15,10068,61028,2864
2012/2/16,12530,64066,3038
2012/2/17,9596,60498,-3568
2012/2/20,7968,59138,-1360
2012/2/21,7862,58652,-486
2012/2/22,14460,57924,-728
2012/2/23,7508,56910,-1014
2012/2/24,6696,55198,-1712
2012/2/27,13364,53278,-1920
2012/2/28,11392,54086,808
2012/2/29,7934,54790,704
2012/3/1,9200,52842,-1948
2012/3/2,9638,53880,1038
2012/3/5,5896,53168,-712
2012/3/6,7420,52472,-696
2012/3/7,7972,51478,-994
2012/3/8,3098,51190,-288
2012/3/9,5804,51514,324
2012/3/12,5148,51502,-12
2012/3/13,6788,50854,-648
2012/3/14,8794,50204,-650
2012/3/15,3186,49454,-750
2012/3/16,2702,48770,-684
2012/3/19,4394,46722,-2048
2012/3/20,4836,45542,-1180
2012/3/21,3908,44684,-858
2012/3/22,2572,44368,-316
2012/3/23,2322,43854,-514
2012/3/26,8494,44074,220
2012/3/27,4472,44018,-56
2012/3/28,6558,45238,1220
2012/3/29,9632,49038,3800
2012/3/30,5522,48042,-996
2012/4/5,8998,49362,1320
2012/4/6,6646,50208,846
2012/4/9,3646,50096,-112
2012/4/10,5250,48300,-1796
2012/4/11,7264,48424,124
2012/4/12,9158,51612,3188
2012/4/13,9652,50644,-968
2012/4/16,20548,61308,10664
2012/4/17,8076,63472,2164
2012/4/18,12238,64346,874
2012/4/19,10136,67014,2668
2012/4/20,5692,67462,448
2012/4/23,6264,67966,504
2012/4/24,15748,68266,300
2012/4/25,9356,67020,-1246
2012/4/26,4878,65250,-1770
2012/4/27,5462,63994,-1256
2012/5/2,7576,61710,-2284
2012/5/3,11594,59272,-2438
2012/5/4,15132,74482,15210
2012/5/7,15770,76178,1696
2012/5/8,13896,79842,3664
2012/5/9,25240,89130,9288
2012/5/10,15880,96014,6884
2012/5/11,19688,99970,3956
2012/5/14,16250,102524,2554
2012/5/15,19440,101410,-1114
2012/5/16,14026,97898,-3512
2012/5/17,12118,92338,-5560
2012/5/18,8332,90802,-1536
2012/5/21,8606,88028,-2774
2012/5/22,5590,87462,-566
2012/5/23,7766,86560,-902
2012/5/24,5786,84928,-1632
2012/5/25,11520,87562,2634
2012/5/28,11726,91720,4158
2012/5/29,8642,92234,514
2012/5/30,8938,95550,3316
2012/5/31,10950,97270,1720
2012/6/1,9348,100274,3004
2012/6/4,21852,102322,2048
2012/6/5,9576,100248,-2074
2012/6/6,7990,101076,828
2012/6/7,8764,100742,-334
2012/6/8,6402,101780,1038
2012/6/11,7440,99414,-2366
2012/6/12,6636,100934,1520
2012/6/13,2246,100990,56
2012/6/14,6686,100246,-744
2012/6/15,5250,100590,344
2012/6/18,7538,100346,-244
2012/6/19,10860,100172,-174
2012/6/20,14146,98738,-1434
2012/6/21,15800,92872,-5866
2012/6/25,6370,91622,-1250
2012/6/26,109300,121108,29486
2012/6/27,129788,127344,6236
2012/6/28,105826,123850,-3494
2012/6/29,83786,119326,-4524
2012/7/2,50252,116322,-3004
2012/7/3,66340,117232,910
2012/7/4,56714,112852,-4380
2012/7/5,48964,107958,-4894
2012/7/6,38878,108872,914
2012/7/9,27168,109320,448
2012/7/10,18886,110060,740
2012/7/11,17730,109960,-100
2012/7/12,16434,109150,-810
2012/7/13,18602,109604,454
2012/7/16,15068,108278,-1326
2012/7/17,9610,106124,-2154
2012/7/18,11066,104844,-1280
2012/7/19,10520,105240,396
2012/7/20,12552,101980,-3260
2012/7/23,18058,100266,-1714
2012/7/24,7920,99824,-442
2012/7/25,13442,98394,-1430
2012/7/26,10848,95640,-2754
2012/7/27,17014,95436,-204
2012/7/30,11824,95044,-392
2012/7/31,8906,94792,-252
2012/8/1,9344,95814,1022
2012/8/2,18344,100612,4798
2012/8/3,18888,106384,5772
2012/8/6,14312,102952,-3432
2012/8/7,10998,101938,-1014
2012/8/8,11948,98904,-3034
2012/8/9,8926,97030,-1874
2012/8/10,9684,98966,1936
2012/8/13,8808,99690,724
2012/8/14,12116,101696,2006
2012/8/15,7034,101602,-94
2012/8/16,19350,105426,3824
2012/8/17,9178,103276,-2150
2012/8/20,10382,101518,-1758
2012/8/21,6704,99694,-1824
2012/8/22,7954,97684,-2010
2012/8/23,9220,94428,-3256
2012/8/24,6748,93488,-940
2012/8/27,6636,92708,-780
2012/8/28,7238,92370,-338
2012/8/29,6468,91372,-998
2012/8/30,5920,90892,-480
2012/8/31,3258,90718,-174
2012/9/3,4602,90298,-420
2012/9/4,6854,87906,-2392
2012/9/5,22454,89680,1774
2012/9/6,23654,89762,82
2012/9/7,20486,89506,-256
2012/9/10,20410,91130,1624
2012/9/11,20422,85884,-5246
2012/9/12,13654,83060,-2824
2012/9/13,12582,80920,-2140
2012/9/14,30832,83156,2236
2012/9/17,15612,80304,-2852
2012/9/18,10466,77138,-3166
2012/9/19,9462,79302,2164
2012/9/20,13792,76334,-2968
2012/9/21,8786,76024,-310
2012/9/24,8896,72576,-3448
2012/9/25,7418,71922,-654
2012/9/26,10320,70062,-1860
2012/9/27,5878,69450,-612
2012/9/28,10234,68440,-1010
2012/10/8,6932,65608,-2832
2012/10/9,6928,65038,-570
2012/10/10,7898,62166,-2872
2012/10/11,9836,60610,-1556
2012/10/12,7810,60646,36
2012/10/15,4740,59722,-924
2012/10/16,3912,58892,-830
2012/10/17,4238,59134,242
2012/10/18,4660,57858,-1276
2012/10/19,4192,57326,-532
2012/10/22,4504,57470,144
2012/10/23,5208,57080,-390
2012/10/24,2976,56512,-568
2012/10/25,2610,56770,258
2012/10/26,5296,55890,-880
2012/10/29,4932,55164,-726
2012/10/30,7062,52040,-3124
2012/10/31,4016,52000,-40
2012/11/1,3084,51396,-604
2012/11/2,4618,50840,-556
2012/11/5,5644,51306,466
2012/11/6,4502,51732,426
2012/11/7,5736,51522,-210
2012/11/8,3510,51146,-376
2012/11/9,6000,51750,604
2012/11/12,6100,52162,412
2012/11/13,16522,52600,438
2012/11/14,13526,51876,-724
2012/11/15,10142,54226,2350
2012/11/16,4634,53190,-1036
2012/11/19,3666,52254,-936
2012/11/20,6592,51548,-706
2012/11/21,3254,50786,-762
2012/11/22,3658,50814,28
2012/11/23,3606,50878,64
2012/11/26,6376,50932,54
2012/11/27,5026,50788,-144
2012/11/28,5454,50284,-504
2012/11/29,3768,50372,88
2012/11/30,10956,49172,-1200
2012/12/3,6208,48796,-376
2012/12/4,9084,48772,-24
2012/12/5,7472,49230,458
2012/12/6,6034,48874,-356
2012/12/7,6582,47706,-1168
2012/12/10,5192,47556,-150
2012/12/11,8820,49946,2390
2012/12/12,9392,49330,-616
2012/12/13,10642,49878,548
2012/12/14,13446,54094,4216
2012/12/17,10844,56766,2672
2012/12/18,18044,61136,4370
2012/12/19,10628,62480,1344
2012/12/20,12832,64220,1740
2012/12/21,7742,64790,570
2012/12/24,7760,63220,-1570
2012/12/25,5746,63520,300
2012/12/26,6560,64288,768
2012/12/27,11898,64146,-142
2012/12/28,6520,64990,844
2012/12/31,5140,65124,134
2013/1/4,6806,65588,464
2013/1/7,5556,65636,48
2013/1/8,5922,64618,-1018
2013/1/9,3710,62778,-1840
2013/1/10,6538,62494,-284
2013/1/11,8978,62258,-236
2013/1/14,7604,62370,112
2013/1/15,20090,64054,1684
2013/1/16,9182,61522,-2532
2013/1/17,8508,60660,-862
2013/1/18,5478,59004,-1656
2013/1/21,4678,58140,-864
2013/1/22,5398,56670,-1470
2013/1/23,3120,55992,-678
2013/1/24,5042,55710,-282
2013/1/25,4342,54376,-1334
2013/1/28,3046,54122,-254
2013/1/29,3980,53390,-732
2013/1/30,8414,53666,276
2013/1/31,7550,52066,-1600
2013/2/1,4180,51558,-508
2013/2/4,7792,52346,788
2013/2/5,14788,58776,6430
2013/2/6,10622,61950,3174
2013/2/7,11790,64668,2718
2013/2/8,7838,67826,3158
2013/2/18,18316,74930,7104
2013/2/19,21604,82244,7314
2013/2/20,16908,83256,1012
2013/2/21,27944,88532,5276
2013/2/22,16858,91134,2602
2013/2/25,17806,89060,-2074
2013/2/26,10784,89612,552
2013/2/27,7894,88734,-878
2013/2/28,10858,89858,1124
2013/3/1,13826,88812,-1046
2013/3/4,10154,88068,-744
2013/3/5,10666,86378,-1690
2013/3/6,17936,84790,-1588
2013/3/7,60090,90960,6170
2013/3/8,27426,91612,652
2013/3/11,20080,93412,1800
2013/3/12,24202,93594,182
2013/3/13,28278,97582,3988
2013/3/14,21574,97938,356
2013/3/15,18360,100226,2288
2013/3/18,27096,99342,-884
2013/3/19,17002,98016,-1326
2013/3/20,10494,95568,-2448
2013/3/21,12954,92608,-2960
2013/3/22,8198,93158,550
2013/3/25,6098,93912,754
2013/3/26,6638,93498,-414
2013/3/27,6338,94496,998
2013/3/28,6836,94592,96
2013/3/29,6812,93398,-1194
2013/4/1,6642,92184,-1214
2013/4/2,4844,91026,-1158
2013/4/3,4170,90392,-634
2013/4/8,4514,88878,-1514
2013/4/9,5014,88322,-556
2013/4/10,3936,86650,-1672
2013/4/11,10330,83164,-3486
2013/4/12,5268,80932,-2232
2013/4/15,10526,78764,-2168
2013/4/16,7524,76222,-2542
2013/4/17,8034,72326,-3896
2013/4/18,10666,70044,-2282
2013/4/19,6548,68448,-1596
2013/4/22,4288,66750,-1698
2013/4/23,6818,64028,-2722
2013/4/24,7362,60268,-3760
2013/4/25,8386,58248,-2020
2013/4/26,14274,55284,-2964
2013/5/2,12152,55322,38
2013/5/3,12930,59446,4124
2013/5/6,14462,59766,320
2013/5/7,8526,60802,1036
2013/5/8,10134,57924,-2878
2013/5/9,6596,58044,120
2013/5/10,7254,59660,1616
2013/5/13,7468,61404,1744
2013/5/14,5930,62560,1156
2013/5/15,6542,64768,2208
2013/5/16,6680,65632,864
2013/5/17,6048,66178,546
2013/5/20,4296,66284,106
2013/5/21,4080,65550,-734
2013/5/22,8844,63408,-2142
2013/5/23,5864,63296,-112
2013/5/24,2788,62962,-334
2013/5/27,3288,62274,-688
2013/5/28,3374,61176,-1098
2013/5/29,5154,58324,-2852
2013/5/30,6244,56066,-2258
2013/5/31,11372,51592,-4474
2013/6/3,8056,48980,-2612
2013/6/4,12638,48752,-228
2013/6/5,13800,47558,-1194
2013/6/6,19252,41714,-5844
2013/6/7,12170,39286,-2428
2013/6/13,21956,41748,2462
2013/6/14,9384,43372,1624
2013/6/17,5454,44168,796
2013/6/18,10314,42668,-1500
2013/6/19,14362,55166,12498
2013/6/20,16400,60652,5486
2013/6/21,14396,63710,3058
2013/6/24,10426,66964,3254
2013/6/25,12164,68396,1432
2013/6/26,8442,69866,1470
2013/6/27,6712,70448,582
2013/6/28,4964,71750,1302
2013/7/1,6548,72754,1004
2013/7/2,13740,69090,-3664
2013/7/3,6442,67764,-1326
2013/7/4,4190,68284,520
2013/7/5,4532,69242,958
2013/7/8,7356,72766,3524
2013/7/9,6672,72968,202
2013/7/10,6192,73118,150
2013/7/11,18096,70684,-2434
2013/7/12,5490,69464,-1220
2013/7/15,6060,69160,-304
2013/7/16,6650,67520,-1640
2013/7/17,3788,67456,-64
2013/7/18,4118,66566,-890
2013/7/19,2990,66782,216
2013/7/22,3746,65564,-1218
2013/7/23,5896,64830,-734
2013/7/24,2570,64700,-130
2013/7/25,4804,64920,220
2013/7/26,2584,64538,-382
2013/7/29,5292,63886,-652
2013/7/30,5398,63732,-154
2013/7/31,5950,63448,-284
2013/8/1,5846,61876,-1572
2013/8/2,2720,61072,-804
2013/8/5,3444,59450,-1622
2013/8/6,2410,59002,-448
2013/8/7,2902,58172,-830
2013/8/8,5050,57480,-692
2013/8/9,8458,55980,-1500
2013/8/12,10560,54966,-1014
2013/8/13,10488,53032,-1934
2013/8/14,7186,50762,-2270
2013/8/15,5668,50158,-604
2013/8/16,7204,48616,-1542
2013/8/19,20840,48910,294
2013/8/20,6582,48048,-862
2013/8/21,3536,47438,-610
2013/8/22,6324,47154,-284
2013/8/23,5322,47164,10
2013/8/26,9456,48714,1550
2013/8/27,5636,50560,1846
2013/8/28,5956,50874,314
2013/8/29,8180,53260,2386
2013/8/30,19600,59158,5898
2013/9/2,17300,60538,1380
2013/9/3,8900,63322,2784
2013/9/4,7218,65712,2390
2013/9/5,16460,70862,5150
2013/9/6,6904,71174,312
2013/9/9,8912,69452,-1722
2013/9/10,10188,72966,3514
2013/9/11,4790,73752,786
2013/9/12,3664,74760,1008
2013/9/13,10292,74250,-510
2013/9/16,6808,74948,698
2013/9/17,14496,79688,4740
2013/9/18,6016,80222,534
2013/9/23,4328,81270,1048
2013/9/24,6700,80950,-320
2013/9/25,4948,81440,490
2013/9/26,6256,79032,-2408
2013/9/27,6960,77132,-1900
2013/9/30,7200,73842,-3290
2013/10/8,7534,71484,-2358
2013/10/9,7304,69870,-1614
2013/10/10,5698,69446,-424
2013/10/11,9412,68050,-1396
2013/10/14,5604,66562,-1488
2013/10/15,5688,66276,-286
2013/10/16,4166,65554,-722
2013/10/17,4386,63446,-2108
2013/10/18,2372,61802,-1644
2013/10/21,2684,60518,-1284
2013/10/22,2218,59998,-520
2013/10/23,6232,55920,-4078
2013/10/24,4164,59058,3138
2013/10/25,7328,57468,-1590
2013/10/28,7968,58412,944
2013/10/29,11888,56728,-1684
2013/10/30,7094,56934,206
2013/10/31,7740,54642,-2292
2013/11/1,4760,53626,-1016
2013/11/4,6718,50986,-2640
2013/11/5,9370,47486,-3500
2013/11/6,6966,44556,-2930
2013/11/7,3990,43128,-1428
2013/11/8,2386,42606,-522
2013/11/11,3424,43134,528
2013/11/12,5558,42964,-170
2013/11/13,8496,42650,-314
2013/11/14,9146,44358,1708
2013/11/15,9886,45656,1298
2013/11/18,5478,44690,-966
2013/11/19,4904,45070,380
2013/11/20,6548,43998,-1072
2013/11/21,4256,45490,1492
2013/11/22,5198,47054,1564
2013/11/25,4368,49838,2784
2013/11/26,4900,50462,624
2013/11/27,4290,51582,1120
2013/11/28,13650,59526,7944
2013/11/29,7632,61338,1812
2013/12/2,6086,63982,2644
2013/12/3,8430,64472,490
2013/12/4,7100,62764,-1708
2013/12/5,6440,60082,-2682
2013/12/6,3562,59302,-780
2013/12/9,5386,58476,-826
2013/12/10,8250,54822,-3654
2013/12/11,7160,52132,-2690
2013/12/12,8990,46300,-5832
2013/12/13,3308,48738,2438
2013/12/16,2358,48628,-110
2013/12/17,2050,49226,598
2013/12/18,3104,49204,-22
2013/12/19,4818,49042,-162
2013/12/20,4862,48596,-446
2013/12/23,6332,49840,1244
2013/12/24,11684,52378,2538
2013/12/25,11192,51264,-1114
2013/12/26,6608,51794,530
2013/12/27,11604,53500,1706
2013/12/30,19334,53934,434
2013/12/31,13506,53020,-914
2014/1/2,4306,54082,1062
2014/1/3,5210,53064,-1018
2014/1/6,9372,51162,-1902
2014/1/7,6964,52682,1520
2014/1/8,6714,54204,1522
2014/1/9,9890,56486,2282
2014/1/10,10254,56888,402
2014/1/13,9100,58612,1724
2014/1/14,12248,60910,2298
2014/1/15,13568,64212,3302
2014/1/16,13172,60902,-3310
2014/1/17,7894,60814,-88
2014/1/20,12414,60802,-12
2014/1/21,11136,58748,-2054
2014/1/22,8070,57760,-988
2014/1/23,7566,57740,-20
2014/1/24,10218,59992,2252
2014/1/27,15668,63788,3796
2014/1/28,9546,65194,1406
2014/1/29,7890,65932,738
2014/1/30,10202,67012,1080
2014/2/7,13198,68510,1498
2014/2/10,13898,72484,3974
2014/2/11,21178,77276,4792
2014/2/12,19338,78572,1296
2014/2/13,15632,80376,1804
2014/2/14,17520,80498,122
2014/2/17,22270,82666,2168
2014/2/18,13110,84866,2200
2014/2/19,12126,84648,-218
2014/2/20,11128,81908,-2740
2014/2/21,8978,84944,3036
2014/2/24,17580,85950,1006
2014/2/25,12698,86774,824
2014/2/26,14860,88808,2034
2014/2/27,15592,90708,1900
2014/2/28,12186,92684,1976
2014/3/3,21424,95214,2530
2014/3/4,15576,95212,-2
2014/3/5,19536,97180,1968
2014/3/6,17774,97842,662
2014/3/7,14164,96396,-1446
2014/3/10,35318,102994,6598
2014/3/11,20846,102606,-388
2014/3/12,21748,103502,896
2014/3/13,14404,102980,-522
2014/3/14,23836,106262,3282
2014/3/17,15200,109948,3686
2014/3/18,26946,114440,4492
2014/3/19,29666,118774,4334
2014/3/20,61616,117506,-1268
2014/3/21,37572,119690,2184
2014/3/24,26368,120132,442
2014/3/25,33942,119168,-964
2014/3/26,27534,117250,-1918
2014/3/27,28108,117114,-136
2014/3/28,34006,117372,258
2014/3/31,22844,118666,1294
2014/4/1,22682,118288,-378
2014/4/2,38012,123708,5420
2014/4/3,42928,122870,-838
2014/4/4,25118,123426,556
2014/4/8,16320,123742,316
2014/4/9,19792,123322,-420
2014/4/10,43962,126168,2846
2014/4/11,47872,127162,994
2014/4/14,27442,124224,-2938
2014/4/15,23302,122552,-1672
2014/4/16,15162,120270,-2282
2014/4/17,14676,118040,-2230
2014/4/18,13500,114154,-3886
2014/4/21,8912,112214,-1940
2014/4/22,11890,109160,-3054
2014/4/23,32898,107282,-1878
2014/4/24,100760,121522,14240
2014/4/25,82582,116814,-4708
2014/4/28,49402,115748,-1066
2014/4/29,48516,116530,782
2014/4/30,43088,114802,-1728
2014/5/5,26178,113884,-918
2014/5/6,29770,114754,870
2014/5/7,39080,117068,2314
2014/5/8,30460,116846,-222
2014/5/9,55120,116964,118
2014/5/12,40504,117818,854
2014/5/13,38940,119286,1468
2014/5/14,32746,117746,-1540
2014/5/15,28904,116818,-928
2014/5/16,34914,114376,-2442
2014/5/19,22414,110926,-3450
2014/5/20,36298,104810,-6116
2014/5/21,19194,103102,-1708
2014/5/22,14702,101870,-1232
2014/5/23,76818,94036,-7834
2014/5/26,146776,121910,27874
2014/5/27,96268,121582,-328
2014/5/28,72402,129274,7692
2014/5/29,65534,125750,-3524
2014/5/30,75948,135682,9932
2014/6/3,28976,135078,-604
2014/6/4,55508,135804,726
2014/6/5,43818,134234,-1570
2014/6/6,43930,133518,-716
2014/6/9,206628,181352,47834
2014/6/10,456958,174338,-7014
2014/6/11,199608,182444,8106
2014/6/12,144874,167724,-14720
2014/6/13,150842,155954,-11770
2014/6/16,77884,151586,-4368
2014/6/17,50804,147758,-3828
2014/6/18,62738,142338,-5420
2014/6/19,74318,137492,-4846
2014/6/20,76892,138426,934
2014/6/23,61308,130782,-7644
2014/6/24,54820,123824,-6958
2014/6/25,60304,113462,-10362
2014/6/26,37110,141224,27762
2014/6/27,36212,144910,3686
2014/6/30,47858,148494,3584
2014/7/1,73820,150290,1796
2014/7/2,53288,142508,-7782
2014/7/3,140916,154808,12300
2014/7/4,102796,159550,4742
2014/7/7,54124,155256,-4294
2014/7/8,61268,159576,4320
2014/7/9,71394,157816,-1760
2014/7/10,61584,155494,-2322
2014/7/11,39400,148324,-7170
2014/7/14,55700,145418,-2906
2014/7/15,39794,143180,-2238
2014/7/16,113224,144788,1608
2014/7/17,145418,140940,-3848
2014/7/18,125624,132524,-8416
2014/7/21,143854,141812,9288
2014/7/22,171706,132716,-9096
2014/7/23,84106,145438,12722
2014/7/24,89812,146752,1314
2014/7/25,110836,159088,12336
2014/7/28,136354,165066,5978
2014/7/29,79690,165560,494
2014/7/30,125870,154594,-10966
2014/7/31,116118,160540,5946
2014/8/1,126774,157934,-2606
2014/8/4,103990,159300,1366
2014/8/5,97190,156962,-2338
2014/8/6,60228,150796,-6166
2014/8/7,108030,147920,-2876
2014/8/8,103506,146674,-1246
2014/8/11,114214,144592,-2082
2014/8/12,97738,149310,4718
2014/8/13,126140,144148,-5162
2014/8/14,92416,136480,-7668
2014/8/15,152824,127546,-8934
2014/8/18,87944,127566,20
2014/8/19,59186,127524,-42
2014/8/20,71312,125578,-1946
2014/8/21,135344,131012,5434
2014/8/22,127346,127810,-3202
2014/8/25,63694,122926,-4884
2014/8/26,35982,129980,7054
2014/8/27,50798,136890,6910
2014/8/28,53442,138946,2056
2014/8/29,98878,153066,14120
2014/9/1,151388,170738,17672
2014/9/2,283802,212684,41946
2014/9/3,311184,234696,22012
2014/9/4,223894,245650,10954
2014/9/5,154080,233362,-12288
2014/9/9,116036,218878,-14484
2014/9/10,354446,194954,-23924
2014/9/11,205498,188782,-6172
2014/9/12,155564,179328,-9454
2014/9/15,172802,170572,-8756
2014/9/16,173544,155700,-14872
2014/9/17,151388,139572,-16128
2014/9/18,43588,142280,2708
2014/9/19,48470,139604,-2676
2014/9/22,66872,137278,-2326
2014/9/23,42172,142518,5240
2014/9/24,39522,145534,3016
2014/9/25,62970,142616,-2918
2014/9/26,36642,140270,-2346
2014/9/29,49704,140084,-186
2014/9/30,65552,145956,5872
2014/10/8,33946,146206,250
2014/10/9,99762,145296,-910
2014/10/10,116364,141040,-4256
2014/10/13,82604,129460,-11580
2014/10/14,86602,133752,4292
2014/10/15,75984,133122,-630
2014/10/16,82324,130840,-2282
2014/10/17,69884,130216,-624
2014/10/20,101272,123662,-6554
2014/10/21,69456,114908,-8754
2014/10/22,84680,103630,-11278
2014/10/23,56256,131186,27556
2014/10/24,48784,135140,3954
2014/10/27,35942,135950,810
2014/10/28,44412,137358,1408
2014/10/29,47490,137042,-316
2014/10/30,106198,142752,5710
2014/10/31,88442,152922,10170
2014/11/3,85230,159246,6324
2014/11/4,142644,172190,12944
2014/11/5,137356,157954,-14236
2014/11/6,93268,157160,-794
2014/11/7,99530,151646,-5514
2014/11/10,88010,153960,2314
2014/11/11,80366,147342,-6618
2014/11/12,63078,148210,868
2014/11/13,70182,148750,540
2014/11/14,71752,141202,-7548
2014/11/17,58166,138168,-3034
2014/11/18,41234,133292,-4876
2014/11/19,63178,122820,-10472
2014/11/20,40736,119814,-3006
2014/11/21,41782,119278,-536
2014/11/24,55008,115110,-4168
2014/11/25,21210,113282,-1828
2014/11/26,47828,105044,-8238
2014/11/27,40714,100156,-4888
2014/11/28,26392,110980,10824
2014/12/1,59666,118160,7180
2014/12/2,57032,126024,7864
2014/12/3,131210,139834,13810
2014/12/4,75690,129752,-10082
2014/12/5,60790,125566,-4186
2014/12/8,41978,127454,1888
2014/12/9,55416,127160,-294
2014/12/10,52874,127084,-76
2014/12/11,42212,127096,12
2014/12/12,43742,120558,-6538
2014/12/15,40450,110862,-9696
2014/12/16,29098,108172,-2690
2014/12/17,45062,106106,-2066
2014/12/18,54346,124524,18418
2014/12/19,37442,128560,4036
2014/12/22,45818,124958,-3602
2014/12/23,31960,129544,4586
2014/12/24,37718,133614,4070
2014/12/25,25430,136908,3294
2014/12/26,16096,136258,-650
2014/12/29,29114,139478,3220
2014/12/30,45568,143962,4484
2014/12/31,70664,147368,3406
2015/1/5,56386,157426,10058
2015/1/6,56276,160562,3136
2015/1/7,63712,168550,7988
2015/1/8,47172,166856,-1694
2015/1/9,62750,161134,-5722
2015/1/12,41144,162158,1024
2015/1/13,55832,160048,-2110
2015/1/14,115790,155188,-4860
2015/1/15,96998,139916,-15272
2015/1/16,44358,136906,-3010
2015/1/19,45928,135432,-1474
2015/1/20,33438,133104,-2328
2015/1/21,36746,128830,-4274
2015/1/22,34910,126454,-2376
2015/1/23,30180,122420,-4034
2015/1/26,34984,119076,-3344
2015/1/27,39026,131160,12084
2015/1/28,27478,134836,3676
2015/1/29,18792,136722,1886
2015/1/30,29420,143652,6930
2015/2/2,35638,144530,878
2015/2/3,63988,142264,-2266
2015/2/4,48574,141478,-786
2015/2/5,75206,135176,-6302
2015/2/6,46732,131290,-3886
2015/2/9,34228,124518,-6772
2015/2/10,30268,118844,-5674
2015/2/11,33430,117494,-1350
2015/2/12,29642,116708,-786
2015/2/13,29074,112718,-3990
2015/2/16,21448,109892,-2826
2015/2/17,19590,110034,142
2015/2/25,16314,108462,-1572
2015/2/26,33526,104990,-3472
2015/2/27,26980,119332,14342
2015/3/2,45394,124192,4860
2015/3/3,36124,124222,30
2015/3/4,43946,124584,362
2015/3/5,27402,121018,-3566
2015/3/6,19934,121236,218
2015/3/9,33936,126206,4970
2015/3/10,31078,123238,-2968
2015/3/11,25678,123242,4
2015/3/12,58044,116542,-6700
2015/3/13,54878,110196,-6346
2015/3/16,35454,109868,-328
2015/3/17,31158,113148,3280
2015/3/18,29222,110184,-2964
2015/3/19,59452,109150,-1034
2015/3/20,46606,104086,-5064
2015/3/23,52396,117938,13852
2015/3/24,35658,120410,2472
2015/3/25,24568,123150,2740
2015/3/26,31306,122146,-1004
2015/3/27,29912,120896,-1250
2015/3/30,26856,120146,-750
2015/3/31,58312,126646,6500
2015/4/1,25522,125400,-1246
2015/4/2,27312,128402,3002
2015/4/3,17410,125408,-2994
2015/4/7,16288,125520,112
2015/4/8,18402,123756,-1764
2015/4/9,97334,120416,-3340
2015/4/10,31024,114990,-5426
2015/4/13,41976,117146,2156
2015/4/14,67982,119072,1926
2015/4/15,27882,121674,2602
2015/4/16,31486,122168,494
2015/4/17,36348,113880,-8288
2015/4/20,31388,115256,1376
2015/4/21,14598,112870,-2386
2015/4/22,18334,109822,-3048
2015/4/23,58130,119028,9206
2015/4/24,28630,123644,4616
2015/4/27,70880,133392,9748
2015/4/28,52922,137144,3752
2015/4/29,66102,141968,4824
2015/4/30,47484,145898,3930
2015/5/4,44714,147352,1454
2015/5/5,35878,144926,-2426
2015/5/6,133430,162078,17152
2015/5/7,72870,150382,-11696
2015/5/8,59728,136138,-14244
2015/5/11,42292,134282,-1856
2015/5/12,39718,131570,-2712
2015/5/13,26398,133478,1908
2015/5/14,30664,131988,-1490
2015/5/15,25600,132026,38
2015/5/18,20192,129200,-2826
2015/5/19,28858,123172,-6028
2015/5/20,30172,116398,-6774
2015/5/21,16286,113198,-3200
2015/5/22,19482,108620,-4578
2015/5/25,18972,103968,-4652
2015/5/26,21340,99678,-4290
2015/5/27,23774,115126,15448
2015/5/28,33002,123802,8676
2015/5/29,24516,127372,3570
2015/6/1,38608,125170,-2202
2015/6/2,27010,132758,7588
2015/6/3,26250,135252,2494
2015/6/4,29702,132794,-2458
2015/6/5,36360,133402,608
2015/6/8,31406,132024,-1378
2015/6/9,23802,135144,3120
2015/6/10,19994,134944,-200
2015/6/11,42472,133236,-1708
2015/6/12,55882,129630,-3606
2015/6/15,25236,128062,-1568
2015/6/16,31858,123400,-4662
2015/6/17,20752,122972,-428
2015/6/18,22242,120800,-2172
2015/6/19,19792,115164,-5636
2015/6/23,15674,109444,-5720
2015/6/24,19922,102928,-6516
2015/6/25,31384,108422,5494
2015/6/26,26572,110602,2180
2015/6/29,28260,119202,8600
2015/6/30,49992,124950,5748
2015/7/1,39706,131554,6604
2015/7/2,48928,127104,-4450
2015/7/3,21954,128006,902
2015/7/6,47018,132748,4742
2015/7/7,32074,134944,2196
2015/7/8,178144,133002,-1942
2015/7/9,88724,122998,-10004
2015/7/10,42236,124748,1750
2015/7/13,18256,124234,-514
2015/7/14,20162,123012,-1222
2015/7/15,15312,123222,210
2015/7/16,54318,117958,-5264
2015/7/17,19016,118134,176
2015/7/20,17286,116100,-2034
2015/7/21,14944,122424,6324
2015/7/22,34332,134002,11578
2015/7/23,34006,141560,7558
2015/7/24,29574,146544,4984
2015/7/27,22660,145880,-664
2015/7/28,25984,145968,88
2015/7/29,38462,137704,-8264
2015/7/30,23968,137668,-36
2015/7/31,27614,140186,2518
2015/8/3,45728,147740,7554
2015/8/4,31710,144964,-2776
2015/8/5,18196,145990,1026
2015/8/6,25772,148932,2942
2015/8/7,37040,150482,1550
2015/8/10,27690,153038,2556
2015/8/11,50750,146868,-6170
2015/8/12,49638,144384,-2484
2015/8/13,52368,140668,-3716
2015/8/14,21436,140010,-658
2015/8/17,24268,139546,-464
2015/8/18,16198,138896,-650
2015/8/19,25354,136282,-2614
2015/8/20,26696,133364,-2918
2015/8/21,25474,131196,-2168
2015/8/24,55470,126524,-4672
2015/8/25,41970,121184,-5340
2015/8/26,40152,117724,-3460
2015/8/27,26522,115082,-2642
2015/8/28,31564,119536,4454
2015/8/31,33894,120760,1224
2015/9/1,50776,121534,774
2015/9/2,19480,120628,-906
2015/9/7,18490,119704,-924
2015/9/8,24578,115746,-3958
2015/9/9,54768,118280,2534
2015/9/10,37326,117682,-598
2015/9/11,24738,117746,64
2015/9/14,25476,116386,-1360
2015/9/15,27780,114696,-1690
2015/9/16,18628,114092,-604
2015/9/17,19422,112724,-1368
2015/9/18,23438,110774,-1950
2015/9/21,35218,118154,7380
2015/9/22,29346,124214,6060
2015/9/23,46148,135920,11706
2015/9/24,35156,141582,5662
2015/9/25,33610,141518,-64
2015/9/28,19054,147980,6462
2015/9/29,42198,149716,1736
2015/9/30,31818,151322,1606
2015/10/8,39416,161154,9832
2015/10/9,93630,159706,-1448
2015/10/12,69212,171046,11340
2015/10/13,52728,174826,3780
2015/10/14,76170,183428,8602
2015/10/15,60556,183856,428
2015/10/16,51974,179100,-4756
2015/10/19,78744,163602,-15498
2015/10/20,66288,152426,-11176
2015/10/21,108088,145658,-6768
2015/10/22,114886,162658,17000
2015/10/23,360684,189574,26916
2015/10/26,357282,210262,20688
2015/10/27,294012,215270,5008
2015/10/28,333248,270278,55008
2015/10/29,343486,260258,-10020
2015/10/30,190944,264788,4530
2015/11/2,155648,272842,8054
2015/11/3,171460,281060,8218
2015/11/4,188926,262388,-18672
2015/11/5,307456,240998,-21390
2015/11/6,204850,237162,-3836
2015/11/9,227252,253638,16476
2015/11/10,367240,294214,40576
2015/11/11,449120,289988,-4226
2015/11/12,207274,273732,-16256
2015/11/13,266094,260302,-13430
2015/11/16,197318,249748,-10554
2015/11/17,288058,236438,-13310
2015/11/18,246388,237860,1422
2015/11/19,300096,245892,8032
2015/11/20,486316,221828,-24064
2015/11/23,190074,232360,10532
2015/11/24,254224,280714,48354
2015/11/25,237152,284940,4226
2015/11/26,339974,263642,-21298
2015/11/27,413112,242260,-21382
2015/11/30,384728,246002,3742
2015/12/1,249800,251560,5558
2015/12/2,338730,243070,-8490
2015/12/3,273672,252782,9712
2015/12/4,415368,256716,3934
2015/12/7,390364,273396,16680
2015/12/8,428454,255950,-17446
2015/12/9,444832,265412,9462
2015/12/10,697722,252590,-12822
2015/12/11,497982,243200,-9390
2015/12/14,441046,239512,-3688
2015/12/15,366546,238500,-1012
2015/12/16,275786,226276,-12224
2015/12/17,187028,234994,8718
2015/12/18,151058,221992,-13002
2015/12/21,152920,216920,-5072
2015/12/22,117566,225488,8568
2015/12/23,123734,236266,10778
2015/12/24,150240,247866,11600
2015/12/25,117618,247066,-800
2015/12/28,253944,261872,14806
2015/12/29,237756,248000,-13872
2015/12/30,230546,247594,-406
2015/12/31,171442,242690,-4904
2016/1/4,218568,252556,9866
2016/1/5,262764,245448,-7108
2016/1/6,203524,244508,-940
2016/1/7,233816,247252,2744
2016/1/8,293130,253098,5846
2016/1/11,354386,249752,-3346
2016/1/12,455630,270492,20740
2016/1/13,425636,280248,9756
2016/1/14,279564,264572,-15676
2016/1/15,194338,261244,-3328
2016/1/18,179042,239268,-21976
2016/1/19,154372,229454,-9814
2016/1/20,176180,221784,-7670
2016/1/21,121300,223790,2006
2016/1/22,198820,227416,3626
2016/1/25,191878,211656,-15760
2016/1/26,84460,203108,-8548
2016/1/27,111832,187974,-15134
2016/1/28,86776,207472,19498
2016/1/29,53342,213990,6518
2016/2/1,116952,230270,16280
2016/2/2,64828,230296,26
2016/2/3,105984,219654,-10642
2016/2/4,157238,219032,-622
2016/2/5,114566,211336,-7696
2016/2/15,76200,221772,10436
2016/2/16,282232,257796,36024
2016/2/17,230950,245582,-12214
2016/2/18,122812,247736,2154
2016/2/19,139926,247286,-450
2016/2/22,220932,250208,2922
2016/2/23,161226,235416,-14792
2016/2/24,140616,221226,-14190
2016/2/25,190750,217282,-3944
2016/2/26,218430,209664,-7618
2016/2/29,150710,225128,15464
2016/3/1,170132,236644,11516
2016/3/2,181264,251728,15084
2016/3/3,126498,250702,-1026
2016/3/4,227818,249040,-1662
2016/3/7,353800,258844,9804
2016/3/8,324148,251428,-7416
2016/3/9,296444,241844,-9584
2016/3/10,168332,235698,-6146
2016/3/11,145504,230998,-4700
2016/3/14,141928,232508,1510
2016/3/15,125840,231462,-1046
2016/3/16,110250,229948,-1514
2016/3/17,94516,223070,-6878
2016/3/18,158696,224098,1028
2016/3/21,154720,223520,-578
2016/3/22,94936,224414,894
2016/3/23,95008,210446,-13968
2016/3/24,241820,190994,-19452
2016/3/25,174076,211914,20920
2016/3/28,164850,211640,-274
2016/3/29,183126,211004,-636
2016/3/30,107466,199590,-11414
2016/3/31,88830,223770,24180
2016/4/1,104802,242438,18668
2016/4/5,83516,245412,2974
2016/4/6,149362,251514,6102
2016/4/7,121118,256784,5270
2016/4/8,162978,260446,3662
2016/4/11,143912,272308,11862
2016/4/12,87924,277386,5078
2016/4/13,274114,281384,3998
2016/4/14,168504,281402,18
2016/4/15,131570,278472,-2930
2016/4/18,140130,276302,-2170
2016/4/19,126866,268162,-8140
2016/4/20,149904,249360,-18802
2016/4/21,339418,247488,-1872
2016/4/22,548556,271754,24266
2016/4/25,525606,255694,-16060
2016/4/26,258076,252650,-3044
2016/4/27,225278,236148,-16502
2016/4/28,373434,279362,43214
2016/4/29,159098,284564,5202
2016/5/3,111152,285618,1054
2016/5/4,207928,283696,-1922
2016/5/5,161326,280228,-3468
2016/5/6,274898,270046,-10182
2016/5/9,254028,264462,-5584
2016/5/10,240472,249230,-15232
2016/5/11,189674,252526,3296
2016/5/12,190054,253558,1032
2016/5/13,252344,256480,2922
2016/5/16,211712,270528,14048
2016/5/17,219754,278820,8292
2016/5/18,191306,273490,-5330
2016/5/19,181804,266412,-7078
2016/5/20,154288,266834,422
2016/5/23,229128,258762,-8072
2016/5/24,171758,253582,-5180
2016/5/25,302810,233592,-19990
2016/5/26,292252,218172,-15420
2016/5/27,271156,211172,-7000
2016/5/30,180440,210776,-396
2016/5/31,148640,197334,-13442
2016/6/1,138866,179966,-17368
2016/6/2,178172,191924,11958
2016/6/3,234004,214978,23054
2016/6/6,309120,245704,30726
2016/6/7,298698,265440,19736
2016/6/8,241406,242234,-23206
2016/6/13,136040,230756,-11478
2016/6/14,255184,206970,-23786
2016/6/15,118516,208330,1360
2016/6/16,148418,205754,-2576
2016/6/17,128992,201532,-4222
2016/6/20,192464,203438,1906
2016/6/21,217738,201490,-1948
2016/6/22,238118,195192,-6298
2016/6/23,154820,195992,800
2016/6/24,192334,186774,-9218
2016/6/27,170286,181716,-5058
2016/6/28,116112,179588,-2128
2016/6/29,131212,169034,-10554
2016/6/30,170332,164724,-4310
2016/7/1,147724,155210,-9514
2016/7/4,265260,192366,37156
2016/7/5,243116,184638,-7728
2016/7/6,268018,190086,5448
2016/7/7,279126,196612,6526
2016/7/8,190794,207458,10846
2016/7/11,182850,219986,12528
2016/7/12,186242,217100,-2886
2016/7/13,257226,221860,4760
2016/7/14,148452,215568,-6292
2016/7/15,121236,215694,126
2016/7/18,142020,206718,-8976
2016/7/19,211724,201854,-4864
2016/7/20,149712,187574,-14280
2016/7/21,152210,183340,-4234
2016/7/22,151792,185732,2392
2016/7/25,144064,182574,-3158
2016/7/26,86604,181170,-1404
2016/7/27,141782,178604,-2566
2016/7/28,153174,160690,-17914
2016/7/29,110912,150804,-9886
2016/8/1,81400,139518,-11286
2016/8/2,79720,158440,18922
2016/8/3,108294,180308,21868
2016/8/4,100416,183016,2708
2016/8/5,136198,178134,-4882
2016/8/8,171128,195008,16874
2016/8/9,128862,199820,4812
2016/8/10,123252,211156,11336
2016/8/11,103748,202964,-8192
2016/8/12,75136,202034,-930
2016/8/15,119434,198428,-3606
2016/8/16,115670,211308,12880
2016/8/17,106126,202854,-8454
2016/8/18,235560,252598,49744
2016/8/19,168504,244700,-7898
2016/8/22,195852,206244,-38456
2016/8/23,95362,196388,-9856
2016/8/24,71036,190990,-5398
2016/8/25,114524,184048,-6942
2016/8/26,111038,174710,-9338
2016/8/29,102356,171010,-3700
2016/8/30,72000,165894,-5116
2016/8/31,111132,160826,-5068
2016/9/1,84856,154718,-6108
2016/9/2,107270,164336,9618
2016/9/5,221590,224970,60634
2016/9/6,172430,242198,17228
2016/9/7,124304,235340,-6858
2016/9/8,114328,237304,1964
2016/9/9,97082,230914,-6390
2016/9/12,113940,233992,3078
2016/9/13,101988,215834,-18158
2016/9/14,149656,226064,10230
2016/9/19,76484,227986,1922
2016/9/20,132564,211084,-16902
2016/9/21,134810,201986,-9098
2016/9/22,151512,193246,-8740
2016/9/23,186206,183554,-9692
2016/9/26,161124,168408,-15146
2016/9/27,149292,171774,3366
2016/9/28,115466,163228,-8546
2016/9/29,111738,172330,9102
2016/9/30,54748,172868,538
2016/10/10,95090,179652,6784
2016/10/11,130360,196636,16984
2016/10/12,170886,204136,7500
2016/10/13,164466,225132,20996
2016/10/14,192156,244610,19478
2016/10/17,188756,239878,-4732
2016/10/18,126208,244694,4816
2016/10/19,189492,236698,-7996
2016/10/20,127564,237874,1176
2016/10/21,143252,230600,-7274
2016/10/24,200718,227772,-2828
2016/10/25,196192,224526,-3246
2016/10/26,543864,207904,-16622
2016/10/27,309382,214614,6710
2016/10/28,332560,214640,26
2016/10/31,359262,204846,-9794
2016/11/1,224166,188092,-16754
2016/11/2,192448,161690,-26402
2016/11/3,260894,192384,30694
2016/11/4,287006,203836,11452
2016/11/7,338492,204920,1084
2016/11/8,302074,211964,7044
2016/11/9,468358,216636,4672
2016/11/10,536290,241474,24838
2016/11/11,442056,228928,-12546
2016/11/14,793962,222388,-6540
2016/11/15,597190,218096,-4292
2016/11/16,431322,217268,-828
2016/11/17,359502,212194,-5074
2016/11/18,360164,201068,-11126
2016/11/21,409674,203440,2372
2016/11/22,374006,191742,-11698
2016/11/23,104710,203394,11652
2016/11/24,234918,219524,16130
2016/11/25,163316,220422,898
2016/11/28,187198,227380,6958
2016/11/29,237194,229220,1840
2016/11/30,225884,235782,6562
2016/12/1,212596,232956,-2826
2016/12/2,244004,242520,9564
2016/12/5,285818,271380,28860
2016/12/6,295638,283794,12414
2016/12/7,376068,287240,3446
2016/12/8,364188,289490,2250