update_date,non_comm_long,non_comm_short,non_comm_arb,comm_long,comm_short,open interest
1989/7/31,0,0,0,408,416,2353
1989/8/15,0,0,0,673,1278,3115
1989/8/31,0,0,0,1155,2402,4518
1989/9/15,0,0,0,1411,2744,4894
1989/9/29,0,0,0,1683,3565,5831
1989/10/13,0,200,0,2875,4814,7547
1989/10/31,110,352,0,4044,6436,10359
1989/11/15,141,249,175,6678,8457,14450
1989/11/30,799,6776,319,13820,9032,24921
1989/12/15,1224,7678,788,17815,10747,30581
1989/12/29,623,6989,906,18101,10949,29987
1990/1/15,1992,5804,772,16634,11805,30973
1990/1/31,980,9028,592,21396,11582,34757
1990/2/15,1740,5307,571,17870,13803,32471
1990/2/28,3665,5683,735,16235,16064,33396
1990/3/15,9687,5940,237,11511,18357,35743
1990/3/30,9014,2811,229,9544,18793,32499
1990/4/12,7752,4479,449,12733,18107,35551
1990/4/30,3661,4705,259,16261,15753,32944
1990/5/15,5982,1762,20,12430,19351,32102
1990/5/31,4752,4167,76,13198,15714,31925
1990/6/15,2917,4066,0,14276,13171,29291
1990/6/29,8651,3709,0,12679,17373,32094
1990/7/13,9321,1203,110,12443,19923,33629
1990/7/31,7754,1657,0,11135,17447,30819
1990/8/15,7507,2587,299,10470,16137,31552
1990/8/31,7407,1683,340,13539,17525,32307
1990/9/14,7032,2088,190,12735,19847,32248
1990/9/28,2908,4372,0,17141,16165,32290
1990/10/15,2423,5407,151,22280,17719,36900
1990/10/31,1862,4194,231,21469,19971,36574
1990/11/15,2275,3544,0,19178,17946,34075
1990/11/30,1621,6800,0,20702,16461,36023
1990/12/14,1457,10333,152,23512,14619,38890
1990/12/31,1887,5349,125,18525,16611,35783
1991/1/15,6456,3542,0,13290,17782,33763
1991/1/31,673,7704,275,22596,15414,37656
1991/2/15,972,6598,126,20078,15676,35056
1991/2/28,2228,5449,413,17263,17133,34753
1991/3/15,1914,5841,225,16793,15767,34380
1991/3/28,1820,6848,718,16118,13928,33839
1991/4/15,2135,5727,0,14404,15585,32514
1991/4/30,3100,9329,0,20489,14866,36736
1991/5/15,1192,14257,675,28021,14295,45429
1991/5/31,766,13648,669,28716,14546,45616
1991/6/14,583,8431,478,23307,16128,40365
1991/6/28,2002,5968,511,19957,16362,36421
1991/7/15,942,6664,322,18481,13770,33080
1991/7/31,2044,6672,433,16142,14162,32503
1991/8/15,2424,4823,433,16073,15173,32783
1991/8/30,5956,2511,520,15551,20574,36676
1991/9/16,11435,2933,387,14606,24172,41580
1991/9/30,11931,4348,270,14169,24033,41155
1991/10/15,10106,5585,821,16448,22849,41650
1991/10/31,12711,6012,608,14469,25629,45125
1991/11/15,9164,5743,549,15861,22181,40502
1991/11/29,6335,5282,137,16823,19067,36364
1991/12/13,2748,16421,1621,27847,13044,46685
1991/12/31,1233,14487,1003,27961,14108,43334
1992/1/15,1042,16046,563,33291,16167,48927
1992/1/31,1933,10073,229,29098,22790,46302
1992/2/14,5109,5964,101,26410,28988,49150
1992/2/28,11686,3543,412,20835,34837,51533
1992/3/13,8039,2223,532,21361,32405,47335
1992/3/31,8441,1827,280,21038,32748,46447
1992/4/15,4087,2008,654,22462,26428,44029
1992/4/30,4002,2471,237,21413,24921,40454
1992/5/15,5912,1515,622,19352,24821,40309
1992/5/29,6421,1218,477,17069,24237,38295
1992/6/15,13870,1577,506,14271,33638,48812
1992/6/30,18260,2045,139,14464,33732,48170
1992/7/15,17238,1493,102,14801,33498,48528
1992/7/31,12471,1124,383,14407,26241,40746
1992/8/14,7613,2005,914,15438,19116,34877
1992/8/31,6937,1157,884,14469,21010,34574
1992/9/15,5276,3890,393,18993,18470,35459
1992/9/30,4084,6896,581,24099,19245,39524
1992/10/6,3177,8929,435,25643,18306,40174
1992/10/13,3157,9802,433,26724,18997,41838
1992/10/20,3527,9948,433,25174,18424,42150
1992/10/27,2863,10957,333,27243,18920,44176
1992/11/3,2962,8240,0,23673,19036,40383
1992/11/10,1935,10740,126,27975,20614,46270
1992/11/17,1664,10072,0,27752,20434,45871
1992/11/24,1902,10617,0,28206,21089,47315
1992/12/1,1581,7825,0,26203,23243,44130
1992/12/8,1849,5615,0,26464,26579,44777
1992/12/15,1918,4719,0,27681,28631,45901
1992/12/22,3622,2763,0,25110,31851,45952
1992/12/29,3992,1434,0,24896,33907,45944
1993/1/5,6834,388,111,21769,34906,46291
1993/1/12,2840,363,244,26469,34824,46213
1993/1/19,735,1273,278,29267,34427,46789
1993/1/26,719,1696,400,30257,36351,49269
1993/2/2,844,1734,282,29430,34902,48350
1993/2/9,1409,2108,250,27236,34914,48241
1993/2/16,1198,2471,373,29092,34610,48591
1993/2/23,929,3476,292,30659,32106,48090
1993/3/2,1656,11378,470,34430,24716,51747
1993/3/9,1469,10991,289,32722,24076,51318
1993/3/16,1240,6107,284,28340,26991,46740
1993/3/23,789,4952,282,27896,27990,45687
1993/3/30,1402,5366,258,28020,27505,45376
1993/4/6,1417,8936,0,29287,24195,47768
1993/4/13,612,9268,101,33024,27471,51486
1993/4/20,2026,9654,103,35184,30163,55101
1993/4/27,702,8380,142,31887,28175,50918
1993/5/4,1646,9269,154,31517,27407,51912
1993/5/11,3041,9695,173,29025,27631,51695
1993/5/18,3264,9284,0,28856,29248,51787
1993/5/25,5623,8401,103,28724,32696,54846
1993/6/1,6444,9185,0,30150,33206,55967
1993/6/8,7034,6263,0,28304,37534,55704
1993/6/15,7584,5243,154,27637,38842,56337
1993/6/22,7752,4975,0,29506,41129,58201
1993/6/29,8636,3487,131,28737,40881,57535
1993/7/6,10907,2383,358,24668,41785,55363
1993/7/13,9108,2935,548,26106,37689,54923
1993/7/20,7824,2991,898,27543,37679,55066
1993/7/27,5481,3032,1057,27984,36720,53950
1993/8/3,5976,2162,989,28980,38589,54028
1993/8/10,5271,3741,606,32284,37010,56676
1993/8/17,4433,5078,587,32760,33989,54639
1993/8/24,4583,4041,637,30950,35806,55012
1993/8/31,4544,5090,203,31338,33143,50976
1993/9/7,6045,4320,32,27679,32264,49694
1993/9/14,4250,9646,5,32589,25445,52483
1993/9/21,5287,12441,114,38021,30527,59836
1993/9/28,4678,13600,5,38714,28480,60353
1993/10/5,7971,13874,5,30838,25176,57868
1993/10/12,7975,14035,5,29585,25198,56653
1993/10/19,6848,14580,5,29907,24318,55638
1993/10/26,7192,14423,129,30218,25369,57924
1993/11/2,7943,13932,227,28499,27527,58298
1993/11/9,8772,11768,314,30938,35417,61957
1993/11/16,9557,11684,276,31290,37874,64968
1993/11/23,8434,11180,321,34915,41973,67945
1993/11/30,8359,10724,199,35644,42249,67148
1993/12/7,12740,6083,119,30392,52164,70752
1993/12/14,14359,3874,385,27428,51669,69195
1993/12/21,14442,4399,393,26896,51180,68834
1993/12/28,14229,4554,374,26177,49854,68178
1994/1/4,15637,4831,282,25221,48787,67462
1994/1/11,12646,5623,466,25642,44058,65968
1994/1/18,17219,6268,290,25005,47380,66945
1994/1/25,16803,7140,201,21209,42097,63470
1994/2/1,18443,7631,111,19065,42988,64129
1994/2/8,19777,7005,44,20798,48833,69351
1994/2/15,15608,5694,442,18774,45134,66116
1994/2/22,15646,5857,699,17136,41186,63274
1994/3/1,15545,3527,90,19964,41809,59722
1994/3/8,19948,3689,296,19534,44111,63469
1994/3/15,21497,3039,948,18302,45601,65623
1994/3/22,22877,6343,828,19955,46961,71288
1994/3/29,21551,6076,889,18791,43528,68602
1994/4/5,14503,3665,917,19165,38611,60617
1994/4/12,11815,4125,563,19484,37489,56887
1994/4/19,12726,4093,482,18031,37779,56587
1994/4/26,14524,3801,1111,19338,41757,61454
1994/5/3,20172,2561,268,18813,49886,67201
1994/5/10,22034,3387,100,15608,46904,65121
1994/5/17,23469,4011,158,16112,42914,61199
1994/5/24,25440,4208,133,13476,42036,60549
1994/5/31,25450,4936,472,14104,43455,62805
1994/6/7,22564,3926,677,15377,41639,59847
1994/6/14,25016,5300,232,16190,41518,62433
1994/6/21,25247,3026,150,15064,44449,61606
1994/6/28,23161,1703,778,14498,40851,58055
1994/7/5,19998,2048,150,15956,40668,54850
1994/7/12,15623,1733,232,16108,35169,50378
1994/7/19,19811,3946,493,12963,35558,53738
1994/7/26,17304,2956,462,13546,31598,48937
1994/8/2,17046,2920,244,14725,31588,48692
1994/8/9,12787,3602,140,18701,29464,46120
1994/8/16,12960,4242,0,17353,27935,46853
1994/8/23,12591,3993,393,16322,26477,45047
1994/8/30,15534,2902,284,15513,31199,47600
1994/9/6,19363,3892,174,14844,34509,51584
1994/9/13,21332,4369,10,14300,37088,55223
1994/9/20,23239,4608,565,15615,40934,59696
1994/9/27,22666,3839,493,15505,41550,59019
1994/10/4,16275,3437,470,20269,39177,55077
1994/10/11,15725,3654,782,23000,41626,58000
1994/10/18,15529,3464,474,23682,42074,57867
1994/10/25,17259,3230,627,23666,45080,60272
1994/11/1,19387,5717,929,21496,43268,61388
1994/11/8,18843,5754,1068,21471,41325,61485
1994/11/15,18928,5039,243,21605,40419,61272
1994/11/22,18031,3664,424,16930,35488,56132
1994/11/29,18458,2753,1463,15434,34946,53817
1994/12/6,17890,3928,1900,14404,32151,52106
1994/12/13,15531,4518,946,15237,29611,49992
1994/12/20,15883,3795,255,16236,31341,50928
1994/12/27,15784,3715,149,16456,32393,50563
1995/1/3,14981,3467,12,15960,30910,49465
1995/1/10,14780,3632,515,18485,33025,53004
1995/1/17,14688,4570,249,19648,32773,53685
1995/1/24,16769,5672,154,19438,34875,56125
1995/1/31,11999,6691,173,20606,28478,51134
1995/2/7,7853,7206,212,26479,27569,51466
1995/2/14,7384,5938,307,26232,27046,50979
1995/2/21,7111,5467,744,26658,26934,51414
1995/2/28,7110,6408,472,27590,27176,50122
1995/3/7,6940,4751,497,23929,25200,45962
1995/3/14,7509,3911,773,21517,26488,45816
1995/3/21,8133,3927,831,21315,26007,44901
1995/3/28,13525,7105,590,17710,27814,49039
1995/4/4,14617,6701,659,14836,27609,49063
1995/4/11,14538,5577,709,12786,26276,45839
1995/4/18,9825,3943,780,16759,24345,43784
1995/4/25,6774,11314,723,28876,21510,50484
1995/5/2,5289,11685,646,30085,20357,48544
1995/5/9,4974,12902,820,32847,18810,51611
1995/5/16,4600,14659,933,34529,18809,53070
1995/5/23,5294,10001,714,28872,20893,52418
1995/5/30,4440,6358,753,24447,20857,42941
1995/6/6,9269,7084,808,19231,23227,46811
1995/6/13,10989,7416,881,17708,22500,44772
1995/6/20,19162,8941,534,15027,28461,52846
1995/6/27,17812,4948,858,11401,28837,46794
1995/7/3,16883,2142,1015,13092,31244,46452
1995/7/11,14410,2109,822,12293,29068,44348
1995/7/18,16134,3150,651,10631,28124,44337
1995/7/25,5969,2198,602,16404,21511,36466
1995/8/1,5306,3506,552,16045,18510,34974
1995/8/8,6235,2492,533,14030,20132,34693
1995/8/15,9749,3099,502,12274,21933,37610
1995/8/22,12788,2935,644,10046,24730,40504
1995/8/29,12617,3031,963,10692,25261,40077
1995/9/5,7427,1446,739,10967,20438,33854
1995/9/12,7251,3032,607,10498,17431,33420
1995/9/19,6161,3955,789,14140,17407,35194
1995/9/26,6437,2818,642,10641,16534,31642
1995/10/3,6975,2913,662,11092,15740,31510
1995/10/10,7336,5353,572,13758,13055,35063
1995/10/17,7129,7532,591,15867,14493,37768
1995/10/24,8523,9097,706,15866,13677,39530
1995/10/31,8297,7688,729,14994,14385,38522
1995/11/7,7290,3042,771,13010,19508,38990
1995/11/14,7414,2920,1194,12673,19961,38647
1995/11/21,7923,2587,1330,13406,21771,39945
1995/11/28,6398,2547,1331,14009,21539,38088
1995/12/5,6529,3127,923,14330,21445,37490
1995/12/12,6433,3973,789,13191,16930,35969
1995/12/19,6659,2602,663,10760,19072,35021
1995/12/26,8351,3366,777,10652,18518,35136
1996/1/2,11968,6853,691,12275,18188,39746
1996/1/9,12642,11003,833,17233,17272,46324
1996/1/16,13604,13800,1515,17049,15930,48590
1996/1/23,13944,13104,1691,17970,17737,49898
1996/1/30,12442,11781,1759,19075,19991,50323
1996/2/6,9369,8472,1503,17433,20095,46107
1996/2/13,7609,8003,1466,18857,19569,45320
1996/2/20,7329,8945,1454,21138,20611,46427
1996/2/27,5777,7605,606,19054,19694,43525
1996/3/5,6209,4650,552,17208,22261,40673
1996/3/12,8186,4566,0,18066,25257,43615
1996/3/19,8451,3332,217,16129,26433,42791
1996/3/26,9337,3704,274,17461,27206,44125
1996/4/2,7977,3521,258,18343,25722,43107
1996/4/9,8269,3402,297,17552,24131,42318
1996/4/16,11930,1778,9,13955,30104,45671
1996/4/23,12994,2486,235,16760,34272,50367
1996/4/30,14417,3719,858,17079,33425,51471
1996/5/7,16662,5004,687,16946,34478,53241
1996/5/14,15713,4426,541,16594,34043,52887
1996/5/21,7032,3999,613,17135,23946,41098
1996/5/28,5695,6114,232,18124,20136,40252
1996/6/4,5352,6153,429,19381,19635,40470
1996/6/11,3794,9488,634,26878,24563,50011
1996/6/18,4713,10267,882,27453,28690,55021
1996/6/25,10383,11188,999,25316,34462,60844
1996/7/2,9022,10162,1306,24624,33057,57051
1996/7/9,8355,9983,1525,23721,31915,56145
1996/7/16,8715,10871,1545,23386,32315,57449
1996/7/23,8091,9682,1401,23606,33414,56450
1996/7/30,6631,8382,1053,23439,34533,54943
1996/8/6,6600,9812,1083,24342,34465,56510
1996/8/13,6622,9747,1071,24632,35657,57230
1996/8/20,6662,8566,802,24167,35510,56665
1996/8/27,7320,7751,698,23533,35963,55362
1996/9/3,7779,7977,663,22571,36128,54914
1996/9/10,8704,6508,672,22568,36659,54617
1996/9/17,8267,8310,888,24498,33251,56052
1996/9/24,8397,7628,1033,24852,33991,55675
1996/10/1,8687,6237,1133,25610,37308,56808
1996/10/8,9271,6260,863,24787,38861,58025
1996/10/15,8926,5488,690,25772,40006,57789
1996/10/22,8346,4212,578,24268,39048,56315
1996/10/29,11372,5315,643,23175,40573,60130
1996/11/5,10453,5421,1228,22262,39014,57833
1996/11/12,12747,4711,1049,22832,41687,61168
1996/11/19,14019,4103,1194,21721,43066,62874
1996/11/26,14593,2315,1391,21856,44933,61899
1996/12/3,14422,2456,1170,22992,44577,60695
1996/12/10,14088,2260,778,23572,45491,61362
1996/12/17,10912,2341,128,22459,39539,53962
1996/12/24,10082,2450,290,18854,35863,50552
1996/12/31,10405,2264,386,17565,35635,49176
1997/1/7,13963,3456,505,17983,39274,54793
1997/1/14,14615,3602,490,16999,40148,56149
1997/1/21,15068,3329,813,15471,37983,55103
1997/1/28,15304,3385,697,15366,37376,55345
1997/2/4,13151,3440,638,15175,33668,51136
1997/2/11,13239,3852,689,16986,36494,53602
1997/2/18,12904,3038,736,17653,38026,55076
1997/2/25,14774,2583,823,19926,41777,58755
1997/3/4,16933,3009,395,21335,44605,61430
1997/3/11,15049,2223,319,19848,42798,58234
1997/3/18,14310,1971,310,20324,40622,57754
1997/3/25,15188,1999,337,19018,41072,57584
1997/4/1,13872,2790,339,17834,38406,54044
1997/4/8,10701,3000,254,17701,31367,50335
1997/4/15,10217,3149,199,17652,30416,50706
1997/4/22,9547,2582,184,15989,32249,49516
1997/4/29,13681,1620,1229,13855,36133,50634
1997/5/6,13289,2301,968,13094,35832,51295
1997/5/13,16152,3065,1417,12122,38556,55781
1997/5/20,21641,3986,1137,11076,41946,61295
1997/5/27,21942,3638,1168,8859,40139,59649
1997/6/3,22752,3418,1134,8629,40074,59550
1997/6/10,22094,2628,1031,8521,41179,59500
1997/6/17,21075,2420,1321,7555,40164,58688
1997/6/24,17444,1855,1221,10702,34940,53676
1997/7/1,14788,2771,895,13214,32521,49445
1997/7/8,15714,3520,1074,12510,29353,49564
1997/7/15,13049,7978,1276,14295,23504,50009
1997/7/22,13582,7238,561,13370,24519,47962
1997/7/29,13323,5199,367,9020,25232,43606
1997/8/5,13988,4839,264,9620,24473,43238
1997/8/12,14271,5294,261,9291,24420,43479
1997/8/19,12908,9400,258,12290,19901,45321
1997/8/26,11218,10324,229,14288,20100,46942
1997/9/2,10910,11319,497,14123,18159,44868
1997/9/9,10645,11423,643,14942,17802,45562
1997/9/16,12007,13558,543,20183,21465,53135
1997/9/23,12871,11496,677,16993,23785,52294
1997/9/30,11484,8760,886,15461,24203,49663
1997/10/7,12359,11172,1053,16846,23374,51545
1997/10/14,12049,9880,1093,15829,26049,51378
1997/10/21,11829,9051,1114,18482,29071,54619
1997/10/28,12873,11433,1356,25669,33504,62841
1997/11/4,13264,12781,1358,26659,32781,63910
1997/11/11,12038,12950,1654,27417,32899,64985
1997/11/18,13117,16194,1727,30293,33362,69996
1997/11/25,12394,16208,1954,30673,32825,69411
1997/12/2,11841,16427,1942,27748,28470,63871
1997/12/9,11530,16417,1726,28453,27374,64577
1997/12/16,12018,17110,1204,31040,29588,67704
1997/12/23,12293,16539,1371,32829,33412,70864
1997/12/30,12260,16944,1452,32451,33493,70757
1998/1/6,11930,16843,1524,31507,31724,68839
1998/1/13,11930,16133,1594,33123,33365,71294
1998/1/20,11370,14021,1557,30748,34402,69130
1998/1/27,10451,10821,1263,28576,39283,68904
1998/2/3,12902,11420,1185,30006,38431,70876
1998/2/10,11878,16047,1130,30554,34448,72169
1998/2/17,12054,17085,1159,31495,34244,73642
1998/2/24,10370,19314,1551,33062,32958,73990
1998/3/3,10793,13618,1094,26332,31706,65453
1998/3/10,10769,11250,1296,24117,34807,64460
1998/3/17,13440,9006,1041,24926,41933,68783
1998/3/24,12321,8252,1009,26537,42856,69686
1998/3/31,12496,9307,1401,25131,41245,67913
1998/4/7,8849,10962,1419,27803,36031,66048
1998/4/14,10179,8361,1473,26443,39402,66970
1998/4/21,13505,7364,585,23573,43629,69312
1998/4/28,17138,5473,740,24286,50331,73091
1998/5/5,15807,4607,863,20864,45972,67397
1998/5/12,10380,6463,578,22584,37923,61871
1998/5/19,10448,11712,932,26231,33464,66046
1998/5/26,9578,13127,1196,28879,33677,67341
1998/6/2,9902,14764,877,30648,32475,68150
1998/6/9,9642,13751,956,29606,31446,66695
1998/6/16,8478,15281,1431,30702,29568,67263
1998/6/23,6355,13030,606,30985,30822,64344
1998/6/30,6196,14452,1703,31459,29218,63577
1998/7/7,7136,19139,1398,35301,29311,69236
1998/7/14,6754,14977,897,30641,29716,64407
1998/7/21,5962,7552,1452,25837,32897,59100
1998/7/28,10270,6492,966,23308,37670,60981
1998/8/4,8285,6751,970,24270,33996,56559
1998/8/11,8040,10058,1171,27360,31352,59946
1998/8/18,8332,11801,1471,28150,30551,63564
1998/8/25,8713,13023,1269,28512,29163,63346
1998/9/1,9774,14529,1067,29729,29971,63652
1998/9/8,8930,10223,1043,27294,32433,60667
1998/9/15,10092,8662,1026,25789,36124,60934
1998/9/22,8284,9272,951,27726,33371,60485
1998/9/29,8228,7857,652,26041,34342,57427
1998/10/6,10123,14123,903,27785,29163,61933
1998/10/13,10891,16303,840,26898,27964,62350
1998/10/20,11255,11719,1283,24340,30995,60666
1998/10/27,12146,16975,974,26506,29155,65667
1998/11/3,12327,18087,1048,29667,30287,69099
1998/11/10,10801,15380,1519,26518,29907,64107
1998/11/17,11349,21665,1860,30247,26939,70507
1998/11/24,11343,20980,1001,33701,30139,71034
1998/12/1,12362,23468,841,34868,27662,69175
1998/12/8,13622,29405,1313,39394,25076,75970
1998/12/15,13024,31643,1104,42281,25953,79708
1998/12/22,13018,30231,1400,40267,25611,78468
1998/12/29,11854,26476,1785,36584,26787,74905
1999/1/5,13350,28944,1484,40333,28712,79276
1999/1/12,12111,26337,1163,37356,28722,75416
1999/1/19,11956,25547,1530,37654,29733,75867
1999/1/26,12192,26755,1621,37175,29048,77101
1999/2/2,11868,26755,2716,36928,26178,75541
1999/2/9,10401,14746,925,28416,29273,65546
1999/2/16,12157,19341,1854,31464,29447,70946
1999/2/23,12210,27744,2411,37171,28876,80183
1999/3/2,12110,28750,2202,38858,27405,77708
1999/3/9,11584,27066,1935,36713,27174,74967
1999/3/16,12766,27135,2181,36250,28418,76416
1999/3/23,12533,21203,2160,33395,34246,75171
1999/3/30,13855,19551,1639,32116,34994,72540
1999/4/6,13091,20016,1551,29512,31420,69139
1999/4/13,12712,16221,1723,26961,32810,65487
1999/4/20,18493,7069,1917,22187,46055,69906
1999/4/27,22805,7127,1325,22834,51219,75024
1999/5/4,27656,7207,1189,20440,55423,78396
1999/5/11,29951,5875,1268,21043,60387,81621
1999/5/18,29560,5144,1105,20626,59090,79155
1999/5/25,18926,3719,1081,23774,49018,69010
1999/6/1,14416,10714,1256,28398,39788,69114
1999/6/8,15007,14558,1528,30107,36884,71812
1999/6/15,12822,15987,1872,31801,36345,71993
1999/6/22,13169,13795,1212,29428,38937,70839
1999/6/29,12010,8318,1993,30215,44439,69011
1999/7/6,20340,8458,1677,24661,51345,73755
1999/7/13,22854,7993,1445,25906,54030,76969
1999/7/20,23036,7489,1379,27089,55925,77903
1999/7/27,21021,6154,1359,27517,53842,74155
1999/8/3,18876,6859,1104,25269,50734,70577
1999/8/10,20040,7997,1213,24477,51399,72457
1999/8/17,21526,7718,1993,23576,50922,71744
1999/8/24,17542,6212,1925,23990,44531,66274
1999/8/31,17765,2593,2160,27193,53544,69482
1999/9/7,25178,3079,2286,27131,63154,78846
1999/9/14,27234,4270,3004,26174,64436,82506
1999/9/21,29983,4406,3437,24233,64242,83069
1999/9/28,24872,2987,2242,27338,63563,78359
1999/10/5,22744,1904,2404,29163,62692,77477
1999/10/12,16826,3865,1497,33410,54814,72542
1999/10/19,15329,2982,1400,32400,53810,69354
1999/10/26,15922,1635,1719,31989,56046,70550
1999/11/2,15368,2400,1552,31069,56187,69037
1999/11/9,15039,2453,1936,29915,53380,69255
1999/11/16,12368,4524,1124,32979,49041,67482
1999/11/23,11859,5120,1135,36084,50839,69384
1999/11/30,12447,2325,1193,34972,53895,68060
1999/12/7,11939,4246,1106,34589,50395,66056
1999/12/14,11135,4924,864,34400,49344,65756
1999/12/21,20272,2230,1929,35656,65574,74084
1999/12/28,21019,1432,1784,34928,66936,74642
2000/1/4,22558,1184,2278,32679,67212,75564
2000/1/11,23589,1261,2374,33005,68123,77456
2000/1/18,30633,3014,3927,31754,74061,86337
2000/1/25,28684,2616,3617,31943,71196,83678
2000/2/1,22806,1859,3354,34185,67098,77450
2000/2/8,18024,3099,2834,36630,63044,75047
2000/2/15,18000,2529,3120,35080,61988,72991
2000/2/22,16915,3154,3387,35308,60421,72525
2000/2/29,11987,6551,2441,41379,52534,68347
2000/3/7,12943,8389,2202,39588,48079,66752
2000/3/14,12289,10072,2307,39928,46972,67287
2000/3/21,12834,7826,2440,40197,50489,69324
2000/3/28,12027,8093,2247,41170,49695,68722
2000/4/4,13099,10549,2208,44251,50855,71752
2000/4/11,11846,14772,2482,47914,49603,77069
2000/4/18,11367,18245,3010,51162,50399,78910
2000/4/25,10890,14523,2839,47014,49728,72733
2000/5/2,9833,10155,1868,44299,50499,69211
2000/5/9,12487,4737,2313,39738,55837,69266
2000/5/16,14845,3776,2688,39137,58714,70496
2000/5/23,15134,4837,3785,39320,57134,70869
2000/5/30,13263,5234,3309,38611,53615,66299
2000/6/6,7711,4331,2982,41821,50396,63966
2000/6/13,6974,6474,2906,43129,48692,65462
2000/6/20,8638,3716,2576,39367,49397,61468
2000/6/27,7774,2997,2590,39306,50506,62156
2000/7/5,6627,3059,2570,43147,53094,65260
2000/7/11,8018,3470,2262,40975,51706,64754
2000/7/18,13606,3092,2115,38065,57252,69081
2000/7/25,21038,4993,3127,35748,62955,76965
2000/8/1,23977,6307,4675,36250,64500,82064
2000/8/8,24752,6947,4707,36721,64371,82125
2000/8/15,23983,6622,5039,34544,61581,78950
2000/8/22,21011,6457,4250,35280,57125,75325
2000/8/29,23948,5770,2309,37703,65382,79865
2000/9/5,28434,5795,2197,33669,65819,80980
2000/9/12,31743,6206,2872,32677,68062,84066
2000/9/19,35285,6449,2920,31952,70364,86436
2000/9/26,34361,6359,2805,32272,67868,83849
2000/10/3,23990,5554,4078,35618,59728,76591
2000/10/10,19448,5478,4069,37556,57493,73934
2000/10/17,16149,7273,3765,42218,55093,73377
2000/10/24,12019,9920,3670,46491,51924,73429
2000/10/31,9716,15254,3191,47381,43541,70240
2000/11/7,11229,17706,2963,48451,42568,72662
2000/11/14,10792,21694,3279,50515,41230,75391
2000/11/21,10339,24001,2678,52121,41009,76579
2000/11/28,10018,21080,2896,50936,43159,74806
2000/12/5,10784,16106,3653,48122,46844,73783
2000/12/12,11264,9949,3063,43511,49815,68665
2000/12/19,12355,9596,2804,44029,49805,68522
2000/12/26,12805,11741,2802,43241,46756,69156
2001/1/2,13520,15671,3036,44221,43186,71735
2001/1/9,15768,21469,4561,48863,43565,79511
2001/1/16,16395,21705,4690,51139,45198,82086
2001/1/23,12091,16609,5976,46391,45949,77340
2001/1/30,12302,17203,4682,48534,46390,77620
2001/2/6,11908,18451,4450,47783,42364,75733
2001/2/13,12032,20490,4264,46321,39974,75140
2001/2/20,12631,20800,4151,45280,40174,74601
2001/2/27,16451,29197,4269,49915,35886,80196
2001/3/6,12629,18719,3630,42830,39615,71973
2001/3/13,10453,18072,3345,45991,40967,69879
2001/3/20,14348,27535,3800,53379,39739,80458
2001/3/27,14579,30196,3984,54409,39765,84833
2001/4/3,16051,34432,4898,54324,35758,85987
2001/4/10,15799,37043,4832,55736,34562,87851
2001/4/17,15938,38111,4532,52734,31088,84566
2001/4/24,15335,34652,4146,50716,31379,80539
2001/5/1,14687,31553,4069,45586,30399,75177
2001/5/8,13435,28166,2873,44392,31408,71209
2001/5/15,15031,33403,3462,47659,29713,77317
2001/5/22,14066,21547,2601,41730,37691,70667
2001/5/29,14165,21575,3098,41394,39178,72650
2001/6/5,13450,28440,4298,43489,32326,76275
2001/6/12,16020,35948,4851,52460,33267,85167
2001/6/19,17513,38959,5384,52552,32020,88398
2001/6/26,17836,40854,4152,57678,35514,89548
2001/7/3,17218,37254,3358,51939,32440,83400
2001/7/10,16126,36606,3300,52157,33108,82215
2001/7/17,14969,35405,3423,50563,32973,81306
2001/7/24,15045,36629,3872,57299,35192,87232
2001/7/31,13972,31852,3629,53551,34586,82429
2001/8/7,13578,32471,4343,54978,36366,85544
2001/8/14,14227,31665,4285,56009,37909,87461
2001/8/21,12856,30617,6101,56755,41086,89888
2001/8/28,11412,26183,8853,57409,46442,92904
2001/9/4,13232,27318,6646,58977,46149,92144
2001/9/10,14023,32145,5497,58080,40150,88352
2001/9/18,14332,32405,5044,56723,38326,87219
2001/9/25,14110,33743,4734,56711,36803,84591
2001/10/2,14549,35912,4510,53285,31790,82976
2001/10/9,13634,35555,4781,55373,32577,84437
2001/10/16,13715,38988,4462,58660,33504,88101
2001/10/23,13229,38366,4754,60987,36550,91054
2001/10/30,13306,38684,5061,61952,36923,92381
2001/11/6,13037,39806,5213,64386,38604,94528
2001/11/13,9545,22245,5174,57829,47545,85025
2001/11/20,9592,12792,4913,55668,55335,83020
2001/11/27,10422,9727,3398,53147,56654,79747
2001/12/4,15150,8015,4147,34727,46190,65314
2001/12/11,11560,5601,3440,42012,51640,68574
2001/12/18,10516,7183,3221,45066,51480,70148
2001/12/21,10180,8273,2962,46404,51512,71175
2001/12/28,9938,8251,3037,47221,51208,71408
2002/1/8,10988,6116,2168,44074,52806,69948
2002/1/15,12673,4886,2111,42795,54607,71302
2002/1/22,13873,6055,2495,43375,58722,72878
2002/1/29,13529,5830,2655,45759,60297,74988
2002/2/5,20516,7425,3688,40164,62319,78088
2002/2/12,22544,7463,4644,39821,64550,81644
2002/2/19,21408,6525,4532,42445,64336,81693
2002/2/26,13078,6083,3025,46393,59642,76182
2002/3/5,15424,4984,2291,43269,61067,74046
2002/3/12,20241,5524,2690,42042,64290,77432
2002/3/19,26702,5492,3659,38848,68679,82980
2002/3/26,24000,5604,3319,41354,67447,81357
2002/4/2,27768,6331,3454,35763,66418,80802
2002/4/9,15406,5538,3129,43187,60057,74042
2002/4/16,16250,8002,2611,45491,60743,75582
2002/4/23,16931,5685,2405,43313,62429,74624
2002/4/30,15110,4835,1998,42152,59039,69769
2002/5/7,14418,10072,1820,46492,56109,73731
2002/5/14,15529,3824,1867,44796,63550,74175
2002/5/21,13578,5179,1425,47647,61995,73118
2002/5/28,19731,3600,1385,44498,68502,76389
2002/6/4,31086,4576,2391,34533,71128,81994
2002/6/11,37824,4548,2918,31893,74853,86641
2002/6/18,32743,4542,2750,35342,73547,84625
2002/6/25,21024,2969,1633,38772,64881,73382
2002/7/2,26678,3569,1253,33157,64810,73330
2002/7/9,25326,2555,1557,36684,68037,75801
2002/7/16,18428,6838,1283,42639,60969,74251
2002/7/23,19593,21866,1415,59664,60334,91727
2002/7/30,18738,26892,2552,62520,58549,95907
2002/8/6,18345,30124,3768,61714,53530,95720
2002/8/13,18437,34377,4571,69687,57233,105236
2002/8/20,18309,35704,4536,69791,57610,106340
2002/8/27,16598,34522,4037,69657,57675,104704
2002/9/3,16813,36108,3446,63883,48746,97873
2002/9/10,14717,29154,4157,65161,56654,96861
2002/9/17,13052,24417,4379,63996,58375,94279
2002/9/24,12968,29665,4105,70406,58215,100388
2002/10/1,14261,34869,4738,71956,55970,104452
2002/10/8,14981,36280,5077,72194,55391,106244
2002/10/15,14731,35019,4907,70980,57115,105137
2002/10/22,13410,20313,3271,62323,64882,94847
2002/10/29,15697,10204,2499,54929,71681,90078
2002/11/5,25876,11024,2555,45950,73627,91462
2002/11/12,27431,9913,2189,43591,73546,91047
2002/11/19,27956,9453,2295,41186,71461,87840
2002/11/26,29382,7313,3244,37372,71638,86622
2002/12/3,33633,6739,2488,32926,72811,85370
2002/12/10,31431,4194,2607,32696,71387,81384
2002/12/17,25867,2912,2716,34316,67628,76375
2002/12/23,19627,4431,2005,38441,62512,72661
2002/12/31,17089,15929,2677,49447,56230,80174
2003/1/7,14802,10826,2417,47859,59014,77457
2003/1/14,22746,7118,2245,41059,65773,78117
2003/1/21,28894,6959,3272,38147,68594,83902
2003/1/28,30367,7005,3097,37857,69076,84623
2003/2/4,34774,6394,3604,34797,72234,87596
2003/2/11,35265,5349,3276,33183,72410,86466
2003/2/14,30054,3527,3124,33793,68079,79835
2003/2/25,27250,4085,2354,34329,65655,75828
2003/3/4,35810,8348,3031,29191,65948,82299
2003/3/11,21629,5235,1570,32370,57738,68832
2003/3/18,20692,6817,1591,33796,55646,67739
2003/3/25,23457,5666,1620,34591,59718,71939
2003/4/1,20296,19403,2198,47010,52462,80064
2003/4/8,18534,24152,1891,52226,51410,83606
2003/4/15,17636,25744,1758,54243,51679,85346
2003/4/22,17230,27051,1550,56630,52451,87540
2003/4/29,17490,29167,1302,58562,52569,89551
2003/5/6,16713,31831,1452,50651,40805,81212
2003/5/13,14272,17190,3000,42513,47978,73710
2003/5/20,22202,14188,3592,38046,54382,77525
2003/5/27,26443,13595,3557,35524,57792,80038
2003/6/3,30717,12937,3106,33792,62105,84207
2003/6/10,31408,11623,3042,34227,62530,83001
2003/6/17,30095,11552,3591,32931,60672,80520
2003/6/24,30026,11297,2792,34670,62385,80818
2003/7/1,19765,11223,1874,40656,54442,72785
2003/7/8,20777,10992,1656,37504,55008,71369
2003/7/15,35422,11299,1597,31252,64890,82166
2003/7/22,34723,11218,2738,33092,65209,83451
2003/7/29,44149,13212,4779,33535,76528,98215
2003/8/5,48720,14103,5631,31092,77704,101260
2003/8/12,43450,12883,5842,31032,70851,94633
2003/8/19,42072,11748,6850,30167,70813,94011
2003/8/26,42156,12845,2981,32850,70926,93229
2003/9/2,44686,12893,1812,25262,66654,84781
2003/9/9,52607,15455,1217,24788,73333,94004
2003/9/16,49736,14742,1223,26185,70650,91181
2003/9/23,51711,16560,1370,26348,71661,94529
2003/9/30,48026,14030,2430,26376,69024,90622
2003/10/7,58295,18131,2128,24624,78519,101927
2003/10/14,67564,19182,1296,24141,85123,109627
2003/10/21,66810,18782,2947,25941,85635,111559
2003/10/28,62701,17523,4765,26137,83105,109796
2003/11/4,61294,16887,5015,25615,81610,109436
2003/11/11,60237,15988,5897,27028,82116,108854
2003/11/18,51436,16495,6106,28995,73915,102838
2003/11/25,41323,15474,2034,32845,67196,90652
2003/12/2,44855,16190,1989,30370,69002,91716
2003/12/9,41973,15852,1796,29528,66184,88432
2003/12/16,43176,15559,1851,30039,68718,90778
2003/12/22,43936,15530,1421,29842,70171,91634
2003/12/30,43735,17538,1421,28511,66937,89485
2004/1/6,46107,14838,873,28773,71023,90562
2004/1/13,45520,15176,1018,28214,71480,91442
2004/1/20,45097,15258,1571,26413,69740,90133
2004/1/27,42449,14469,1998,31454,73113,93722
2004/2/3,43330,15253,2609,28056,69792,91868
2004/2/10,39955,13267,2582,24506,64482,85340
2004/2/17,39352,10465,3832,26195,67300,87694
2004/2/24,35775,10242,4076,32372,68642,89394
2004/3/2,35198,11563,3060,28436,64039,84146
2004/3/9,28836,9063,2322,29074,57772,74980
2004/3/16,30131,10339,2626,29492,58842,77104
2004/3/23,29704,11122,2308,27401,54600,73595
2004/3/30,28782,14023,1662,30626,54119,82822
2004/4/6,25695,16486,2115,33285,49612,76267
2004/4/12,23915,16581,2544,33051,48222,74015
2004/4/20,26130,17356,4186,31506,46879,74361
2004/4/27,19379,11199,3847,34146,46644,69318
2004/5/4,17790,10488,3071,33866,44616,65438
2004/5/11,16246,9323,4088,32602,42645,63658
2004/5/18,15654,8562,4730,34067,42939,64357
2004/5/25,16609,8118,5406,34897,48448,68371
2004/6/1,20476,8370,4878,34062,51977,71536
2004/6/8,17890,8085,4305,33357,48390,67204
2004/6/15,12012,8149,4957,35861,42334,62719
2004/6/22,12669,9974,4186,39304,44193,66825
2004/6/29,11282,4784,2534,34296,44230,57873
2004/7/6,12326,4308,2606,32310,44345,58133
2004/7/13,21663,5368,2641,30237,52590,66740
2004/7/20,23978,5806,3226,29332,53903,69505
2004/7/27,19618,5028,3727,29960,49173,65605
2004/8/3,25103,8713,3145,29441,53097,71515
2004/8/10,19835,7447,3251,29770,48361,65598
2004/8/17,30518,11146,3132,29801,57087,78129
2004/8/24,22015,8463,2957,32210,51697,69773
2004/8/31,23031,7553,3510,33703,55889,73755
2004/9/7,21479,8833,3730,33281,52119,72214
2004/9/14,26351,11184,3670,31713,53405,75040
2004/9/21,34903,15386,5658,30637,58288,85631
2004/9/28,41210,17175,7180,30206,63190,93997
2004/10/5,45933,17686,7992,31222,67041,100292
2004/10/12,47018,17364,8085,33281,69614,103422
2004/10/19,20386,7107,6373,34250,54007,74501
2004/10/26,18391,6753,5497,35940,52891,72971
2004/11/2,18988,6827,5733,32607,49241,69692
2004/11/9,22239,7630,6222,33039,54440,75539
2004/11/16,25259,9220,7639,33666,56454,80861
2004/11/23,32589,7683,11191,35802,67272,93862
2004/11/30,36871,8609,12572,34493,69414,97637
2004/12/7,30004,6004,12462,34918,64879,90604
2004/12/14,25559,4949,9275,36117,62708,83533
2004/12/21,28721,5504,9529,34985,64693,86174
2004/12/28,33281,6758,10909,34586,68186,93230
2005/1/4,26545,6281,11211,35911,62023,87161
2005/1/11,23188,5116,10546,34815,59085,81259
2005/1/18,23417,5836,10604,34140,57434,81248
2005/1/25,27127,7247,13112,33376,59393,87458
2005/2/1,26801,9486,13148,34894,57507,88810
2005/2/8,23230,8412,11903,36340,55441,85163
2005/2/15,32781,12154,10846,35518,64287,95044
2005/2/22,44160,16442,13223,36408,70565,108804
2005/3/1,49255,16029,14176,34259,73780,112973
2005/3/8,52332,16243,15599,33924,76113,118035
2005/3/15,46771,15983,18297,34188,69853,114956
2005/3/22,47101,16870,22842,34197,68579,120517
2005/3/29,40691,15086,23770,34543,63062,114349
2005/4/5,43081,15554,24529,35825,66798,119690
2005/4/12,46134,17988,25485,41964,74093,132104
2005/4/19,32513,13873,22083,48053,69554,117163
2005/4/26,35217,12857,21876,44690,69374,116212
2005/5/3,34649,15269,19500,40641,60388,107401
2005/5/10,31653,14769,19813,40762,57550,104321
2005/5/17,20525,17204,15737,45046,48735,94172
2005/5/24,20094,16541,14966,44147,47335,91941
2005/5/31,23327,13835,14381,43076,52349,92253
2005/6/7,31621,13609,13710,40542,59079,99573
2005/6/14,36892,16080,12708,41424,62980,104947
2005/6/21,42701,19918,15448,38069,63875,112051
2005/6/28,41847,21136,16334,39069,62180,112939
2005/7/5,33523,20166,14839,39755,54135,102082
2005/7/12,36722,21641,16106,39043,55654,106406
2005/7/19,39644,22767,17077,38690,57185,111141
2005/7/26,42350,25531,17370,38700,56846,114252
2005/8/2,46210,28016,18049,38363,56950,117895
2005/8/9,44439,28075,15082,38976,54672,113439
2005/8/16,41269,26506,11162,39324,55100,105061
2005/8/23,38358,27496,10798,38837,50548,102608
2005/8/30,37291,27936,12956,40412,50927,104766
2005/9/6,38826,29059,12537,40126,51435,105839
2005/9/13,33734,27483,11015,40935,48211,99329
2005/9/20,34780,27885,11770,40430,48667,100852
2005/9/27,37483,28266,11902,41364,51799,104395
2005/10/4,40996,31475,10998,42715,53881,107932
2005/10/11,43167,32056,11360,42854,54438,111629
2005/10/18,38505,31179,11254,43435,52248,107427
2005/10/25,31662,30431,11079,44683,46877,102512
2005/11/1,31733,28506,14260,45842,48892,105650
2005/11/8,34052,28313,15138,46361,51941,109378
2005/11/15,36580,29053,16801,46031,54360,114189
2005/11/22,34901,28448,18379,45917,51581,113630
2005/11/29,33228,28016,17568,44190,48645,108347
2005/12/6,33206,27847,15814,44015,50023,105746
2005/12/13,32890,28231,14960,43510,49305,104891
2005/12/20,30868,28647,14204,43971,47154,101998
2005/12/27,32404,29643,13757,43652,47654,103119
2006/1/3,33082,30378,12902,44126,48300,103466
2006/1/10,32890,31780,13811,41484,45538,101982
2006/1/17,32186,29930,14232,39656,45227,100702
2006/1/24,33342,30596,14089,39962,45796,102580
2006/1/31,32581,31408,13513,39529,45680,101294
2006/2/7,33321,29569,10809,40482,47378,99049
2006/2/14,28653,28050,7532,42499,46215,92717
2006/2/21,23242,25672,9399,43499,44265,89954
2006/2/28,18584,23143,10244,44281,42203,85356
2006/3/7,18392,21099,10686,44178,42923,85611
2006/3/14,20042,19331,14235,44496,46536,91472
2006/3/21,22278,19268,16515,44190,49810,97150
2006/3/28,22521,20979,16560,44304,48725,97486
2006/4/4,23570,23958,16362,46714,49108,100249
2006/4/11,22134,23562,13226,47250,50306,97705
2006/4/18,20225,21789,14041,49989,53357,99934
2006/4/25,16532,19161,12334,49802,51022,96336
2006/5/2,15054,17058,9367,45755,47489,85352
2006/5/9,14392,15307,10038,48326,51305,86434
2006/5/16,12894,15376,9897,49045,49662,85375
2006/5/23,10904,17415,8214,49802,45002,81363
2006/5/30,10356,16728,9209,48536,42617,79541
2006/6/6,8775,16077,8120,48327,40942,76869
2006/6/13,8380,14036,11719,48871,42115,78658
2006/6/20,8447,11699,10854,46803,42171,76311
2006/6/27,8197,11907,9809,45691,40892,73323
2006/7/3,8460,10899,9545,44973,41681,72880
2006/7/11,10614,12828,9633,44222,41917,74754
2006/7/18,10848,14197,10267,45418,40889,76332
2006/7/25,8471,14165,10592,45378,38435,73348
2006/8/1,8643,14950,9287,44007,37256,71537
2006/8/8,9387,15981,7248,45271,38274,72385
2006/8/15,9324,17348,8336,46678,37981,74277
2006/8/22,8211,17929,7275,46774,36079,72057
2006/8/29,8156,19336,6725,44990,33146,69311
2006/9/5,9376,18099,6011,44553,34451,69247
2006/9/12,7881,17275,5849,45033,34870,68944
2006/9/19,9170,20212,5059,45531,34371,68168
2006/9/26,10566,20167,4658,44450,32361,67977
2006/10/3,10554,22847,4931,45107,33169,69400
2006/10/10,10562,23849,5322,43796,28785,69015
2006/10/17,13068,21992,6562,42204,32753,72713
2006/10/24,12435,22183,8600,43102,32837,75321
2006/10/31,11748,22691,8890,42763,31449,74423
2006/11/7,11443,25083,7017,43446,29319,72371
2006/11/14,10013,27023,7117,45520,26348,73681
2006/11/21,9130,27232,6379,47397,26453,73218
2006/11/28,9859,27495,5233,45218,22879,70308
2006/12/5,9550,26632,5263,44655,23437,68793
2006/12/12,9439,26965,4779,44210,23227,67911
2006/12/19,8423,27394,4422,46285,23433,68920
2006/12/26,6507,26714,4314,46853,22568,67350
2007/1/3,5847,25841,4853,48084,24189,70253
2007/1/9,6335,25590,4723,49018,26028,69879
2007/1/16,5358,25985,4960,48370,24442,68933
2007/1/23,5190,26561,5637,48626,24991,70723
2007/1/30,5545,27129,6046,48462,24932,71448
2007/2/6,5449,27347,5566,49215,26048,72035
2007/2/13,5710,26386,5952,48111,26416,70803
2007/2/20,5156,25867,5813,49013,26974,71320
2007/2/27,5301,24153,4670,45559,24756,65863
2007/3/6,5207,24486,4131,44591,24607,65495
2007/3/13,4642,22907,4631,45244,25291,65156
2007/3/20,7761,22839,6799,46270,30206,71303
2007/3/27,8680,24470,7021,46101,31535,74716
2007/4/3,9927,22818,6975,45184,32818,77186
2007/4/10,12333,22357,5866,45191,35468,80185
2007/4/17,13787,22572,5215,46119,36597,80657
2007/4/24,13923,22406,4236,46176,37255,80138
2007/5/1,15079,23409,4951,45582,38315,81864
2007/5/8,15900,23965,5727,45814,39413,81613
2007/5/15,15317,24368,6649,46358,38351,81845
2007/5/22,12655,23772,7916,47161,35982,80380
2007/5/29,12093,23624,9262,47238,36593,79901
2007/6/5,12740,22323,8703,45945,37358,81226
2007/6/12,13222,22204,5974,45830,36826,76962
2007/6/19,13894,22256,7577,45287,37271,78337
2007/6/26,13474,22397,7697,46577,36741,79416
2007/7/3,15360,23710,7583,46637,38895,81852
2007/7/10,20648,24557,7438,46557,43380,87538
2007/7/17,20639,24406,8529,47405,43808,89893
2007/7/24,21993,24958,10270,48330,45565,94496
2007/7/31,19544,24959,9846,47701,41486,89395
2007/8/7,18463,24017,6074,47685,40315,84651
2007/8/14,13970,19908,5020,47371,38218,76111
2007/8/21,12313,19380,5737,49923,38335,76498
2007/8/28,11271,17808,4502,48954,37438,73083
2007/9/4,11478,16634,3714,46588,36737,69156
2007/9/11,12518,16637,3834,45325,36139,68684
2007/9/18,14435,16863,3866,45130,38667,71557
2007/9/25,17474,17396,5279,45909,43426,77528
2007/10/2,20787,19307,6248,45540,46375,83055
2007/10/9,23322,19283,8061,44052,47796,86905
2007/10/16,22890,20921,10715,44427,45622,90148
2007/10/23,19606,20130,11883,44365,42585,86858
2007/10/30,17403,20060,12908,44851,40544,86013
2007/11/6,15556,18680,11677,45069,39504,83317
2007/11/13,12163,18565,8200,47162,38645,78465
2007/11/20,11396,17997,6745,48615,38956,77837
2007/11/27,9580,17500,6311,47176,33387,73905
2007/12/4,8457,16812,6101,46912,34899,70839
2007/12/11,8673,16665,6637,44082,33722,70873
2007/12/18,8702,17746,6559,45412,34149,73019
2007/12/24,8504,16567,6472,44636,33764,71767
2007/12/31,9309,16579,9244,44779,35014,72142
2008/1/8,9382,15579,9217,45968,36690,75606
2008/1/15,10724,19539,10373,50487,39630,83849
2008/1/22,11307,20355,12410,50879,38160,86382
2008/1/29,10688,20024,15281,51496,38578,89706
2008/2/5,11552,18781,15322,51617,40742,90375
2008/2/12,18417,17863,9304,50101,46853,88310
2008/2/19,21336,17784,7433,53143,53157,93661
2008/2/26,24783,19202,12164,52749,57730,101872
2008/3/4,27387,18291,11885,49840,58982,101867
2008/3/11,29142,19142,11873,49542,58831,103107
2008/3/18,27231,19888,12662,49184,56049,101953
2008/3/25,23073,15518,12986,49023,53999,97323
2008/4/1,25610,16029,14751,48653,55905,101860
2008/4/8,28023,19182,12749,48968,55942,102525
2008/4/15,30643,21360,12241,49550,57463,105070
2008/4/22,30703,21690,12476,50942,58831,107654
2008/4/29,29123,22559,12194,50041,54543,104206
2008/5/6,27833,20639,10349,48990,54398,99434
2008/5/13,24173,19985,11196,48974,51927,97799
2008/5/20,24632,19592,13185,49121,53403,101017
2008/5/27,22205,18544,13333,49788,51504,98441
2008/6/3,20776,21663,14304,49487,46744,97981
2008/6/10,20614,20430,12920,50084,47406,96229
2008/6/17,23149,19960,13621,52431,52838,102488
2008/6/24,25237,18619,16506,54249,59841,109496
2008/7/1,26085,18647,17672,52762,60405,111367
2008/7/8,25343,18805,18608,54077,60938,110218
2008/7/15,21001,17982,18454,54452,56566,105627
2008/7/22,20424,19431,21937,57290,55935,110899
2008/7/29,18062,20304,22029,57551,51529,108234
2008/8/5,15980,20299,20435,61793,53972,110205
2008/8/12,13037,18479,16849,60458,49423,100371
2008/8/19,10449,19576,13586,61326,45775,94900
2008/8/26,8940,19992,11754,58168,40639,87899
2008/9/2,7720,19789,10168,50753,32698,77739
2008/9/9,7093,20512,9490,50926,32373,76798
2008/9/16,8754,21151,10326,48957,30401,76698
2008/9/23,9744,19643,10390,45239,31085,74489
2008/9/30,5816,21985,10571,52613,31464,78214
2008/10/7,5643,24442,9928,54999,31648,80024
2008/10/14,5881,24008,9447,55655,33661,80670
2008/10/21,6259,23838,11804,55475,34091,83603
2008/10/28,6663,22546,11328,52215,33117,79285
2008/11/4,5905,22063,11722,51260,33069,77976
2008/11/11,6327,21736,9596,52034,34406,77148
2008/11/18,8073,24317,8644,53020,34898,80583
2008/11/25,7873,23970,6907,47543,28416,72372
2008/12/2,8653,26375,6846,45679,25474,70029
2008/12/9,8130,25347,6416,45436,25680,69033
2008/12/16,9531,27772,6575,45198,26086,71777
2008/12/22,9682,28750,8081,46356,26419,74212
2008/12/30,10070,29515,8425,46881,25371,74252
2009/1/6,9052,28741,10259,45555,25192,76356
2009/1/13,7191,30297,9081,55160,29143,81996
2009/1/20,7009,32318,8806,58413,31481,83617
2009/1/27,6592,32122,9261,57878,30807,84113
2009/2/3,7352,32590,12140,58566,31267,87299
2009/2/10,8874,33519,8757,55953,30349,83934
2009/2/17,7665,35092,12155,58493,29651,89405
2009/2/24,7461,34955,9976,58336,29251,84903
2009/3/3,7303,32200,7990,55677,28806,80939
2009/3/10,12397,32473,9201,54061,34896,86966
2009/3/17,15727,34574,9571,55539,38683,92910
2009/3/24,16058,34473,10283,56980,41004,95985
2009/3/31,15517,34042,11798,57826,39771,96572
2009/4/7,18576,35974,12503,59804,43189,102332
2009/4/14,17874,36735,13831,59871,43215,106758
2009/4/21,18504,37984,10023,60099,42743,103736
2009/4/28,19980,37865,11544,60749,44465,106170
2009/5/5,18992,37530,12492,60581,43522,104619
2009/5/12,18403,37142,11866,62694,46903,108470
2009/5/19,18384,37192,10575,61846,46967,105791
2009/5/26,19834,37546,11243,62264,46791,107631
2009/6/2,21485,40139,11339,63721,48281,111357
2009/6/9,19790,38559,8949,63095,48533,109820
2009/6/16,21247,39711,10952,65340,50378,115321
2009/6/23,18605,40340,12622,64689,44088,109536
2009/6/30,18029,38093,11390,63587,41969,104189
2009/7/7,17971,38932,10404,63158,42374,102426
2009/7/14,17607,37744,11573,65002,44505,106268
2009/7/21,23014,39074,14074,66092,50853,115991
2009/7/28,25235,39810,14971,66907,53509,120479
2009/8/4,27256,37910,15515,65824,56904,121925
2009/8/11,27433,37843,12024,63915,55107,117741
2009/8/18,27431,28688,13625,63530,63437,116703
2009/8/25,28889,30133,14817,63016,61709,118454
2009/9/1,28277,31825,14254,63955,59880,119527
2009/9/8,27933,30181,14008,64480,62699,118148
2009/9/15,26436,28769,12517,64171,63044,117983
2009/9/22,24442,27979,13031,65555,63972,117248
2009/9/29,22101,28382,12522,66779,60165,113874
2009/10/6,24278,29049,13520,68847,63672,119080
2009/10/13,25357,27186,13994,67991,67502,121664
2009/10/20,32948,31263,14400,69666,73566,133100
2009/10/27,37835,28780,13671,71119,80546,138431
2009/11/3,38502,29440,14100,70747,81608,140662
2009/11/9,38649,31087,14301,72251,83055,143698
2009/11/17,44596,35345,14697,75650,87071,151451
2009/11/24,46078,34942,15400,73915,86954,152001
2009/12/1,46459,35239,16215,73202,84846,148809
2009/12/8,48128,35502,14491,72301,86499,147950
2009/12/15,45671,35194,14256,73960,85853,147691
2009/12/22,43330,34755,14690,74509,84548,145637
2009/12/29,50473,35939,14731,75394,91792,154559
2010/1/5,51738,35210,15538,76411,94843,158539
2010/1/12,51974,29433,15595,66816,93719,151321
2010/1/19,50762,23095,16755,60389,91363,143012
2010/1/26,48727,19957,19026,58061,87467,140683
2010/2/2,40438,22166,18656,59788,78511,132113
2010/2/9,35897,22247,13682,61623,73751,124076
2010/2/16,37722,23642,15610,59887,70916,126363
2010/2/23,38991,23027,15423,58116,72507,126394
2010/3/2,38872,23005,14371,60663,73576,125878
2010/3/9,41913,23635,15085,60020,76984,127613
2010/3/16,42288,23284,15727,59740,76903,130126
2010/3/23,42636,24585,17370,60683,76396,132494
2010/3/30,47203,25546,18360,63203,84127,141517
2010/4/6,50530,27584,20609,65746,90314,151388
2010/4/13,53458,29990,20492,64259,88040,150306
2010/4/20,50461,29547,22265,66810,88011,153954
2010/4/27,47952,28142,24261,65474,85645,151824
2010/5/4,42642,29152,23214,62278,75616,142318
2010/5/11,36092,25494,20005,62451,70969,130991
2010/5/18,35258,28033,19658,62602,66681,128554
2010/5/25,32592,28609,19007,65569,66089,128730
2010/6/1,32767,27456,17932,66056,68590,127018
2010/6/8,34347,33065,18520,64794,65497,131799
2010/6/15,33306,31870,20044,72502,71463,137265
2010/6/22,33374,31901,21760,71285,70137,139932
2010/6/29,31968,29106,19404,68668,68514,130392
2010/7/6,31620,29435,18769,67615,65822,127883
2010/7/13,31820,27462,19246,68137,68641,129938
2010/7/20,32592,28677,20627,68037,67295,132711
2010/7/27,35846,24596,19587,69696,74878,136009
2010/8/3,37984,25024,22219,68866,77771,141838
2010/8/10,40232,23586,18274,67695,81972,139666
2010/8/17,41110,26631,19608,67102,79168,140934
2010/8/24,36304,26890,18981,72217,76927,139877
2010/8/31,39392,26162,17512,64771,75360,134206
2010/9/7,41758,26975,17683,64529,77620,137079
2010/9/14,42144,25735,16694,67025,84461,141028
2010/9/21,43877,26796,16384,67356,86103,142955
2010/9/28,48383,26221,15410,68712,92459,147744
2010/10/5,51583,27184,17496,67855,94481,153457
2010/10/12,52794,28726,18559,70002,97325,158917
2010/10/19,54303,28153,19898,71698,101035,162855
2010/10/26,55260,28797,22707,72172,101358,167063
2010/11/2,52585,27377,22201,71961,100526,163209
2010/11/9,55566,25477,17705,72427,107310,164045
2010/11/16,49986,24026,15385,69716,98920,152332
2010/11/23,46097,23307,16097,67879,93305,146054
2010/11/30,47784,26677,16420,68699,92608,148249
2010/12/7,53567,27135,16221,69090,101401,157675
2010/12/14,58287,28019,16895,69972,104818,163546
2010/12/21,59804,27641,17186,71398,107102,166422
2010/12/28,61837,30035,16840,71176,106323,167334
2011/1/4,61858,30245,17716,69780,104737,166289
2011/1/11,61530,31423,17617,67938,104139,165488
2011/1/18,62505,32316,18443,67307,101612,165873
2011/1/25,53961,30049,16592,67159,94705,155810
2011/2/1,57306,32595,17224,67515,95663,160259
2011/2/8,63087,33627,13116,67951,101181,162263
2011/2/15,59706,30667,12417,69016,102689,159468
2011/2/22,53809,30579,11328,70177,98711,151893
2011/3/1,50320,23701,11022,70162,98113,147581
2011/3/8,49103,24793,8954,67688,93617,141773
2011/3/15,46193,22831,7492,66453,88953,134739
2011/3/22,44489,22667,9826,65641,88918,133713
2011/3/29,47672,20628,9496,63696,92690,135882
2011/4/5,46268,23884,9591,61166,89006,134293
2011/4/12,52973,21983,10581,62368,98055,142085
2011/4/19,43667,18608,9168,63739,90632,132383
2011/4/26,42076,18398,10218,62977,89403,130849
2011/5/3,40403,19399,9573,62248,82043,125898
2011/5/10,34445,22626,10475,62279,70730,120303
2011/5/17,29693,21948,14555,62821,65989,119749
2011/5/24,28382,22354,14085,65806,68353,120829
2011/5/31,29163,19183,14851,66738,74271,123919
2011/6/7,30044,20316,13295,65602,74150,122995
2011/6/14,31122,20388,14715,71608,80534,132616
2011/6/21,30500,20735,15542,73946,80593,133849
2011/6/28,29596,19591,14514,67785,73573,124236
2011/7/5,40534,21571,14304,67922,86511,138627
2011/7/12,48272,24486,14808,65478,91042,146864
2011/7/19,49556,25807,18561,64948,92763,152876
2011/7/26,51606,27015,19318,65835,93137,156140
2011/8/2,51036,26773,19719,67296,93515,156089
2011/8/9,34375,23514,12032,66705,76240,128475
2011/8/16,27568,21674,13369,71675,72565,125673
2011/8/23,28138,24288,13116,72457,71157,126380
2011/8/30,28750,26048,10645,63839,62367,115815
2011/9/6,30682,27185,11106,62986,60973,115872
2011/9/13,30700,28872,10162,64993,60937,118383
2011/9/20,31651,34950,10034,69336,59659,125531
2011/9/27,29860,31322,8657,68325,59770,119891
2011/10/4,28040,31458,9689,69927,60604,121499
2011/10/11,27971,35030,9936,72909,58490,122868
2011/10/18,28110,33449,12698,75441,61894,129014
2011/10/25,28375,31313,15885,73267,62365,129893
2011/11/1,28641,26854,15387,71273,64692,126363
2011/11/8,26697,26385,12686,70552,66389,123572
2011/11/15,26992,28106,12241,77633,72092,129991
2011/11/22,26072,30294,13346,72381,62742,124189
2011/11/29,26425,29733,11900,64354,54748,112374
2011/12/6,26715,29347,10722,65290,57566,113252
2011/12/13,27040,30396,10752,67361,59408,115993
2011/12/20,28339,33294,10608,67210,55838,116050
2011/12/27,28669,32261,11094,67188,56805,117153
2012/1/3,29629,31177,11918,68300,60466,120794
2012/1/10,31413,33123,14467,68689,61854,126638
2012/1/17,34047,31736,17572,67784,65652,132457
2012/1/24,36031,31508,22434,70960,70786,142751
2012/1/31,37665,33482,23093,77199,78424,151787
2012/2/7,40578,33536,22233,82954,87532,160030
2012/2/14,42281,32572,22867,85459,94173,164491
2012/2/21,43171,33634,20979,84117,91136,162525
2012/2/28,43900,33389,18361,77325,86060,153312
2012/3/6,44783,33198,19235,76505,83720,152741
2012/3/13,43424,34352,18188,75104,82186,150968
2012/3/20,48835,36560,19261,72827,81578,154394
2012/3/27,44370,36296,21151,71533,77823,152037
2012/4/3,48178,38649,21696,71108,78085,156569
2012/4/10,41312,40893,19985,68891,66807,148468
2012/4/17,41012,39755,20599,84347,75969,159119
2012/4/24,38687,36365,21860,86726,76668,159256
2012/5/1,41404,37514,14451,77181,70533,144241
2012/5/8,42919,39388,13391,78539,71298,144583
2012/5/15,41857,45715,13127,81899,67274,147934
2012/5/22,40184,50282,16922,82296,60264,150189
2012/5/29,40639,52277,17621,80418,56171,148694
2012/6/5,40259,56896,19903,84559,56870,156252
2012/6/12,38793,53745,18381,83488,59025,152084
2012/6/19,37756,52038,15991,80224,56311,144845
2012/6/26,38453,55297,15000,81024,53966,146442
2012/7/3,37821,51039,12093,74476,53138,135682
2012/7/10,39390,49755,11838,72217,52834,134099
2012/7/17,39798,48085,14677,72660,55967,138098
2012/7/24,40765,53834,14848,76444,53098,142395
2012/7/31,38672,53392,13047,80722,56652,142774
2012/8/7,39673,56933,15820,78943,52500,145059
2012/8/14,38883,56654,19919,85218,59664,156244
2012/8/21,40773,53652,16908,79314,59972,149461
2012/8/28,41645,49741,15055,76967,62936,145214
2012/9/4,38833,48892,14298,73029,55555,136512
2012/9/11,49549,47020,13527,70720,68009,147630
2012/9/18,51005,48001,14069,69228,69515,149098
2012/9/25,54605,49473,14146,68398,70804,152263
2012/10/2,54815,45801,14486,67291,74289,152264
2012/10/9,54605,42786,15813,65511,75988,152004
2012/10/16,52776,41281,16239,66047,74396,150296
2012/10/23,48794,41891,18346,70114,76016,153564
2012/10/30,45589,47883,20574,73573,71924,156569
2012/11/6,42032,44229,23132,74633,70909,155396
2012/11/13,41593,46017,22241,71783,65074,151884
2012/11/20,39621,43052,18272,75050,67260,147748
2012/11/27,38126,41105,19888,73463,66381,145313
2012/12/4,44306,35254,15907,71244,73478,143993
2012/12/11,48593,35962,16651,71641,81729,151310
2012/12/18,51535,36481,16114,70922,84667,153815
2012/12/24,45600,37889,16725,71060,79791,148449
2012/12/31,45486,36155,15418,71160,81298,146548
2013/1/8,47014,34638,17553,73141,89080,156245
2013/1/15,48130,36148,16286,73334,89553,155689
2013/1/22,48234,38699,18813,75176,90923,161899
2013/1/29,50672,41305,21000,75776,92214,168493
2013/2/5,61901,45697,19378,81590,105513,183941
2013/2/12,60104,44242,18894,74836,96583,174441
2013/2/19,58575,49258,19759,77953,94735,178372
2013/2/26,46791,47519,17027,77621,79586,161180
2013/3/5,49328,54915,15929,78416,70708,159485
2013/3/12,48151,54295,14879,79207,70107,158500
2013/3/19,48036,64206,15398,84936,68845,168616
2013/3/26,49956,70143,16822,88515,66751,172979
2013/4/2,48872,75877,19667,91372,64250,179944
2013/4/9,47713,75552,24017,91588,62370,182719
2013/4/16,44854,68981,22166,104687,74314,187450
2013/4/23,43366,64755,15422,98096,68995,172312
2013/4/30,43244,67243,14478,93694,62994,166042
2013/5/7,42612,61802,13630,88923,60526,158787
2013/5/14,39970,57425,15714,89594,63429,159750
2013/5/21,39525,53067,16051,90768,68557,162304
2013/5/28,38759,52325,18293,91797,71095,165931
2013/6/4,41488,51433,18928,92573,73671,168538
2013/6/11,40874,58921,21324,100850,75060,181231
2013/6/18,47838,74277,20421,108010,75483,194877
2013/6/25,46899,78588,15905,101167,61366,178746
2013/7/2,44898,73439,16355,95951,59369,170977
2013/7/9,44259,72307,15087,95384,59746,169108
2013/7/16,39403,61783,15800,93211,64431,163870
2013/7/23,38642,61746,13392,93980,64503,161805
2013/7/30,39333,70427,13411,94144,56749,166158
2013/8/6,37858,59435,15617,93975,63948,163880
2013/8/13,38753,45587,15028,92326,78847,161593
2013/8/20,44415,44535,12451,88774,81533,160062
2013/8/27,42772,43565,10498,87986,83036,156847
2013/9/3,40851,45303,9667,84809,75371,149072
2013/9/10,37874,46447,9483,85973,72286,149202
2013/9/17,35639,50892,11256,86583,65915,149173
2013/9/24,36648,43898,11865,82411,71113,147511
2013/10/1,39032,40366,13792,80265,72900,148001
2013/10/8,37880,41764,14259,80644,71930,147936
2013/10/15,37672,45400,14860,83006,69117,149819
2013/10/22,44669,41054,12772,81295,80208,154924
2013/10/29,38310,48325,13055,88002,72879,154498
2013/11/5,36754,46538,9054,85907,71552,148624
2013/11/12,39966,58934,15736,88967,66255,163264
2013/11/19,40413,74311,14728,98110,59242,173106
2013/11/26,41232,71260,11316,89001,53484,158780
2013/12/3,43029,70380,11014,86479,55257,160042
2013/12/10,44375,57508,10601,84272,66965,159552
2013/12/17,55009,52630,7549,76939,73995,159879
2013/12/24,60943,56208,9464,74020,75004,164932
2013/12/31,66016,55653,9677,70367,79191,167024
2014/1/7,67546,55118,10923,69472,81237,169588
2014/1/14,59343,52306,14518,73137,77296,163296
2014/1/21,61131,51418,14245,69394,74338,160115
2014/1/28,51840,51836,15623,70361,66484,152829
2014/2/4,45717,59136,16443,76294,57375,151800
2014/2/11,46907,64957,22250,82698,57748,164996
2014/2/18,45352,59186,26856,77991,58421,162959
2014/2/25,45032,53111,19175,69425,53405,146265
2014/3/4,45709,58950,16394,70567,51317,145295
2014/3/11,47674,69234,15170,77436,47326,155791
2014/3/18,49027,77353,15098,79853,44523,159542
2014/3/25,45358,78333,13918,79055,42621,154057
2014/4/1,45433,71228,16536,76981,44511,153098
2014/4/8,45495,63996,16927,76360,51429,153322
2014/4/15,43429,64895,19024,85856,58519,164022
2014/4/22,40925,60842,16140,80932,54842,152890
2014/4/29,42322,56203,11811,72133,51832,138987
2014/5/6,40898,58351,13895,74484,51816,142069
2014/5/13,48908,58971,17095,72247,57482,151610
2014/5/20,50971,56564,14583,71468,60812,150346
2014/5/27,52012,56390,14506,73429,61135,153499
2014/6/3,47335,57075,15683,75596,60861,151783
2014/6/10,40089,55418,14444,77138,57193,147453
2014/6/17,38162,56201,18217,80925,57657,151523
2014/6/24,41981,49814,11615,74432,61850,142413
2014/7/1,52365,54129,8464,71634,66841,146243
2014/7/8,65579,58447,10238,71522,75439,161048
2014/7/15,76533,61906,15205,73432,85022,179412
2014/7/22,70091,61289,20640,75052,81909,180479
2014/7/29,63838,59519,22013,74519,77068,175017
2014/8/5,62107,54601,19160,75480,80401,171323
2014/8/12,47168,48601,13430,76654,73411,153657
2014/8/19,44060,50174,15403,78516,69643,152025
2014/8/26,46253,46126,13215,74400,71722,146526
2014/9/2,43075,46865,9627,72330,63393,136370
2014/9/9,48401,57920,7827,75177,60572,144047
2014/9/16,48575,62031,7860,75914,56323,143370
2014/9/23,51273,70968,7817,80785,53954,152016
2014/9/30,52035,75466,10953,85536,52955,160389
2014/10/7,54483,79479,13222,88398,54408,167622
2014/10/14,54973,78838,12473,86037,52582,167530
2014/10/21,54569,82309,13667,92601,55057,175541
2014/10/28,54392,75749,14365,90853,59728,169924
2014/11/4,47492,73355,11464,94794,58919,164942
2014/11/11,48196,73757,15897,95350,57969,170361
2014/11/18,52968,77573,22100,89399,53946,176417
2014/11/25,55391,83669,10426,81388,44220,160924
2014/12/2,50746,84928,8753,87855,41272,159261
2014/12/9,47171,80129,8867,84548,40338,152267
2014/12/16,47122,76837,9566,84046,41356,152045
2014/12/23,43503,75702,11167,87515,43435,152816
2014/12/30,44538,79591,11127,92094,45609,159107
2015/1/6,45928,87193,13635,99196,45205,170037
2015/1/13,53398,89221,19762,94170,46356,179459
2015/1/20,46328,83113,19998,94261,44335,172846
2015/1/27,46610,87272,23866,96833,44280,179152
2015/2/3,46923,87221,24739,98677,45864,180944
2015/2/10,45443,87427,30755,97124,46414,185606
2015/2/17,44526,82691,31027,97012,48031,185675
2015/2/24,50336,80639,17653,91161,50893,171520
2015/3/3,51043,73854,13012,87470,55536,163020
2015/3/10,53309,74837,11962,88084,55730,164239
2015/3/17,55248,72795,11668,85615,57445,164490
2015/3/24,58237,67317,13044,81659,64083,165590
2015/3/31,60278,64432,15728,82059,69145,170125
2015/4/7,58765,63761,16169,82527,71351,171006
2015/4/14,54693,61923,15498,81400,66570,165760
2015/4/21,50483,62802,12830,79538,64110,157721
2015/4/28,50505,66588,9532,81832,61536,154447
2015/5/5,63530,63982,9377,78884,75206,166179
2015/5/12,73722,65206,11666,77044,82657,178077
2015/5/19,73598,64257,13001,77109,83885,179210
2015/5/26,64899,63275,14290,78383,78749,172622
2015/6/2,50709,59453,16523,79435,67856,160588
2015/6/9,50677,64059,25182,81795,64122,171541
2015/6/16,53535,70047,26850,86938,66044,181765
2015/6/23,54093,77732,27189,88108,61595,184635
2015/6/30,59718,81525,14922,77411,52697,166278
2015/7/7,55639,81068,16245,80720,49595,167008
2015/7/14,53064,73822,18388,78077,51355,161713
2015/7/21,56919,79086,18893,75911,49681,165842
2015/7/28,55698,80152,16387,77675,46041,163656
2015/8/4,60578,92908,21396,85447,46797,181276
2015/8/11,60308,94067,30859,88567,47926,195117
2015/8/18,60821,89793,30888,83872,47927,191265
2015/8/25,60331,83656,16520,76236,44390,166991
2015/9/1,61031,81421,11912,74534,46459,158648
2015/9/8,60691,73958,13111,72133,52296,159016
2015/9/15,59530,63571,13399,69710,59257,154631
2015/9/22,52382,65632,15049,70959,51740,152575
2015/9/29,52419,69425,13630,72385,49149,151710
2015/10/6,54617,66165,13710,72020,55486,153387
2015/10/13,54291,60432,18366,70513,60297,156482
2015/10/20,56571,61154,22215,70231,61490,162963
2015/10/27,58172,59021,22355,71732,65587,165946
2015/11/3,55293,67071,19832,76694,58720,165386
2015/11/10,52814,80242,24522,80345,48776,173872
2015/11/17,61534,90817,31408,84208,49850,193328
2015/11/24,64527,98293,21415,83953,46557,186199
2015/12/1,66155,100408,15580,82846,45306,180517
2015/12/8,65812,100004,16786,81927,43773,179248
2015/12/15,68029,100662,17831,79212,43369,178761
2015/12/22,63124,93463,15460,79311,43004,170210
2015/12/29,59955,90061,16022,78884,43214,167689
2016/1/5,63058,94871,16864,79330,42180,171819
2016/1/12,68662,110687,22136,88452,40280,193520
2016/1/19,68711,112117,23786,92728,43574,199011
2016/1/26,64968,101795,30977,94258,50133,202900
2016/2/2,63562,99073,34202,90906,48979,201682
2016/2/9,63452,90280,29756,82362,51598,189518
2016/2/16,60041,87379,32272,84081,55020,191131
2016/2/23,57954,80901,24593,77038,51058,173541
2016/3/1,55749,80365,16473,73508,47245,160010
2016/3/8,63178,66056,17778,70111,66455,165888
2016/3/15,63343,63890,24703,72119,71009,175443
2016/3/22,62514,61596,28653,72166,73203,178177
2016/3/29,67603,72029,27888,76022,72557,186775
2016/4/5,67537,77622,32148,76425,66055,192906
2016/4/12,68479,90800,33377,84007,59754,201236
2016/4/19,66318,90834,32124,86690,61270,201891
2016/4/26,65274,73350,18480,74069,63893,172378
2016/5/3,65651,73111,20958,75186,66922,176458
2016/5/10,71365,94191,15610,81612,59207,184768
2016/5/17,79184,109830,19213,88280,58337,203157
2016/5/24,72160,113213,21795,101182,59397,210264
2016/5/31,71316,110143,29394,102473,61117,217128
2016/6/7,72543,111837,34091,101886,65651,227927
2016/6/14,71360,116171,42117,108111,62804,239071
2016/6/21,63839,96765,39897,95785,61300,215529
2016/6/28,53692,73506,18227,83357,60873,167927
2016/7/5,50675,70144,17001,83339,61420,164665
2016/7/12,54430,68660,15794,81522,65891,166225
2016/7/19,66010,63646,18239,79046,79937,178364
2016/7/26,69284,64466,22358,80625,84320,187184
2016/8/2,68768,66086,21702,82290,85727,188805
2016/8/9,66712,71890,22489,81248,78533,188297
2016/8/16,61208,66282,21552,80860,77040,180360
2016/8/23,70207,76873,23270,78581,76444,192196
2016/8/30,69279,91152,16745,83132,62594,187028
2016/9/6,79928,110153,16804,88295,59323,203453
2016/9/13,88681,113974,18578,80099,55217,203945
2016/9/20,82274,95425,17428,74737,61223,190574
2016/9/27,74769,76859,16277,72312,70341,179904
2016/10/4,77097,76198,19295,70272,71224,181809
2016/10/11,79132,74806,21817,69184,72810,185814
2016/10/18,87535,98677,24440,77369,68856,207729
2016/10/25,90935,104689,26978,79101,66345,213569
2016/11/1,88669,77371,25283,73188,79722,203042
2016/11/8,118385,78749,28031,69406,107339,233922
2016/11/15,117916,72921,31467,70609,113873,238615
2016/11/22,118089,71777,31932,67936,115984,236293
2016/11/29,121067,67706,26580,66855,119455,230420
2016/12/6,123820,67429,29312,66365,123834,236290
2016/12/13,127666,66551,28829,64364,125034,236822
2016/12/20,119225,67199,30639,68111,120663,233042
2016/12/27,112505,66742,28542,70391,118773,227733
2017/1/3,109243,64759,28112,70583,117526,223874
2017/1/10,116854,69151,32045,71308,121407,236637
2017/1/17,118944,72445,38763,75868,125140,251782
2017/1/24,128015,77705,43407,82224,133948,270892
2017/1/31,134989,77713,50065,89428,147207,291702
2017/2/7,131026,79467,50527,93332,147984,291924
2017/2/14,131446,86203,52917,92457,140974,296125
2017/2/21,128204,85410,43147,93995,141913,283805
2017/2/28,120913,82915,39888,90031,132757,267935
2017/3/7,117779,88060,43290,87052,123421,267379
2017/3/14,110578,88139,39834,92375,118993,260056
2017/3/21,111829,90159,42546,96185,122042,269323