update_date,position,volume,position_diff,turn_over_rate
2013-10-18,78656.00 ,338700.00 ,,
2013-10-21,82136.00 ,104026.00 ,3480.00 ,29.89 
2013-10-22,89528.00 ,98812.00 ,7392.00 ,13.37 
2013-10-23,94634.00 ,122456.00 ,5106.00 ,23.98 
2013-10-24,103770.00 ,177400.00 ,9136.00 ,19.42 
2013-10-25,102272.00 ,108826.00 ,-1498.00 ,-72.65 
2013-10-28,108946.00 ,86858.00 ,6674.00 ,13.01 
2013-10-29,115114.00 ,108908.00 ,6168.00 ,17.66 
2013-10-30,105310.00 ,124214.00 ,-9804.00 ,-12.67 
2013-10-31,98254.00 ,77154.00 ,-7056.00 ,-10.93 
2013-11-01,119374.00 ,329152.00 ,21120.00 ,15.58 
2013-11-04,134228.00 ,177942.00 ,14854.00 ,11.98 
2013-11-05,134486.00 ,110230.00 ,258.00 ,427.25 
2013-11-06,136662.00 ,71754.00 ,2176.00 ,32.98 
2013-11-07,139062.00 ,94728.00 ,2400.00 ,39.47 
2013-11-08,138058.00 ,71884.00 ,-1004.00 ,-71.60 
2013-11-11,130770.00 ,60720.00 ,-7288.00 ,-8.33 
2013-11-12,126292.00 ,47886.00 ,-4478.00 ,-10.69 
2013-11-13,129018.00 ,99902.00 ,2726.00 ,36.65 
2013-11-14,121614.00 ,57574.00 ,-7404.00 ,-7.78 
2013-11-15,121824.00 ,79910.00 ,210.00 ,380.52 
2013-11-18,119456.00 ,56586.00 ,-2368.00 ,-23.90 
2013-11-19,125832.00 ,63546.00 ,6376.00 ,9.97 
2013-11-20,122958.00 ,44890.00 ,-2874.00 ,-15.62 
2013-11-21,124656.00 ,43236.00 ,1698.00 ,25.46 
2013-11-22,126526.00 ,54496.00 ,1870.00 ,29.14 
2013-11-25,124778.00 ,40540.00 ,-1748.00 ,-23.19 
2013-11-26,128212.00 ,75276.00 ,3434.00 ,21.92 
2013-11-27,126766.00 ,31592.00 ,-1446.00 ,-21.85 
2013-11-28,125640.00 ,28536.00 ,-1126.00 ,-25.34 
2013-11-29,126222.00 ,34138.00 ,582.00 ,58.66 
2013-12-02,129054.00 ,43020.00 ,2832.00 ,15.19 
2013-12-03,125664.00 ,36684.00 ,-3390.00 ,-10.82 
2013-12-04,134450.00 ,97470.00 ,8786.00 ,11.09 
2013-12-05,134980.00 ,55270.00 ,530.00 ,104.28 
2013-12-06,128010.00 ,44522.00 ,-6970.00 ,-6.39 
2013-12-09,131930.00 ,20184.00 ,3920.00 ,5.15 
2013-12-10,129270.00 ,17184.00 ,-2660.00 ,-6.46 
2013-12-11,128398.00 ,41416.00 ,-872.00 ,-47.50 
2013-12-12,129456.00 ,37364.00 ,1058.00 ,35.32 
2013-12-13,140168.00 ,100498.00 ,10712.00 ,9.38 
2013-12-16,144598.00 ,42230.00 ,4430.00 ,9.53 
2013-12-17,149364.00 ,26784.00 ,4766.00 ,5.62 
2013-12-18,154326.00 ,76142.00 ,4962.00 ,15.35 
2013-12-19,155410.00 ,33700.00 ,1084.00 ,31.09 
2013-12-20,153840.00 ,37540.00 ,-1570.00 ,-23.91 
2013-12-23,168986.00 ,143740.00 ,15146.00 ,9.49 
2013-12-24,154858.00 ,100328.00 ,-14128.00 ,-7.10 
2013-12-25,148084.00 ,51462.00 ,-6774.00 ,-7.60 
2013-12-26,158836.00 ,89600.00 ,10752.00 ,8.33 
2013-12-27,140636.00 ,92094.00 ,-18200.00 ,-5.06 
2013-12-30,135270.00 ,91510.00 ,-5366.00 ,-17.05 
2013-12-31,129782.00 ,77816.00 ,-5488.00 ,-14.18 
2014-01-02,139142.00 ,59526.00 ,9360.00 ,6.36 
2014-01-03,155586.00 ,139438.00 ,16444.00 ,8.48 
2014-01-06,180374.00 ,118280.00 ,24788.00 ,4.77 
2014-01-07,189230.00 ,94584.00 ,8856.00 ,10.68 
2014-01-08,202638.00 ,111804.00 ,13408.00 ,8.34 
2014-01-09,210950.00 ,111906.00 ,8312.00 ,13.46 
2014-01-10,224968.00 ,202396.00 ,14018.00 ,14.44 
2014-01-13,243478.00 ,119584.00 ,18510.00 ,6.46 
2014-01-14,250310.00 ,109056.00 ,6832.00 ,15.96 
2014-01-15,258572.00 ,77568.00 ,8262.00 ,9.39 
2014-01-16,266730.00 ,80322.00 ,8158.00 ,9.85 
2014-01-17,266538.00 ,91202.00 ,-192.00 ,-475.01 
2014-01-20,281826.00 ,113144.00 ,15288.00 ,7.40 
2014-01-21,311794.00 ,158540.00 ,29968.00 ,5.29 
2014-01-22,314656.00 ,94792.00 ,2862.00 ,33.12 
2014-01-23,298608.00 ,253884.00 ,-16048.00 ,-15.82 
2014-01-24,280936.00 ,119320.00 ,-17672.00 ,-6.75 
2014-01-27,292182.00 ,89732.00 ,11246.00 ,7.98 
2014-01-28,291530.00 ,69796.00 ,-652.00 ,-107.05 
2014-01-29,289936.00 ,60104.00 ,-1594.00 ,-37.71 
2014-01-30,288404.00 ,41634.00 ,-1532.00 ,-27.18 
2014-02-07,272220.00 ,97658.00 ,-16184.00 ,-6.03 
2014-02-10,282370.00 ,113976.00 ,10150.00 ,11.23 
2014-02-11,292876.00 ,83684.00 ,10506.00 ,7.97 
2014-02-12,293122.00 ,82514.00 ,246.00 ,335.42 
2014-02-13,292778.00 ,76930.00 ,-344.00 ,-223.63 
2014-02-14,294694.00 ,95806.00 ,1916.00 ,50.00 
2014-02-17,276260.00 ,172762.00 ,-18434.00 ,-9.37 
2014-02-18,270904.00 ,122794.00 ,-5356.00 ,-22.93 
2014-02-19,278348.00 ,74102.00 ,7444.00 ,9.95 
2014-02-20,284556.00 ,80192.00 ,6208.00 ,12.92 
2014-02-21,294892.00 ,92442.00 ,10336.00 ,8.94 
2014-02-24,337090.00 ,250616.00 ,42198.00 ,5.94 
2014-02-25,360134.00 ,168188.00 ,23044.00 ,7.30 
2014-02-26,379242.00 ,178470.00 ,19108.00 ,9.34 
2014-02-27,379282.00 ,141574.00 ,40.00 ,3539.35 
2014-02-28,378868.00 ,175266.00 ,-414.00 ,-423.35 
2014-03-03,394518.00 ,178942.00 ,15650.00 ,11.43 
2014-03-04,399778.00 ,192304.00 ,5260.00 ,36.56 
2014-03-05,419686.00 ,331960.00 ,19908.00 ,16.67 
2014-03-06,438066.00 ,280012.00 ,18380.00 ,15.23 
2014-03-07,502108.00 ,323480.00 ,64042.00 ,5.05 
2014-03-10,500362.00 ,270904.00 ,-1746.00 ,-155.16 
2014-03-11,498956.00 ,766418.00 ,-1406.00 ,-545.11 
2014-03-12,599522.00 ,1022528.00 ,100566.00 ,10.17 
2014-03-13,681486.00 ,793866.00 ,81964.00 ,9.69 
2014-03-14,696334.00 ,951524.00 ,14848.00 ,64.08 
2014-03-17,704322.00 ,767074.00 ,7988.00 ,96.03 
2014-03-18,738742.00 ,883396.00 ,34420.00 ,25.67 
2014-03-19,740168.00 ,487760.00 ,1426.00 ,342.05 
2014-03-20,708652.00 ,1136732.00 ,-31516.00 ,-36.07 
2014-03-21,703000.00 ,938288.00 ,-5652.00 ,-166.01 
2014-03-24,748252.00 ,1386118.00 ,45252.00 ,30.63 
2014-03-25,678652.00 ,1088596.00 ,-69600.00 ,-15.64 
2014-03-26,622962.00 ,684950.00 ,-55690.00 ,-12.30 
2014-03-27,614740.00 ,796648.00 ,-8222.00 ,-96.89 
2014-03-28,612984.00 ,834998.00 ,-1756.00 ,-475.51 
2014-03-31,597632.00 ,1069260.00 ,-15352.00 ,-69.65 
2014-04-01,633408.00 ,815858.00 ,35776.00 ,22.80 
2014-04-02,659290.00 ,968638.00 ,25882.00 ,37.43 
2014-04-03,670714.00 ,1256822.00 ,11424.00 ,110.02 
2014-04-04,631180.00 ,699708.00 ,-39534.00 ,-17.70 
2014-04-08,635322.00 ,861304.00 ,4142.00 ,207.94 
2014-04-09,645712.00 ,737168.00 ,10390.00 ,70.95 
2014-04-10,652600.00 ,694658.00 ,6888.00 ,100.85 
2014-04-11,638134.00 ,488778.00 ,-14466.00 ,-33.79 
2014-04-14,653694.00 ,843170.00 ,15560.00 ,54.19 
2014-04-15,638690.00 ,655994.00 ,-15004.00 ,-43.72 
2014-04-16,615936.00 ,696470.00 ,-22754.00 ,-30.61 
2014-04-17,575358.00 ,412958.00 ,-40578.00 ,-10.18 
2014-04-18,560012.00 ,1128592.00 ,-15346.00 ,-73.54 
2014-04-21,572768.00 ,490460.00 ,12756.00 ,38.45 
2014-04-22,578718.00 ,617118.00 ,5950.00 ,103.72 
2014-04-23,568780.00 ,510098.00 ,-9938.00 ,-51.33 
2014-04-24,600154.00 ,685936.00 ,31374.00 ,21.86 
2014-04-25,572014.00 ,422192.00 ,-28140.00 ,-15.00 
2014-04-28,599438.00 ,992078.00 ,27424.00 ,36.18 
2014-04-29,622270.00 ,653890.00 ,22832.00 ,28.64 
2014-04-30,611386.00 ,652612.00 ,-10884.00 ,-59.96 
2014-05-05,635172.00 ,453262.00 ,23786.00 ,19.06 
2014-05-06,634408.00 ,425754.00 ,-764.00 ,-557.27 
2014-05-07,637796.00 ,766384.00 ,3388.00 ,226.21 
2014-05-08,651454.00 ,766230.00 ,13658.00 ,56.10 
2014-05-09,665686.00 ,477992.00 ,14232.00 ,33.59 
2014-05-12,715572.00 ,898172.00 ,49886.00 ,18.00 
2014-05-13,703872.00 ,640082.00 ,-11700.00 ,-54.71 
2014-05-14,717924.00 ,521990.00 ,14052.00 ,37.15 
2014-05-15,686394.00 ,557824.00 ,-31530.00 ,-17.69 
2014-05-16,685876.00 ,1049048.00 ,-518.00 ,-2025.19 
2014-05-19,736654.00 ,1134690.00 ,50778.00 ,22.35 
2014-05-20,735264.00 ,849920.00 ,-1390.00 ,-611.45 
2014-05-21,738506.00 ,727698.00 ,3242.00 ,224.46 
2014-05-22,747746.00 ,900646.00 ,9240.00 ,97.47 
2014-05-23,746642.00 ,676442.00 ,-1104.00 ,-612.72 
2014-05-26,695310.00 ,1167502.00 ,-51332.00 ,-22.74 
2014-05-27,668940.00 ,481426.00 ,-26370.00 ,-18.26 
2014-05-28,736588.00 ,823180.00 ,67648.00 ,12.17 
2014-05-29,788256.00 ,882404.00 ,51668.00 ,17.08 
2014-05-30,868762.00 ,1047510.00 ,80506.00 ,13.01 
2014-06-03,882910.00 ,675924.00 ,14148.00 ,47.78 
2014-06-04,862002.00 ,707666.00 ,-20908.00 ,-33.85 
2014-06-05,891818.00 ,883968.00 ,29816.00 ,29.65 
2014-06-06,876746.00 ,828168.00 ,-15072.00 ,-54.95 
2014-06-09,871700.00 ,582586.00 ,-5046.00 ,-115.46 
2014-06-10,868790.00 ,671278.00 ,-2910.00 ,-230.68 
2014-06-11,871104.00 ,528608.00 ,2314.00 ,228.44 
2014-06-12,916812.00 ,823082.00 ,45708.00 ,18.01 
2014-06-13,897492.00 ,796214.00 ,-19320.00 ,-41.21 
2014-06-16,864136.00 ,686854.00 ,-33356.00 ,-20.59 
2014-06-17,832734.00 ,680096.00 ,-31402.00 ,-21.66 
2014-06-18,810556.00 ,551478.00 ,-22178.00 ,-24.87 
2014-06-19,803700.00 ,659612.00 ,-6856.00 ,-96.21 
2014-06-20,794174.00 ,1216196.00 ,-9526.00 ,-127.67 
2014-06-23,715734.00 ,1111380.00 ,-78440.00 ,-14.17 
2014-06-24,692076.00 ,489588.00 ,-23658.00 ,-20.69 
2014-06-25,661020.00 ,704746.00 ,-31056.00 ,-22.69 
2014-06-26,656062.00 ,1434332.00 ,-4958.00 ,-289.30 
2014-06-27,558538.00 ,780538.00 ,-97524.00 ,-8.00 
2014-06-30,528206.00 ,723168.00 ,-30332.00 ,-23.84 
2014-07-01,560494.00 ,710416.00 ,32288.00 ,22.00 
2014-07-02,571804.00 ,1287892.00 ,11310.00 ,113.87 
2014-07-03,552198.00 ,891502.00 ,-19606.00 ,-45.47 
2014-07-04,534670.00 ,732768.00 ,-17528.00 ,-41.81 
2014-07-07,558752.00 ,1164798.00 ,24082.00 ,48.37 
2014-07-08,686284.00 ,1374442.00 ,127532.00 ,10.78 
2014-07-09,652478.00 ,1034984.00 ,-33806.00 ,-30.62 
2014-07-10,650726.00 ,1074124.00 ,-1752.00 ,-613.08 
2014-07-11,634506.00 ,951176.00 ,-16220.00 ,-58.64 
2014-07-14,639406.00 ,792600.00 ,4900.00 ,161.76 
2014-07-15,684172.00 ,811210.00 ,44766.00 ,18.12 
2014-07-16,711350.00 ,635156.00 ,27178.00 ,23.37 
2014-07-17,698226.00 ,573586.00 ,-13124.00 ,-43.71 
2014-07-18,736670.00 ,1230092.00 ,38444.00 ,32.00 
2014-07-21,712500.00 ,650558.00 ,-24170.00 ,-26.92 
2014-07-22,716138.00 ,746710.00 ,3638.00 ,205.25 
2014-07-23,681726.00 ,661662.00 ,-34412.00 ,-19.23 
2014-07-24,695858.00 ,757260.00 ,14132.00 ,53.58 
2014-07-25,654712.00 ,725532.00 ,-41146.00 ,-17.63 
2014-07-28,595530.00 ,842346.00 ,-59182.00 ,-14.23 
2014-07-29,615226.00 ,514792.00 ,19696.00 ,26.14 
2014-07-30,611780.00 ,569248.00 ,-3446.00 ,-165.19 
2014-07-31,595982.00 ,491072.00 ,-15798.00 ,-31.08 
2014-08-01,600382.00 ,705934.00 ,4400.00 ,160.44 
2014-08-04,614080.00 ,744786.00 ,13698.00 ,54.37 
2014-08-05,588660.00 ,795324.00 ,-25420.00 ,-31.29 
2014-08-06,625438.00 ,669128.00 ,36778.00 ,18.19 
2014-08-07,592544.00 ,637532.00 ,-32894.00 ,-19.38 
2014-08-08,608762.00 ,693834.00 ,16218.00 ,42.78 
2014-08-11,603948.00 ,581388.00 ,-4814.00 ,-120.77 
2014-08-12,587410.00 ,512430.00 ,-16538.00 ,-30.99 
2014-08-13,680320.00 ,876626.00 ,92910.00 ,9.44 
2014-08-14,729600.00 ,777126.00 ,49280.00 ,15.77 
2014-08-15,668008.00 ,664058.00 ,-61592.00 ,-10.78 
2014-08-18,821256.00 ,915020.00 ,153248.00 ,5.97 
2014-08-19,827398.00 ,514012.00 ,6142.00 ,83.69 
2014-08-20,858986.00 ,647854.00 ,31588.00 ,20.51 
2014-08-21,841998.00 ,440278.00 ,-16988.00 ,-25.92 
2014-08-22,849406.00 ,551470.00 ,7408.00 ,74.44 
2014-08-25,802420.00 ,618120.00 ,-46986.00 ,-13.16 
2014-08-26,799222.00 ,425386.00 ,-3198.00 ,-133.02 
2014-08-27,858054.00 ,678092.00 ,58832.00 ,11.53 
2014-08-28,843662.00 ,1309014.00 ,-14392.00 ,-90.95 
2014-08-29,833398.00 ,734170.00 ,-10264.00 ,-71.53 
2014-09-01,941524.00 ,786268.00 ,108126.00 ,7.27 
2014-09-02,943958.00 ,1051956.00 ,2434.00 ,432.19 
2014-09-03,994192.00 ,1280058.00 ,50234.00 ,25.48 
2014-09-04,967828.00 ,1097938.00 ,-26364.00 ,-41.65 
2014-09-05,1129464.00 ,1127502.00 ,161636.00 ,6.98 
2014-09-09,1110818.00 ,689812.00 ,-18646.00 ,-37.00 
2014-09-10,1114710.00 ,1450628.00 ,3892.00 ,372.72 
2014-09-11,1168356.00 ,928564.00 ,53646.00 ,17.31 
2014-09-12,1153360.00 ,695620.00 ,-14996.00 ,-46.39 
2014-09-15,1233738.00 ,1261612.00 ,80378.00 ,15.70 
2014-09-16,1245100.00 ,1127920.00 ,11362.00 ,99.27 
2014-09-17,1262486.00 ,962312.00 ,17386.00 ,55.35 
2014-09-18,1269092.00 ,598164.00 ,6606.00 ,90.55 
2014-09-19,1343604.00 ,947366.00 ,74512.00 ,12.71 
2014-09-22,1400278.00 ,1281092.00 ,56674.00 ,22.60 
2014-09-23,1405710.00 ,1290248.00 ,5432.00 ,237.53 
2014-09-24,1426732.00 ,720030.00 ,21022.00 ,34.25 
2014-09-25,1496214.00 ,1400686.00 ,69482.00 ,20.16 
2014-09-26,1405850.00 ,1440782.00 ,-90364.00 ,-15.94 
2014-09-29,1475166.00 ,1346724.00 ,69316.00 ,19.43 
2014-09-30,1435956.00 ,628158.00 ,-39210.00 ,-16.02 
2014-10-08,1542532.00 ,663480.00 ,106576.00 ,6.23 
2014-10-09,1716606.00 ,1305576.00 ,174074.00 ,7.50 
2014-10-10,1721152.00 ,1361030.00 ,4546.00 ,299.39 
2014-10-13,1656244.00 ,1036612.00 ,-64908.00 ,-15.97 
2014-10-14,1645974.00 ,1100686.00 ,-10270.00 ,-107.17 
2014-10-15,1767374.00 ,1439726.00 ,121400.00 ,11.86 
2014-10-16,1805326.00 ,1538876.00 ,37952.00 ,40.55 
2014-10-17,1854038.00 ,1049480.00 ,48712.00 ,21.54 
2014-10-20,1870076.00 ,1284778.00 ,16038.00 ,80.11 
2014-10-21,1829210.00 ,1171508.00 ,-40866.00 ,-28.67 
2014-10-22,1883466.00 ,1322564.00 ,54256.00 ,24.38 
2014-10-23,1865716.00 ,2186902.00 ,-17750.00 ,-123.21 
2014-10-24,1828810.00 ,1395128.00 ,-36906.00 ,-37.80 
2014-10-27,1873192.00 ,1034368.00 ,44382.00 ,23.31 
2014-10-28,1925322.00 ,716348.00 ,52130.00 ,13.74 
2014-10-29,1863390.00 ,827716.00 ,-61932.00 ,-13.36 
2014-10-30,1848862.00 ,1507938.00 ,-14528.00 ,-103.80 
2014-10-31,1792420.00 ,946192.00 ,-56442.00 ,-16.76 
2014-11-03,1743376.00 ,1248694.00 ,-49044.00 ,-25.46 
2014-11-04,1727990.00 ,1415332.00 ,-15386.00 ,-91.99 
2014-11-05,1794090.00 ,1470754.00 ,66100.00 ,22.25 
2014-11-06,1880712.00 ,1170756.00 ,86622.00 ,13.52 
2014-11-07,1843112.00 ,1372686.00 ,-37600.00 ,-36.51 
2014-11-10,1859380.00 ,1125534.00 ,16268.00 ,69.19 
2014-11-11,1869764.00 ,876484.00 ,10384.00 ,84.41 
2014-11-12,1917334.00 ,822558.00 ,47570.00 ,17.29 
2014-11-13,1918346.00 ,852934.00 ,1012.00 ,842.82 
2014-11-14,1870734.00 ,634534.00 ,-47612.00 ,-13.33 
2014-11-17,1872182.00 ,693550.00 ,1448.00 ,478.97 
2014-11-18,1970380.00 ,1524144.00 ,98198.00 ,15.52 
2014-11-19,1920268.00 ,1578416.00 ,-50112.00 ,-31.50 
2014-11-20,1821854.00 ,660964.00 ,-98414.00 ,-6.72 
2014-11-21,1873256.00 ,1380992.00 ,51402.00 ,26.87 
2014-11-24,1931672.00 ,1109208.00 ,58416.00 ,18.99 
2014-11-25,1850812.00 ,1444874.00 ,-80860.00 ,-17.87 
2014-11-26,1775800.00 ,1712066.00 ,-75012.00 ,-22.82 
2014-11-27,1715064.00 ,1611542.00 ,-60736.00 ,-26.53 
2014-11-28,1578908.00 ,1710600.00 ,-136156.00 ,-12.56 
2014-12-01,1562464.00 ,1539300.00 ,-16444.00 ,-93.61 
2014-12-02,1605268.00 ,1366982.00 ,42804.00 ,31.94 
2014-12-03,1549962.00 ,1256262.00 ,-55306.00 ,-22.71 
2014-12-04,1529276.00 ,2144628.00 ,-20686.00 ,-103.68 
2014-12-05,1508698.00 ,1334284.00 ,-20578.00 ,-64.84 
2014-12-08,1553586.00 ,1549540.00 ,44888.00 ,34.52 
2014-12-09,1477936.00 ,1866850.00 ,-75650.00 ,-24.68 
2014-12-10,1464542.00 ,1311924.00 ,-13394.00 ,-97.95 
2014-12-11,1427932.00 ,1274444.00 ,-36610.00 ,-34.81 
2014-12-12,1431690.00 ,1004262.00 ,3758.00 ,267.23 
2014-12-15,1380646.00 ,885716.00 ,-51044.00 ,-17.35 
2014-12-16,1361838.00 ,912316.00 ,-18808.00 ,-48.51 
2014-12-17,1285272.00 ,1114586.00 ,-76566.00 ,-14.56 
2014-12-18,1161498.00 ,885382.00 ,-123774.00 ,-7.15 
2014-12-19,1082950.00 ,671382.00 ,-78548.00 ,-8.55 
2014-12-22,1010140.00 ,764208.00 ,-72810.00 ,-10.50 
2014-12-23,1012290.00 ,868600.00 ,2150.00 ,404.00 
2014-12-24,980752.00 ,747746.00 ,-31538.00 ,-23.71 
2014-12-25,964426.00 ,456840.00 ,-16326.00 ,-27.98 
2014-12-26,957420.00 ,334254.00 ,-7006.00 ,-47.71 
2014-12-29,933898.00 ,735210.00 ,-23522.00 ,-31.26 
2014-12-30,976244.00 ,736616.00 ,42346.00 ,17.40 
2014-12-31,875018.00 ,1244962.00 ,-101226.00 ,-12.30 
2015-01-05,823588.00 ,677722.00 ,-51430.00 ,-13.18 
2015-01-06,879060.00 ,1294552.00 ,55472.00 ,23.34 
2015-01-07,845834.00 ,1050662.00 ,-33226.00 ,-31.62 
2015-01-08,838810.00 ,741612.00 ,-7024.00 ,-105.58 
2015-01-09,800490.00 ,976974.00 ,-38320.00 ,-25.50 
2015-01-12,760580.00 ,1250152.00 ,-39910.00 ,-31.32 
2015-01-13,737756.00 ,617472.00 ,-22824.00 ,-27.05 
2015-01-14,714178.00 ,979002.00 ,-23578.00 ,-41.52 
2015-01-15,735054.00 ,805402.00 ,20876.00 ,38.58 
2015-01-16,721488.00 ,691270.00 ,-13566.00 ,-50.96 
2015-01-19,679232.00 ,890362.00 ,-42256.00 ,-21.07 
2015-01-20,671432.00 ,429584.00 ,-7800.00 ,-55.07 
2015-01-21,647902.00 ,917606.00 ,-23530.00 ,-39.00 
2015-01-22,623310.00 ,804206.00 ,-24592.00 ,-32.70 
2015-01-23,656434.00 ,909382.00 ,33124.00 ,27.45 
2015-01-26,625378.00 ,994848.00 ,-31056.00 ,-32.03 
2015-01-27,629956.00 ,429556.00 ,4578.00 ,93.83 
2015-01-28,644324.00 ,380108.00 ,14368.00 ,26.46 
2015-01-29,607078.00 ,520396.00 ,-37246.00 ,-13.97 
2015-01-30,610012.00 ,291578.00 ,2934.00 ,99.38 
2015-02-02,627646.00 ,328144.00 ,17634.00 ,18.61 
2015-02-03,703612.00 ,714404.00 ,75966.00 ,9.40 
2015-02-04,811292.00 ,1062166.00 ,107680.00 ,9.86 
2015-02-05,774160.00 ,704612.00 ,-37132.00 ,-18.98 
2015-02-06,729646.00 ,498514.00 ,-44514.00 ,-11.20 
2015-02-09,720906.00 ,377916.00 ,-8740.00 ,-43.24 
2015-02-10,712338.00 ,149602.00 ,-8568.00 ,-17.46 
2015-02-11,691534.00 ,248574.00 ,-20804.00 ,-11.95 
2015-02-12,656806.00 ,223008.00 ,-34728.00 ,-6.42 
2015-02-13,669094.00 ,653550.00 ,12288.00 ,53.19 
2015-02-16,627648.00 ,397522.00 ,-41446.00 ,-9.59 
2015-02-17,611194.00 ,218532.00 ,-16454.00 ,-13.28 
2015-02-25,572870.00 ,642874.00 ,-38324.00 ,-16.77 
2015-02-26,569526.00 ,457934.00 ,-3344.00 ,-136.94 
2015-02-27,613432.00 ,573504.00 ,43906.00 ,13.06 
2015-03-02,646064.00 ,795996.00 ,32632.00 ,24.39 
2015-03-03,650818.00 ,432600.00 ,4754.00 ,91.00 
2015-03-04,652456.00 ,449254.00 ,1638.00 ,274.27 
2015-03-05,762992.00 ,1144598.00 ,110536.00 ,10.35 
2015-03-06,747592.00 ,833162.00 ,-15400.00 ,-54.10 
2015-03-09,695148.00 ,1104946.00 ,-52444.00 ,-21.07 
2015-03-10,690884.00 ,372386.00 ,-4264.00 ,-87.33 
2015-03-11,655166.00 ,541284.00 ,-35718.00 ,-15.15 
2015-03-12,619518.00 ,628430.00 ,-35648.00 ,-17.63 
2015-03-13,650292.00 ,589726.00 ,30774.00 ,19.16 
2015-03-16,663964.00 ,462396.00 ,13672.00 ,33.82 
2015-03-17,669070.00 ,267594.00 ,5106.00 ,52.41 
2015-03-18,809942.00 ,1308432.00 ,140872.00 ,9.29 
2015-03-19,856916.00 ,792724.00 ,46974.00 ,16.88 
2015-03-20,891818.00 ,771254.00 ,34902.00 ,22.10 
2015-03-23,971522.00 ,1695854.00 ,79704.00 ,21.28 
2015-03-24,1012256.00 ,1275684.00 ,40734.00 ,31.32 
2015-03-25,1039034.00 ,818614.00 ,26778.00 ,30.57 
2015-03-26,1085160.00 ,1345366.00 ,46126.00 ,29.17 
2015-03-27,950678.00 ,1843398.00 ,-134482.00 ,-13.71 
2015-03-30,986196.00 ,1400564.00 ,35518.00 ,39.43 
2015-03-31,968728.00 ,1144498.00 ,-17468.00 ,-65.52 
2015-04-01,999664.00 ,1514444.00 ,30936.00 ,48.95 
2015-04-02,1025220.00 ,1549122.00 ,25556.00 ,60.62 
2015-04-03,939954.00 ,2043742.00 ,-85266.00 ,-23.97 
2015-04-07,990418.00 ,972748.00 ,50464.00 ,19.28 
2015-04-08,1040616.00 ,1713632.00 ,50198.00 ,34.14 
2015-04-09,1109532.00 ,1430202.00 ,68916.00 ,20.75 
2015-04-10,1116046.00 ,1510082.00 ,6514.00 ,231.82 
2015-04-13,1234634.00 ,2164894.00 ,118588.00 ,18.26 
2015-04-14,1218296.00 ,1796472.00 ,-16338.00 ,-109.96 
2015-04-15,1216178.00 ,1304290.00 ,-2118.00 ,-615.81 
2015-04-16,1239424.00 ,1092116.00 ,23246.00 ,46.98 
2015-04-17,1221666.00 ,1239720.00 ,-17758.00 ,-69.81 
2015-04-20,1191670.00 ,1549136.00 ,-29996.00 ,-51.64 
2015-04-21,1229622.00 ,1513798.00 ,37952.00 ,39.89 
2015-04-22,1278310.00 ,1409032.00 ,48688.00 ,28.94 
2015-04-23,1167274.00 ,1876878.00 ,-111036.00 ,-16.90 
2015-04-24,1254900.00 ,2574226.00 ,87626.00 ,29.38 
2015-04-27,1173462.00 ,3116108.00 ,-81438.00 ,-38.26 
2015-04-28,1259598.00 ,2439416.00 ,86136.00 ,28.32 
2015-04-29,1306600.00 ,1988330.00 ,47002.00 ,42.30 
2015-04-30,1180946.00 ,2484062.00 ,-125654.00 ,-19.77 
2015-05-04,1206108.00 ,1570204.00 ,25162.00 ,62.40 
2015-05-05,1285936.00 ,2696448.00 ,79828.00 ,33.78 
2015-05-06,1300280.00 ,3087530.00 ,14344.00 ,215.25 
2015-05-07,1269800.00 ,2720676.00 ,-30480.00 ,-89.26 
2015-05-08,1244460.00 ,3575148.00 ,-25340.00 ,-141.09 
2015-05-11,1295378.00 ,2907750.00 ,50918.00 ,57.11 
2015-05-12,1300856.00 ,2605708.00 ,5478.00 ,475.67 
2015-05-13,1307616.00 ,2486398.00 ,6760.00 ,367.81 
2015-05-14,1261068.00 ,3094096.00 ,-46548.00 ,-66.47 
2015-05-15,1318846.00 ,2847634.00 ,57778.00 ,49.29 
2015-05-18,1351598.00 ,1622504.00 ,32752.00 ,49.54 
2015-05-19,1343612.00 ,1764872.00 ,-7986.00 ,-221.00 
2015-05-20,1265518.00 ,2161102.00 ,-78094.00 ,-27.67 
2015-05-21,1312836.00 ,2292914.00 ,47318.00 ,48.46 
2015-05-22,1283432.00 ,2074760.00 ,-29404.00 ,-70.56 
2015-05-25,1349958.00 ,2249846.00 ,66526.00 ,33.82 
2015-05-26,1366886.00 ,3178792.00 ,16928.00 ,187.78 
2015-05-27,1369160.00 ,2042612.00 ,2274.00 ,898.25 
2015-05-28,1335080.00 ,2120878.00 ,-34080.00 ,-62.23 
2015-05-29,1235344.00 ,2623764.00 ,-99736.00 ,-26.31 
2015-06-01,1334802.00 ,2469084.00 ,99458.00 ,24.83 
2015-06-02,1289346.00 ,2304154.00 ,-45456.00 ,-50.69 
2015-06-03,1232502.00 ,1924456.00 ,-56844.00 ,-33.86 
2015-06-04,1223838.00 ,2028616.00 ,-8664.00 ,-234.14 
2015-06-05,1184660.00 ,1658100.00 ,-39178.00 ,-42.32 
2015-06-08,1176232.00 ,982174.00 ,-8428.00 ,-116.54 
2015-06-09,1208902.00 ,1548438.00 ,32670.00 ,47.40 
2015-06-10,1503668.00 ,2472434.00 ,294766.00 ,8.39 
2015-06-11,1801290.00 ,3141450.00 ,297622.00 ,10.56 
2015-06-12,1769808.00 ,2741576.00 ,-31482.00 ,-87.08 
2015-06-15,1785990.00 ,1579888.00 ,16182.00 ,97.63 
2015-06-16,1712876.00 ,2273538.00 ,-73114.00 ,-31.10 
2015-06-17,1747076.00 ,2994842.00 ,34200.00 ,87.57 
2015-06-18,1690854.00 ,2195356.00 ,-56222.00 ,-39.05 
2015-06-19,1625312.00 ,1148516.00 ,-65542.00 ,-17.52 
2015-06-23,1645704.00 ,765722.00 ,20392.00 ,37.55 
2015-06-24,1896554.00 ,2170096.00 ,250850.00 ,8.65 
2015-06-25,1910490.00 ,1699780.00 ,13936.00 ,121.97 
2015-06-26,1879310.00 ,1896898.00 ,-31180.00 ,-60.84 
2015-06-29,1866922.00 ,1830588.00 ,-12388.00 ,-147.77 
2015-06-30,1798596.00 ,2238216.00 ,-68326.00 ,-32.76 
2015-07-01,1830754.00 ,1783308.00 ,32158.00 ,55.45 
2015-07-02,1850960.00 ,2017080.00 ,20206.00 ,99.83 
2015-07-03,1865902.00 ,3040730.00 ,14942.00 ,203.50 
2015-07-06,1931000.00 ,1799288.00 ,65098.00 ,27.64 
2015-07-07,1806472.00 ,2274418.00 ,-124528.00 ,-18.26 
2015-07-08,1163244.00 ,3766728.00 ,-643228.00 ,-5.86 
2015-07-09,1131646.00 ,4581478.00 ,-31598.00 ,-144.99 
2015-07-10,1239332.00 ,3921290.00 ,107686.00 ,36.41 
2015-07-13,1294318.00 ,3032948.00 ,54986.00 ,55.16 
2015-07-14,1215002.00 ,2490864.00 ,-79316.00 ,-31.40 
2015-07-15,1244882.00 ,2171056.00 ,29880.00 ,72.66 
2015-07-16,1214766.00 ,2713540.00 ,-30116.00 ,-90.10 
2015-07-17,1186392.00 ,1660998.00 ,-28374.00 ,-58.54 
2015-07-20,1307296.00 ,2706154.00 ,120904.00 ,22.38 
2015-07-21,1305476.00 ,2613406.00 ,-1820.00 ,-1435.94 
2015-07-22,1334808.00 ,2770602.00 ,29332.00 ,94.46 
2015-07-23,1315926.00 ,2134812.00 ,-18882.00 ,-113.06 
2015-07-24,1409084.00 ,2522054.00 ,93158.00 ,27.07 
2015-07-27,1439154.00 ,3187672.00 ,30070.00 ,106.01 
2015-07-28,1435740.00 ,3929560.00 ,-3414.00 ,-1151.01 
2015-07-29,1564192.00 ,3411840.00 ,128452.00 ,26.56 
2015-07-30,1428242.00 ,3316664.00 ,-135950.00 ,-24.40 
2015-07-31,1477984.00 ,2921988.00 ,49742.00 ,58.74 
2015-08-03,1569914.00 ,4750550.00 ,91930.00 ,51.68 
2015-08-04,1508420.00 ,3040002.00 ,-61494.00 ,-49.44 
2015-08-05,1702448.00 ,3959984.00 ,194028.00 ,20.41 
2015-08-06,1700290.00 ,2748068.00 ,-2158.00 ,-1273.43 
2015-08-07,1695844.00 ,2769194.00 ,-4446.00 ,-622.85 
2015-08-10,1674404.00 ,2044984.00 ,-21440.00 ,-95.38 
2015-08-11,1824354.00 ,3387820.00 ,149950.00 ,22.59 
2015-08-12,1808678.00 ,2914884.00 ,-15676.00 ,-185.95 
2015-08-13,1924928.00 ,3876608.00 ,116250.00 ,33.35 
2015-08-14,1896764.00 ,2183240.00 ,-28164.00 ,-77.52 
2015-08-17,1922678.00 ,2498530.00 ,25914.00 ,96.42 
2015-08-18,1876172.00 ,2221612.00 ,-46506.00 ,-47.77 
2015-08-19,1884956.00 ,3518664.00 ,8784.00 ,400.58 
2015-08-20,1871296.00 ,2554260.00 ,-13660.00 ,-186.99 
2015-08-21,1846652.00 ,1941982.00 ,-24644.00 ,-78.80 
2015-08-24,1759298.00 ,2832008.00 ,-87354.00 ,-32.42 
2015-08-25,1755808.00 ,3593566.00 ,-3490.00 ,-1029.68 
2015-08-26,1765212.00 ,2500108.00 ,9404.00 ,265.86 
2015-08-27,1693178.00 ,2105624.00 ,-72034.00 ,-29.23 
2015-08-28,1734156.00 ,1644918.00 ,40978.00 ,40.14 
2015-08-31,1783710.00 ,3068980.00 ,49554.00 ,61.93 
2015-09-01,1898168.00 ,3023840.00 ,114458.00 ,26.42 
2015-09-02,1828596.00 ,1843346.00 ,-69572.00 ,-26.50 
2015-09-07,1817068.00 ,1853366.00 ,-11528.00 ,-160.77 
2015-09-08,1864498.00 ,2517300.00 ,47430.00 ,53.07 
2015-09-09,1973118.00 ,4935036.00 ,108620.00 ,45.43 
2015-09-10,1997822.00 ,5088036.00 ,24704.00 ,205.96 
2015-09-11,1886948.00 ,4240514.00 ,-110874.00 ,-38.25 
2015-09-14,1937412.00 ,2994652.00 ,50464.00 ,59.34 
2015-09-15,1976782.00 ,2910262.00 ,39370.00 ,73.92 
2015-09-16,1966468.00 ,3546670.00 ,-10314.00 ,-343.87 
2015-09-17,1983326.00 ,3484636.00 ,16858.00 ,206.71 
2015-09-18,1968456.00 ,2497538.00 ,-14870.00 ,-167.96 
2015-09-21,1994836.00 ,2428022.00 ,26380.00 ,92.04 
2015-09-22,2068574.00 ,2887538.00 ,73738.00 ,39.16 
2015-09-23,2083734.00 ,3836722.00 ,15160.00 ,253.08 
2015-09-24,2113712.00 ,1605466.00 ,29978.00 ,53.55 
2015-09-25,2034536.00 ,3455066.00 ,-79176.00 ,-43.64 
2015-09-28,2140440.00 ,2361648.00 ,105904.00 ,22.30 
2015-09-29,2009060.00 ,2597434.00 ,-131380.00 ,-19.77 
2015-09-30,1986998.00 ,1102352.00 ,-22062.00 ,-49.97 
2015-10-08,2086156.00 ,1612358.00 ,99158.00 ,16.26 
2015-10-09,2218210.00 ,2932678.00 ,132054.00 ,22.21 
2015-10-12,2267848.00 ,3364838.00 ,49638.00 ,67.79 
2015-10-13,2310098.00 ,2509362.00 ,42250.00 ,59.39 
2015-10-14,2323866.00 ,2379548.00 ,13768.00 ,172.83 
2015-10-15,2302260.00 ,2188286.00 ,-21606.00 ,-101.28 
2015-10-16,2244666.00 ,2942898.00 ,-57594.00 ,-51.10 
2015-10-19,2269606.00 ,2467164.00 ,24940.00 ,98.92 
2015-10-20,2329486.00 ,2395310.00 ,59880.00 ,40.00 
2015-10-21,2437320.00 ,2929838.00 ,107834.00 ,27.17 
2015-10-22,2389928.00 ,2262186.00 ,-47392.00 ,-47.73 
2015-10-23,2363020.00 ,2011614.00 ,-26908.00 ,-74.76 
2015-10-26,2334236.00 ,2071756.00 ,-28784.00 ,-71.98 
2015-10-27,2394402.00 ,2811580.00 ,60166.00 ,46.73 
2015-10-28,2423112.00 ,2537014.00 ,28710.00 ,88.37 
2015-10-29,2565004.00 ,2605534.00 ,141892.00 ,18.36 
2015-10-30,2525296.00 ,3116924.00 ,-39708.00 ,-78.50 
2015-11-02,2512524.00 ,2127750.00 ,-12772.00 ,-166.59 
2015-11-03,2538956.00 ,4088510.00 ,26432.00 ,154.68 
2015-11-04,2563954.00 ,2481426.00 ,24998.00 ,99.26 
2015-11-05,2424422.00 ,2765232.00 ,-139532.00 ,-19.82 
2015-11-06,2189004.00 ,2703302.00 ,-235418.00 ,-11.48 
2015-11-09,2219086.00 ,2675874.00 ,30082.00 ,88.95 
2015-11-10,2219800.00 ,1727088.00 ,714.00 ,2418.89 
2015-11-11,2164370.00 ,1402756.00 ,-55430.00 ,-25.31 
2015-11-12,2172974.00 ,1903036.00 ,8604.00 ,221.18 
2015-11-13,2155090.00 ,1972534.00 ,-17884.00 ,-110.30 
2015-11-16,2101264.00 ,2146102.00 ,-53826.00 ,-39.87 
2015-11-17,1972320.00 ,2920186.00 ,-128944.00 ,-22.65 
2015-11-18,1987668.00 ,2126848.00 ,15348.00 ,138.57 
2015-11-19,2016710.00 ,3103166.00 ,29042.00 ,106.85 
2015-11-20,2042778.00 ,2682310.00 ,26068.00 ,102.90 
2015-11-23,2107294.00 ,2453238.00 ,64516.00 ,38.03 
2015-11-24,2088080.00 ,3481312.00 ,-19214.00 ,-181.19 
2015-11-25,2080662.00 ,2825410.00 ,-7418.00 ,-380.89 
2015-11-26,2009130.00 ,4589140.00 ,-71532.00 ,-64.16 
2015-11-27,1992476.00 ,1946242.00 ,-16654.00 ,-116.86 
2015-11-30,2041654.00 ,2571562.00 ,49178.00 ,52.29 
2015-12-01,2026022.00 ,2336194.00 ,-15632.00 ,-149.45 
2015-12-02,2083770.00 ,4341546.00 ,57748.00 ,75.18 
2015-12-03,2121130.00 ,2714370.00 ,37360.00 ,72.65 
2015-12-04,2101764.00 ,3501790.00 ,-19366.00 ,-180.82 
2015-12-07,2096670.00 ,2493874.00 ,-5094.00 ,-489.57 
2015-12-08,2006938.00 ,2030320.00 ,-89732.00 ,-22.63 
2015-12-09,2087626.00 ,1548564.00 ,80688.00 ,19.19 
2015-12-10,2151978.00 ,2151080.00 ,64352.00 ,33.43 
2015-12-11,2104312.00 ,2111558.00 ,-47666.00 ,-44.30 
2015-12-14,2166634.00 ,2922614.00 ,62322.00 ,46.90 
2015-12-15,2173192.00 ,3843796.00 ,6558.00 ,586.12 
2015-12-16,2169148.00 ,1958224.00 ,-4044.00 ,-484.23 
2015-12-17,2135824.00 ,2752328.00 ,-33324.00 ,-82.59 
2015-12-18,2169514.00 ,2887876.00 ,33690.00 ,85.72 
2015-12-21,2139446.00 ,4384528.00 ,-30068.00 ,-145.82 
2015-12-22,2182184.00 ,3276874.00 ,42738.00 ,76.67 
2015-12-23,2237420.00 ,2462052.00 ,55236.00 ,44.57 
2015-12-24,2232174.00 ,2561170.00 ,-5246.00 ,-488.21 
2015-12-25,2135800.00 ,1045812.00 ,-96374.00 ,-10.85 
2015-12-28,2139322.00 ,2646226.00 ,3522.00 ,751.34 
2015-12-29,2049882.00 ,3514166.00 ,-89440.00 ,-39.29 
2015-12-30,1997888.00 ,3653142.00 ,-51994.00 ,-70.26 
2015-12-31,1878184.00 ,4048576.00 ,-119704.00 ,-33.82 
2016-01-04,1989090.00 ,3263308.00 ,110906.00 ,29.42 
2016-01-05,1972682.00 ,2786368.00 ,-16408.00 ,-169.82 
2016-01-06,1943204.00 ,3084112.00 ,-29478.00 ,-104.62 
2016-01-07,1994006.00 ,2538720.00 ,50802.00 ,49.97 
2016-01-08,1921774.00 ,2974770.00 ,-72232.00 ,-41.18 
2016-01-11,1878252.00 ,2443912.00 ,-43522.00 ,-56.15 
2016-01-12,1892258.00 ,2068604.00 ,14006.00 ,147.69 
2016-01-13,1955088.00 ,2138388.00 ,62830.00 ,34.03 
2016-01-14,1985330.00 ,2548268.00 ,30242.00 ,84.26 
2016-01-15,1976454.00 ,3116440.00 ,-8876.00 ,-351.11 
2016-01-18,1927122.00 ,4469030.00 ,-49332.00 ,-90.59 
2016-01-19,1987848.00 ,2477656.00 ,60726.00 ,40.80 
2016-01-20,1812870.00 ,2269848.00 ,-174978.00 ,-12.97 
2016-01-21,1810932.00 ,2569046.00 ,-1938.00 ,-1325.62 
2016-01-22,1913036.00 ,4110978.00 ,102104.00 ,40.26 
2016-01-25,1896406.00 ,2772132.00 ,-16630.00 ,-166.69 
2016-01-26,1937540.00 ,2685800.00 ,41134.00 ,65.29 
2016-01-27,2051442.00 ,3607472.00 ,113902.00 ,31.67 
2016-01-28,2013792.00 ,3570908.00 ,-37650.00 ,-94.84 
2016-01-29,2052136.00 ,2529342.00 ,38344.00 ,65.96 
2016-02-01,2060660.00 ,3703026.00 ,8524.00 ,434.42 
2016-02-02,1993756.00 ,2855472.00 ,-66904.00 ,-42.68 
2016-02-03,2027398.00 ,2372524.00 ,33642.00 ,70.52 
2016-02-04,1970832.00 ,3726872.00 ,-56566.00 ,-65.89 
2016-02-05,1753214.00 ,1904430.00 ,-217618.00 ,-8.75 
2016-02-15,1850870.00 ,1608058.00 ,97656.00 ,16.47 
2016-02-16,2022298.00 ,1753434.00 ,171428.00 ,10.23 
2016-02-17,2087308.00 ,2536952.00 ,65010.00 ,39.02 
2016-02-18,2296592.00 ,2620194.00 ,209284.00 ,12.52 
2016-02-19,2322308.00 ,3689742.00 ,25716.00 ,143.48 
2016-02-22,2369206.00 ,3089102.00 ,46898.00 ,65.87 
2016-02-23,2116242.00 ,5420356.00 ,-252964.00 ,-21.43 
2016-02-24,2248048.00 ,4997416.00 ,131806.00 ,37.91 
2016-02-25,2246018.00 ,4723148.00 ,-2030.00 ,-2326.67 
2016-02-26,2231240.00 ,4436958.00 ,-14778.00 ,-300.24 
2016-02-29,2250900.00 ,4782348.00 ,19660.00 ,243.25 
2016-03-01,2070322.00 ,6945684.00 ,-180578.00 ,-38.46 
2016-03-02,2042318.00 ,5772406.00 ,-28004.00 ,-206.13 
2016-03-03,2135356.00 ,4856274.00 ,93038.00 ,52.20 
2016-03-04,2120892.00 ,7288060.00 ,-14464.00 ,-503.88 
2016-03-07,2104272.00 ,2809284.00 ,-16620.00 ,-169.03 
2016-03-08,2062488.00 ,3381166.00 ,-41784.00 ,-80.92 
2016-03-09,1647416.00 ,9776136.00 ,-415072.00 ,-23.55 
2016-03-10,1811808.00 ,10458552.00 ,164392.00 ,63.62 
2016-03-11,1824960.00 ,6957836.00 ,13152.00 ,529.03 
2016-03-14,1776436.00 ,7564796.00 ,-48524.00 ,-155.90 
2016-03-15,1809436.00 ,6778402.00 ,33000.00 ,205.41 
2016-03-16,1952048.00 ,5371264.00 ,142612.00 ,37.66 
2016-03-17,2039634.00 ,7520648.00 ,87586.00 ,85.87 
2016-03-18,2118016.00 ,7122940.00 ,78382.00 ,90.87 
2016-03-21,2246688.00 ,9188318.00 ,128672.00 ,71.41 
2016-03-22,2370888.00 ,6988422.00 ,124200.00 ,56.27 
2016-03-23,2348878.00 ,7063866.00 ,-22010.00 ,-320.94 
2016-03-24,2148870.00 ,6978338.00 ,-200008.00 ,-34.89 
2016-03-25,2040942.00 ,4973580.00 ,-107928.00 ,-46.08 
2016-03-28,1996394.00 ,7107480.00 ,-44548.00 ,-159.55 
2016-03-29,1881504.00 ,5870240.00 ,-114890.00 ,-51.09 
2016-03-30,1803326.00 ,6565448.00 ,-78178.00 ,-83.98 
2016-03-31,1665568.00 ,5089720.00 ,-137758.00 ,-36.95 
2016-04-01,1537602.00 ,4731790.00 ,-127966.00 ,-36.98 
2016-04-05,1547960.00 ,3646870.00 ,10358.00 ,352.08 
2016-04-06,1676332.00 ,3796562.00 ,128372.00 ,29.57 
2016-04-07,1631180.00 ,3254510.00 ,-45152.00 ,-72.08 
2016-04-08,1645290.00 ,3018186.00 ,14110.00 ,213.90 
2016-04-11,1724618.00 ,5139130.00 ,79328.00 ,64.78 
2016-04-12,1799092.00 ,6020824.00 ,74474.00 ,80.84 
2016-04-13,1733478.00 ,6517908.00 ,-65614.00 ,-99.34 
2016-04-14,1663762.00 ,6625044.00 ,-69716.00 ,-95.03 
2016-04-15,1635756.00 ,7123370.00 ,-28006.00 ,-254.35 
2016-04-18,1673150.00 ,6493558.00 ,37394.00 ,173.65 
2016-04-19,1732458.00 ,6902584.00 ,59308.00 ,116.39 
2016-04-20,1487910.00 ,7409944.00 ,-244548.00 ,-30.30 
2016-04-21,1343616.00 ,6959440.00 ,-144294.00 ,-48.23 
2016-04-22,1230930.00 ,6955024.00 ,-112686.00 ,-61.72 
2016-04-25,1266606.00 ,5263608.00 ,35676.00 ,147.54 
2016-04-26,1219262.00 ,3503054.00 ,-47344.00 ,-73.99 
2016-04-27,1181432.00 ,2555088.00 ,-37830.00 ,-67.54 
2016-04-28,1077766.00 ,2525514.00 ,-103666.00 ,-24.36 
2016-04-29,982818.00 ,1911268.00 ,-94948.00 ,-20.13 
2016-05-03,922594.00 ,1643302.00 ,-60224.00 ,-27.29 
2016-05-04,1007346.00 ,1898424.00 ,84752.00 ,22.40 
2016-05-05,1158956.00 ,2296030.00 ,151610.00 ,15.14 
2016-05-06,1190670.00 ,2430762.00 ,31714.00 ,76.65 
2016-05-09,1180668.00 ,2808742.00 ,-10002.00 ,-280.82 
2016-05-10,1197008.00 ,2259162.00 ,16340.00 ,138.26 
2016-05-11,1180604.00 ,2240652.00 ,-16404.00 ,-136.59 
2016-05-12,1242462.00 ,1760182.00 ,61858.00 ,28.46 
2016-05-13,1295068.00 ,2273938.00 ,52606.00 ,43.23 
2016-05-16,1259204.00 ,1841972.00 ,-35864.00 ,-51.36 
2016-05-17,1297746.00 ,1910618.00 ,38542.00 ,49.57 
2016-05-18,1325244.00 ,2538750.00 ,27498.00 ,92.32 
2016-05-19,1371768.00 ,1919556.00 ,46524.00 ,41.26 
2016-05-20,1468426.00 ,1960544.00 ,96658.00 ,20.28 
2016-05-23,1501840.00 ,2467102.00 ,33414.00 ,73.83 
2016-05-24,1594992.00 ,1582530.00 ,93152.00 ,16.99 
2016-05-25,1675150.00 ,1745728.00 ,80158.00 ,21.78 
2016-05-26,1750732.00 ,2285388.00 ,75582.00 ,30.24 
2016-05-27,1876936.00 ,3358336.00 ,126204.00 ,26.61 
2016-05-30,1885900.00 ,2476666.00 ,8964.00 ,276.29 
2016-05-31,1887770.00 ,2057642.00 ,1870.00 ,1100.34 
2016-06-01,1911440.00 ,1583258.00 ,23670.00 ,66.89 
2016-06-02,1872972.00 ,1343678.00 ,-38468.00 ,-34.93 
2016-06-03,1809340.00 ,1186878.00 ,-63632.00 ,-18.65 
2016-06-06,1819690.00 ,1910010.00 ,10350.00 ,184.54 
2016-06-07,1743204.00 ,1493584.00 ,-76486.00 ,-19.53 
2016-06-08,1725192.00 ,1405712.00 ,-18012.00 ,-78.04 
2016-06-13,1741206.00 ,1479658.00 ,16014.00 ,92.40 
2016-06-14,1752694.00 ,1785494.00 ,11488.00 ,155.42 
2016-06-15,1804392.00 ,1046480.00 ,51698.00 ,20.24 
2016-06-16,1791278.00 ,1288242.00 ,-13114.00 ,-98.23 
2016-06-17,1757186.00 ,1365918.00 ,-34092.00 ,-40.07 
2016-06-20,1776862.00 ,1164404.00 ,19676.00 ,59.18 
2016-06-21,1785274.00 ,1189326.00 ,8412.00 ,141.38 
2016-06-22,1850024.00 ,1745126.00 ,64750.00 ,26.95 
2016-06-23,1849742.00 ,1259354.00 ,-282.00 ,-4465.79 
2016-06-24,1852844.00 ,1642808.00 ,3102.00 ,529.60 
2016-06-27,1838244.00 ,1944858.00 ,-14600.00 ,-133.21 
2016-06-28,1777770.00 ,1946492.00 ,-60474.00 ,-32.19 
2016-06-29,1784190.00 ,1570156.00 ,6420.00 ,244.57 
2016-06-30,1784902.00 ,1964954.00 ,712.00 ,2759.77 
2016-07-01,1653134.00 ,1851860.00 ,-131768.00 ,-14.05 
2016-07-04,1612710.00 ,2255448.00 ,-40424.00 ,-55.79 
2016-07-05,1544356.00 ,2574820.00 ,-68354.00 ,-37.67 
2016-07-06,1522462.00 ,2526802.00 ,-21894.00 ,-115.41 
2016-07-07,1638636.00 ,2297246.00 ,116174.00 ,19.77 
2016-07-08,1615602.00 ,2314572.00 ,-23034.00 ,-100.49 
2016-07-11,1589944.00 ,1807454.00 ,-25658.00 ,-70.44 
2016-07-12,1660262.00 ,2315144.00 ,70318.00 ,32.92 
2016-07-13,1680046.00 ,2113782.00 ,19784.00 ,106.84 
2016-07-14,1700218.00 ,1637996.00 ,20172.00 ,81.20 
2016-07-15,1695700.00 ,1410962.00 ,-4518.00 ,-312.30 
2016-07-18,1630216.00 ,2105372.00 ,-65484.00 ,-32.15 
2016-07-19,1512010.00 ,1633788.00 ,-118206.00 ,-13.82 
2016-07-20,1497734.00 ,1203630.00 ,-14276.00 ,-84.31 
2016-07-21,1556294.00 ,1875976.00 ,58560.00 ,32.04 
2016-07-22,1555310.00 ,2045338.00 ,-984.00 ,-2078.60 
2016-07-25,1546346.00 ,1801578.00 ,-8964.00 ,-200.98 
2016-07-26,1562456.00 ,1496368.00 ,16110.00 ,92.88 
2016-07-27,1659008.00 ,2396156.00 ,96552.00 ,24.82 
2016-07-28,1744548.00 ,1986994.00 ,85540.00 ,23.23 
2016-07-29,1785718.00 ,1937208.00 ,41170.00 ,47.05 
2016-08-01,1813630.00 ,2289346.00 ,27912.00 ,82.02 
2016-08-02,1808118.00 ,1511860.00 ,-5512.00 ,-274.29 
2016-08-03,1843544.00 ,1273340.00 ,35426.00 ,35.94 
2016-08-04,1774670.00 ,1931348.00 ,-68874.00 ,-28.04 
2016-08-05,1862170.00 ,2256802.00 ,87500.00 ,25.79 
2016-08-08,1864884.00 ,1601350.00 ,2714.00 ,590.03 
2016-08-09,1859546.00 ,1870438.00 ,-5338.00 ,-350.40 
2016-08-10,1773628.00 ,2188334.00 ,-85918.00 ,-25.47 
2016-08-11,1711286.00 ,2120014.00 ,-62342.00 ,-34.01 
2016-08-12,1786108.00 ,1617550.00 ,74822.00 ,21.62 
2016-08-15,1709614.00 ,2262824.00 ,-76494.00 ,-29.58 
2016-08-16,1741018.00 ,2028904.00 ,31404.00 ,64.61 
2016-08-17,1689032.00 ,1953260.00 ,-51986.00 ,-37.57 
2016-08-18,1640630.00 ,2175722.00 ,-48402.00 ,-44.95 
2016-08-19,1665348.00 ,1928726.00 ,24718.00 ,78.03 
2016-08-22,1689532.00 ,1611468.00 ,24184.00 ,66.63 
2016-08-23,1703858.00 ,1626336.00 ,14326.00 ,113.52 
2016-08-24,1725518.00 ,1401356.00 ,21660.00 ,64.70 
2016-08-25,1704514.00 ,2656324.00 ,-21004.00 ,-126.47 
2016-08-26,1686214.00 ,2009952.00 ,-18300.00 ,-109.83 
2016-08-29,1810832.00 ,2257586.00 ,124618.00 ,18.12 
2016-08-30,1908218.00 ,1904520.00 ,97386.00 ,19.56 
2016-08-31,1941300.00 ,2023608.00 ,33082.00 ,61.17 
2016-09-01,1852832.00 ,1764386.00 ,-88468.00 ,-19.94 
2016-09-02,1856544.00 ,2200790.00 ,3712.00 ,592.89 
2016-09-05,1894166.00 ,2040434.00 ,37622.00 ,54.24 
2016-09-06,1928998.00 ,1912632.00 ,34832.00 ,54.91 
2016-09-07,1942962.00 ,2412118.00 ,13964.00 ,172.74 
2016-09-08,1941368.00 ,1768198.00 ,-1594.00 ,-1109.28 
2016-09-09,1945216.00 ,1417552.00 ,3848.00 ,368.39 
2016-09-12,2002714.00 ,1933114.00 ,57498.00 ,33.62 
2016-09-13,2038172.00 ,1649378.00 ,35458.00 ,46.52 
2016-09-14,1960296.00 ,1156638.00 ,-77876.00 ,-14.85 
2016-09-19,2022670.00 ,1057390.00 ,62374.00 ,16.95 
2016-09-20,2097732.00 ,1518074.00 ,75062.00 ,20.22 
2016-09-21,2121780.00 ,1155100.00 ,24048.00 ,48.03 
2016-09-22,2095850.00 ,2280814.00 ,-25930.00 ,-87.96 
2016-09-23,2056930.00 ,1328634.00 ,-38920.00 ,-34.14 
2016-09-26,2059502.00 ,1646734.00 ,2572.00 ,640.25 
2016-09-27,2034650.00 ,1387482.00 ,-24852.00 ,-55.83 
2016-09-28,2023844.00 ,1214562.00 ,-10806.00 ,-112.40 
2016-09-29,1990018.00 ,1815790.00 ,-33826.00 ,-53.68 
2016-09-30,1794502.00 ,1130954.00 ,-195516.00 ,-5.78 
2016-10-10,1961422.00 ,1311054.00 ,166920.00 ,7.85 
2016-10-11,2128568.00 ,1587730.00 ,167146.00 ,9.50 
2016-10-12,2213118.00 ,1696480.00 ,84550.00 ,20.06 
2016-10-13,2175114.00 ,1323442.00 ,-38004.00 ,-34.82 
2016-10-14,2180094.00 ,1868554.00 ,4980.00 ,375.21 
2016-10-17,2163806.00 ,1537802.00 ,-16288.00 ,-94.41 
2016-10-18,2148292.00 ,1426668.00 ,-15514.00 ,-91.96 
2016-10-19,2247564.00 ,2203030.00 ,99272.00 ,22.19 
2016-10-20,2135764.00 ,1663106.00 ,-111800.00 ,-14.88 
2016-10-21,2121070.00 ,1420796.00 ,-14694.00 ,-96.69 
2016-10-24,2212926.00 ,1749018.00 ,91856.00 ,19.04 
2016-10-25,2145464.00 ,1699524.00 ,-67462.00 ,-25.19 
2016-10-26,1868434.00 ,2324678.00 ,-277030.00 ,-8.39 
2016-10-27,1992176.00 ,2131272.00 ,123742.00 ,17.22 
2016-10-28,1985222.00 ,2178958.00 ,-6954.00 ,-313.34 
2016-10-31,1981800.00 ,1932894.00 ,-3422.00 ,-564.84 
2016-11-01,1972884.00 ,1784686.00 ,-8916.00 ,-200.17 
2016-11-02,1951264.00 ,2003924.00 ,-21620.00 ,-92.69 
2016-11-03,1915344.00 ,1531294.00 ,-35920.00 ,-42.63 
2016-11-04,2027812.00 ,2137382.00 ,112468.00 ,19.00 
