update_date,NON_COMM_PER,const,coef,Y_full,non_comm_per,close,close_ma,Y_full_ma,close_ma_diff,Y_full_ma_diff,close_ma_sig,Y_full_ma_sig,dir,r,daily_r,cum_r,
2014/8/11,0.080181199,0,0,0,0.043811981,49899.21,49954.732,0,-71.394,0,-1,-1,,,,,
2014/8/12,0.077773072,0,0,0,-0.009325966,49788.77,49795.718,0,-159.014,0,-1,-1,0,-0.002215714,0,0,
2014/8/13,0.072793071,0,0,0,-0.009325966,49289.29,49700.59,0,-95.128,0,-1,-1,0,-0.010082641,0,0,
2014/8/14,0.067438762,0,0,0,-0.009325966,48919.36,49524.826,0,-175.764,0,-1,-1,0,-0.007533588,0,0,
2014/8/15,0.066597419,0,0,0,-0.009325966,48910.43,49361.412,0,-163.414,0,-1,-1,0,-0.000182562,0,0,
2014/8/18,0.066095153,0,0,0,-0.009325966,48946.87,49170.944,0,-190.468,0,-1,-1,0,0.000744758,0,0,
2014/8/19,0.066888637,0,0,0,-0.04021707,49339.81,49081.152,0,-89.792,0,-1,-1,0,0.007995836,0,0,
2014/8/20,0.071460998,0,0,0,-0.04021707,49461.5,49115.594,0,34.442,0,1,-1,0,0.002463329,0,0,
2014/8/21,0.071218557,0,0,0,-0.04021707,50140.62,49359.846,0,244.252,0,1,-1,-1,0.013636869,-0.013636869,-0.013636869,
2014/8/22,0.074010728,0,0,0,-0.04021707,50675.57,49712.874,0,353.028,0,1,-1,-1,0.010612482,-0.010612482,-0.024249351,
2014/8/26,0.074086364,0,0,0,0.00086674,50511.65,50025.83,0,312.956,0,1,-1,-1,-0.003239938,0.003239938,-0.021009414,
2014/8/27,0.075772348,0,0,0,0.00086674,50185.22,50194.912,0,169.082,0,1,-1,-1,-0.006483442,0.006483442,-0.014525972,
2014/8/28,0.07386873,0,0,0,0.00086674,50129.26,50328.464,0,133.552,0,1,-1,-1,-0.001115691,0.001115691,-0.01341028,
2014/8/29,0.074418098,0,0,0,0.00086674,49646.41,50229.622,0,-98.842,0,-1,-1,-1,-0.009678788,0.009678788,-0.003731493,-0.003731493
2014/9/1,0.075676749,0,0,0,0.00086674,49522,49998.908,0,-230.714,0,-1,-1,0,-0.002509066,0,-0.003731493,
2014/9/2,0.076476458,0,0,0,-0.027792036,49687.91,49834.16,0,-164.748,0,-1,-1,0,0.003344629,0,-0.003731493,
2014/9/3,0.073726225,0,0,0,-0.027792036,49720.27,49741.17,0,-92.99,0,-1,-1,0,0.000651053,0,-0.003731493,
2014/9/4,0.077391814,0,0,0,-0.027792036,49557.65,49626.848,0,-114.322,0,-1,-1,0,-0.003276059,0,-0.003731493,
2014/9/5,0.076582243,0,0,0,-0.027792036,49858.14,49669.194,0,42.346,0,1,-1,0,0.006045135,0,-0.003731493,
2014/9/9,0.07474026,0,0,0,-0.066082598,49385.32,49641.858,0,-27.336,0,0,-1,-1,-0.009528559,0.009528559,0.005797066,
2014/9/10,0.076817375,0,0,0,-0.066082598,48879.22,49480.12,0,-161.738,0,-1,-1,0,-0.010300857,0,0.005797066,
2014/9/11,0.079099045,0,0,0,-0.066082598,48185.55,49173.176,0,-306.944,0,-1,-1,0,-0.014293174,0,0.005797066,
2014/9/12,0.079897882,0,0,0,-0.066082598,48585.66,48978.778,0,-194.398,0,-1,-1,0,0.008269242,0,0.005797066,
2014/9/15,0.088946568,0,0,0,-0.066082598,48349.74,48677.098,0,-301.68,0,-1,-1,0,-0.004867581,0,0.005797066,
2014/9/16,0.105673139,0,0,0,-0.09385506,48648.47,48529.728,0,-147.37,0,-1,-1,0,0.006159515,0,0.005797066,
2014/9/17,0.094212433,0,0,0,-0.09385506,49402.46,48634.376,0,104.648,0,1,-1,0,0.015379862,0,0.005797066,
2014/9/18,0.092215493,0,0,0,-0.09385506,49023.59,48801.984,0,167.608,0,1,-1,-1,-0.00769861,0.00769861,0.013495676,
2014/9/19,0.094891467,0,0,0,-0.09385506,48664.26,48817.704,0,15.72,0,0,-1,-1,-0.007356731,0.007356731,0.020852407,
2014/9/22,0.090449524,0,0,0,-0.09385506,47697.51,48687.258,0,-130.446,0,-1,-1,0,-0.020065684,0,0.020852407,
2014/9/23,0.084443331,0,0,0,-0.129558731,47894.09,48536.382,0,-150.876,0,-1,-1,0,0.004112919,0,0.020852407,
2014/9/24,0.081619157,0,0,0,-0.129558731,47932.99,48242.488,0,-293.894,0,-1,-1,0,0.000811879,0,0.020852407,
2014/9/25,0.077127878,0,0,0,-0.129558731,47863.26,48010.422,0,-232.066,0,-1,-1,0,-0.001455798,0,0.020852407,
2014/9/26,0.076506959,0,0,0,-0.129558731,47995.42,47876.654,0,-133.768,0,-1,-1,0,0.002757394,0,0.020852407,
2014/9/29,0.074790929,0,0,0,-0.129558731,47744.63,47886.078,0,9.424,0,0,-1,0,-0.00523899,0,0.020852407,
2014/9/30,0.07159708,0,0,0,-0.146088572,48109.67,47929.194,0,43.116,0,1,-1,0,0.007616597,0,0.020852407,
2014/10/8,0.074003014,0,0,0,-0.146088572,47739.23,47890.442,0,-38.752,0,0,-1,-1,-0.007729705,0.007729705,0.028582112,
2014/10/9,0.074604778,0,0,0,-0.146088572,47801.64,47878.118,0,-12.324,0,0,-1,0,0.001306457,0,0.028582112,
2014/10/10,0.066868375,0,0,0,-0.146088572,47234.46,47725.926,0,-152.192,0,-1,-1,0,-0.011936238,0,0.028582112,
2014/10/13,0.075878591,0,0,0,-0.146088572,47805.84,47738.168,0,12.242,0,0,-1,0,0.012024097,0,0.028582112,
2014/10/14,0.086505065,0,0,0,-0.142452098,48029.63,47722.16,0,-16.008,0,0,-1,0,0.004670304,0,0.028582112,
2014/10/15,0.071486324,0,0,0,-0.142452098,48264.92,47827.298,0,105.138,0,1,-1,0,0.004886891,0,0.028582112,
2014/10/16,0.066374419,0,0,0,-0.142452098,47262.56,47719.482,0,-107.816,0,-1,-1,-1,-0.020986564,0.020986564,0.049568676,
2014/10/17,0.065781785,0,0,0,-0.142452098,46520.57,47576.704,0,-142.778,0,-1,-1,0,-0.015823858,0,0.049568676,
2014/10/20,0.062113733,0,0,0,-0.142452098,46859.12,47387.36,0,-189.344,0,-1,-1,0,0.007251073,0,0.049568676,
2014/10/21,0.06797326,0,0,0,-0.15802576,46706.36,47122.706,0,-264.654,0,-1,-1,0,-0.00326531,0,0.049568676,
2014/10/22,0.06737392,0,0,0,-0.15802576,47222.8,46914.282,0,-208.424,0,-1,-1,0,0.010996483,0,0.049568676,
2014/10/23,0.066966714,0,0,0,-0.15802576,47256.17,46913.004,0,-1.278,0,0,-1,0,0.000706401,0,0.049568676,
2014/10/24,0.071443149,0,0,0,-0.15802576,47501.14,47109.118,0,196.114,0,1,-1,0,0.005170483,0,0.049568676,
2014/10/27,0.079556324,0,0,0,-0.15802576,47155.77,47168.448,0,59.33,0,1,-1,-1,-0.007297334,0.007297334,0.05686601,
2014/10/28,0.088374468,0,0,0,-0.125685601,47620.2,47351.216,0,182.768,0,1,-1,-1,0.009800664,-0.009800664,0.047065346,
2014/10/29,0.088832021,0,0,0,-0.125685601,47822.25,47471.106,0,119.89,0,1,-1,-1,0.004233971,-0.004233971,0.042831374,
2014/10/30,0.090021657,0,0,0,-0.125685601,47550.26,47529.924,0,58.818,0,1,-1,-1,-0.005703755,0.005703755,0.04853513,
2014/10/31,0.090318726,0,0,0,-0.125685601,47801.29,47589.954,0,60.03,0,1,-1,-1,0.00526537,-0.00526537,0.04326976,
2014/11/3,0.091298735,0,0,0,-0.125685601,47296.66,47618.132,0,28.178,0,0,-1,-1,-0.010612947,0.010612947,0.053882707,
2014/11/4,0.08348596,0,0,0,-0.156800572,47673.95,47628.882,0,10.75,0,0,-1,0,0.007945447,0,0.053882707,
2014/11/5,0.080381531,0,0,0,-0.156800572,46522.06,47368.844,0,-260.038,0,-1,-1,0,-0.024458518,0,0.053882707,
2014/11/6,0.081382054,0,0,0,-0.156800572,46736.74,47206.14,0,-162.704,0,-1,-1,0,0.00460397,0,0.053882707,
2014/11/7,0.083723451,0,0,0,-0.156800572,47103.27,47066.536,0,-139.604,0,-1,-1,0,0.007811846,0,0.053882707,
2014/11/10,0.082478891,0,0,0,-0.156800572,47410.26,47089.256,0,22.72,0,0,-1,0,0.006496236,0,0.053882707,
2014/11/11,0.080835207,0,0,0,-0.150040209,47041.04,46962.674,0,-126.582,0,-1,-1,0,-0.007818249,0,0.053882707,
2014/11/12,0.093560499,0,0,0,-0.150040209,47210,47100.262,0,137.588,0,1,-1,0,0.003585322,0,0.053882707,
2014/11/13,0.085046143,0,0,0,-0.150040209,47267.46,47206.406,0,106.144,0,1,-1,-1,0.001216375,-0.001216375,0.052666332,
2014/11/14,0.086847607,0,0,0,-0.150040209,47001.68,47186.088,0,-20.318,0,0,-1,-1,-0.005638764,0.005638764,0.058305095,
2014/11/17,0.086876883,0,0,0,-0.150040209,47472.91,47198.618,0,12.53,0,0,-1,0,0.009975887,0,0.058305095,
2014/11/18,0.082036731,0,0,0,-0.139470686,47433.73,47277.156,0,78.538,0,1,-1,0,-0.000825654,0,0.058305095,
2014/11/19,0.084025215,0,0,0,-0.139470686,47142.76,47263.708,0,-13.448,0,0,-1,-1,-0.006153134,0.006153134,0.06445823,
2014/11/20,0.08166133,0,0,0,-0.139470686,47265.84,47263.384,0,-0.324,0,0,-1,0,0.002607391,0,0.06445823,
2014/11/21,0.089755448,0,0,0,-0.139470686,47360.65,47335.178,0,71.794,0,1,-1,0,0.002003879,0,0.06445823,
2014/11/24,0.086993117,0,0,0,-0.139470686,47569.46,47354.488,0,19.31,0,0,-1,-1,0.004399244,-0.004399244,0.060058986,
2014/11/25,0.079595868,0,0,0,-0.175722701,47548.68,47377.478,0,22.99,0,0,-1,0,-0.00043693,0,0.060058986,
2014/11/26,0.072108096,0,0,0,-0.175722701,46664.98,47281.922,0,-95.556,0,-1,-1,0,-0.018760038,0,0.060058986,
2014/11/27,0.070311411,0,0,0,-0.175722701,46764.4,47181.634,0,-100.288,0,-1,-1,0,0.002128239,0,0.060058986,
2014/11/28,0.05797275,0,0,0,-0.175722701,46010.74,46911.652,0,-269.982,0,-1,-1,0,-0.016247382,0,0.060058986,
2014/12/1,0.060262422,0,0,0,-0.175722701,44517.97,46301.354,0,-610.298,0,-1,-1,0,-0.03298192,0,0.060058986,
2014/12/2,0.056470812,0,0,0,-0.214628817,45377.38,45867.094,0,-434.26,0,-1,-1,0,0.019120815,0,0.060058986,
2014/12/3,0.056564262,0,0,0,-0.214628817,45170.38,45568.174,0,-298.92,0,-1,-1,0,-0.004572181,0,0.060058986,
2014/12/4,0.064507795,0,0,0,-0.214628817,45709.95,45357.284,0,-210.89,0,-1,-1,0,0.011874436,0,0.060058986,
2014/12/5,0.059697379,0,0,0,-0.214628817,45976.44,45350.424,0,-6.86,0,0,-1,0,0.005813093,0,0.060058986,
2014/12/8,0.059503679,0,0,0,-0.214628817,45760.63,45598.956,0,248.532,0,1,-1,0,-0.004704977,0,0.060058986,
2014/12/9,0.060984273,0,0,0,-0.216448738,45764.65,45676.41,0,77.454,0,1,-1,-1,8.78E-05,-8.78E-05,0.059971142,
2014/12/10,0.058392944,0,0,0,-0.216448738,46084.51,45859.236,0,182.826,0,1,-1,-1,0.006964926,-0.006964926,0.053006216,
2014/12/11,0.059595192,0,0,0,-0.216448738,46067.33,45930.712,0,71.476,0,1,-1,-1,-0.000372863,0.000372863,0.053379079,
2014/12/12,0.061975818,0,0,0,-0.216448738,46250.34,45985.492,0,54.78,0,1,-1,-1,0.003964793,-0.003964793,0.049414285,
2014/12/15,0.062908604,0,0,0,-0.216448738,46564.08,46146.182,0,160.69,0,1,-1,-1,0.006760613,-0.006760613,0.042653672,
2014/12/16,0.05523912,0,0,0,-0.195435562,45682.92,46129.836,0,-16.346,0,0,-1,-1,-0.019104942,0.019104942,0.061758614,
2014/12/17,0.05544714,0,0,0,-0.195435562,45408.89,45994.712,0,-135.124,0,-1,-1,0,-0.006016585,0,0.061758614,
2014/12/18,0.057547702,0,0,0,-0.195435562,45400.64,45861.374,0,-133.338,0,-1,-1,0,-0.000181699,0,0.061758614,
2014/12/19,0.064672431,0,0,0,-0.195435562,45615.41,45734.388,0,-126.986,0,-1,-1,0,0.004719396,0,0.061758614,
2014/12/22,0.065521535,0,0,0,-0.195435562,46059.61,45633.494,0,-100.894,0,-1,-1,0,0.009690829,0,0.061758614,
2014/12/23,0.063338095,0,0,0,-0.210704377,45692.67,45635.444,0,1.95,0,0,-1,0,-0.007998536,0,0.061758614,
2014/12/24,0.061612379,0,0,0,-0.210704377,45670.18,45687.702,0,52.258,0,1,-1,0,-0.000492323,0,0.061758614,
2014/12/29,0.059534145,0,0,0,-0.210704377,45046.22,45616.818,0,-70.884,0,-1,-1,-1,-0.013756495,0.013756495,0.075515109,
2014/12/30,0.059561135,0,0,0,-0.22031086,45275.99,45548.934,0,-67.884,0,-1,-1,0,0.005087796,0,0.075515109,
2014/12/31,0.056303465,0,0,0,-0.22031086,45766.03,45490.218,0,-58.716,0,0,-1,0,0.010765243,0,0.075515109,
2015/1/5,0.051553084,0,0,0,-0.22031086,45044.84,45360.652,0,-129.566,0,-1,-1,0,-0.015883675,0,0.075515109,
2015/1/6,0.049971012,0,0,0,-0.242682475,44725.84,45171.784,0,-188.868,0,-1,-1,0,-0.007107027,0,0.075515109,
2015/1/7,0.050172858,0,0,0,-0.242682475,44508.53,45064.246,0,-107.538,0,-1,-1,0,-0.004870554,0,0.075515109,
2015/1/8,0.045629301,0,0,0,-0.242682475,44548.21,44918.69,0,-145.556,0,-1,-1,0,0.000891117,0,0.075515109,
2015/1/9,0.044656563,0,0,0,-0.242682475,44125.87,44590.658,0,-328.032,0,-1,-1,0,-0.009525742,0,0.075515109,
2015/1/12,0.033253775,0,0,0,-0.242682475,43778.59,44337.408,0,-253.25,0,-1,-1,0,-0.007901347,0,0.075515109,
2015/1/13,0.022966283,0,0,0,-0.199616626,42686.28,43929.496,0,-407.912,0,-1,-1,0,-0.025267328,0,0.075515109,
2015/1/14,0.029603762,0,0,0,-0.199616626,40964.67,43220.724,0,-708.772,0,-1,-1,0,-0.041167569,0,0.075515109,
2015/1/15,0.02867674,0,0,0,-0.199616626,40820.54,42475.19,0,-745.534,0,-1,-1,0,-0.003524602,0,0.075515109,
2015/1/16,0.033424264,0,0,0,-0.199616626,40871.37,41824.29,0,-650.9,0,-1,-1,0,0.001244432,0,0.075515109,
2015/1/19,0.030785936,0,0,0,-0.199616626,41620.16,41392.604,0,-431.686,0,-1,-1,0,0.018154847,0,0.075515109,
2015/1/20,0.026234858,0,0,0,-0.212819504,41132.28,41081.804,0,-310.8,0,-1,-1,0,-0.011791451,0,0.075515109,
2015/1/21,0.029085219,0,0,0,-0.212819504,41143.84,41117.638,0,35.834,0,1,-1,0,0.000281005,0,0.075515109,
2015/1/22,0.022728292,0,0,0,-0.212819504,41429.21,41239.372,0,121.734,0,1,-1,-1,0.006911968,-0.006911968,0.068603141,
2015/1/23,0.015884132,0,0,0,-0.212819504,40801.16,41225.33,0,-14.042,0,0,-1,-1,-0.015275675,0.015275675,0.083878816,
2015/1/26,0.030985543,0,0,0,-0.212819504,39286.96,40758.69,0,-466.64,0,-1,-1,0,-0.037817855,0,0.083878816,
2015/1/27,0.025356227,0,0,0,-0.226969277,40305.61,40593.356,0,-165.334,0,-1,-1,0,0.025598008,0,0.083878816,
2015/1/28,0.025586559,0,0,0,-0.226969277,39696.34,40303.856,0,-289.5,0,-1,-1,0,-0.015231673,0,0.083878816,
2015/1/29,0.023415385,0,0,0,-0.226969277,39306.36,39879.286,0,-424.57,0,-1,-1,0,-0.009872654,0,0.083878816,
2015/1/30,0.024106541,0,0,0,-0.226969277,39060.5,39531.154,0,-348.132,0,-1,-1,0,-0.006274612,0,0.083878816,
2015/2/2,0.023910459,0,0,0,-0.226969277,40261.26,39726.014,0,194.86,0,1,-1,0,0.03027799,0,0.083878816,
2015/2/3,0.032821847,0,0,0,-0.222709789,40723.89,39809.67,0,83.656,0,1,-1,-1,0.011425182,-0.011425182,0.072453635,
2015/2/4,0.039187212,0,0,0,-0.222709789,41106.8,40091.762,0,282.092,0,1,-1,-1,0.00935866,-0.00935866,0.063094975,
2015/2/5,0.042932586,0,0,0,-0.222709789,40941.46,40418.782,0,327.02,0,1,-1,-1,-0.004030316,0.004030316,0.067125291,
2015/2/6,0.027659994,0,0,0,-0.222709789,41605.01,40927.684,0,508.902,0,1,-1,-1,0.016077351,-0.016077351,0.05104794,
2015/2/9,0.031900438,0,0,0,-0.222709789,41182.13,41111.858,0,184.174,0,1,-1,-1,-0.010216168,0.010216168,0.061264108,
2015/2/10,0.026737638,0,0,0,-0.226199584,41229.7,41213.02,0,101.162,0,1,-1,-1,0.001154446,-0.001154446,0.060109662,
2015/2/11,0.026244449,0,0,0,-0.226199584,40995.2,41190.7,0,-22.32,0,0,-1,-1,-0.005703884,0.005703884,0.065813546,
2015/2/12,0.032705891,0,0,0,-0.226199584,40991.84,41200.776,0,10.076,0,0,-1,0,-8.20E-05,0,0.065813546,
2015/2/13,0.02823387,0,0,0,-0.226199584,42012.6,41282.294,0,81.518,0,1,-1,0,0.024596551,0,0.065813546,
2015/2/16,0.028778675,0,0,0,-0.226199584,42097.64,41465.396,0,183.102,0,1,-1,-1,0.002022109,-0.002022109,0.063791437,
2015/2/17,0.020545306,0,0,0,-0.205547327,42058.13,41631.082,0,165.686,0,1,-1,-1,-0.000938973,0.000938973,0.06473041,
2015/2/25,0.032897933,0,0,0,-0.205547327,41944.8,41821.002,0,189.92,0,1,-1,-1,-0.002698241,0.002698241,0.067428651,
2015/2/26,0.041915184,0,0,0,-0.205547327,42518.28,42126.29,0,305.288,0,1,-1,-1,0.013579633,-0.013579633,0.053849018,
2015/2/27,0.04217065,0,0,0,-0.205547327,42734.04,42270.578,0,144.288,0,1,-1,-1,0.005061691,-0.005061691,0.048787327,
2015/3/2,0.036727582,0,0,0,-0.205547327,43170.5,42485.15,0,214.572,0,1,-1,-1,0.010161599,-0.010161599,0.038625728,
2015/3/3,0.036347911,0,0,0,-0.139927616,42524.76,42578.476,0,93.326,0,1,-1,-1,-0.015070897,0.015070897,0.053696625,
2015/3/4,0.038515895,0,0,0,-0.139927616,42448.51,42679.218,0,100.742,0,1,-1,-1,-0.001794683,0.001794683,0.055491307,
2015/3/5,0.039299403,0,0,0,-0.139927616,42473.92,42670.346,0,-8.872,0,0,-1,-1,0.000598428,-0.000598428,0.054892879,
2015/3/6,0.033300264,0,0,0,-0.139927616,42189.6,42561.458,0,-108.888,0,-1,-1,0,-0.006716495,0,0.054892879,
2015/3/9,0.040788671,-0.29539568,2.359777147,-0.199143507,-0.139927616,42266.35,42380.628,-0.039828701,-180.83,-0.039828701,-1,-1,0,0.001817516,0,0.054892879,
2015/3/10,0.03845283,-0.29539568,2.359777147,-0.204655571,-0.131077272,42184.6,42312.596,-0.080759816,-68.032,-0.040931114,-1,-1,0,-0.001936036,0,0.054892879,
2015/3/11,0.032582482,-0.29539568,2.359777147,-0.218508283,-0.131077272,42038.89,42230.672,-0.124461472,-81.924,-0.043701657,-1,-1,0,-0.003460083,0,0.054892879,
2015/3/12,0.038664519,-0.29539568,2.359777147,-0.204156031,-0.131077272,42523.13,42240.514,-0.165292679,9.842,-0.040831206,0,-1,0,0.011453021,0,0.054892879,
2015/3/13,0.037718594,-0.29539568,2.359777147,-0.206388204,-0.131077272,42840.47,42370.688,-0.206570319,130.174,-0.041277641,1,-1,0,0.007435053,0,0.054892879,
2015/3/16,0.037423208,-0.276459604,2.053494705,-0.199611243,-0.131077272,42834.29,42484.276,-0.206663867,113.588,-9.35E-05,1,-1,-1,-0.000144267,0.000144267,0.055037145,
2015/3/17,0.032054757,-0.276459604,2.053494705,-0.210635331,-0.106675178,42459.99,42539.354,-0.207859819,55.078,-0.001195952,1,-1,-1,-0.008776729,0.008776729,0.063813875,
2015/3/18,0.025018002,-0.276459604,2.053494705,-0.225085269,-0.106675178,41633.44,42458.264,-0.209175216,-81.09,-0.001315397,-1,-1,-1,-0.01965853,0.01965853,0.083472405,
2015/3/19,0.040689606,-0.276459604,2.053494705,-0.192903713,-0.106675178,41732.87,42300.212,-0.206924752,-158.052,0.002250464,-1,1,0,0.002385377,0,0.083472405,
2015/3/20,0.049624114,-0.276459604,2.053494705,-0.174556749,-0.106675178,42045.19,42141.156,-0.200558461,-159.056,0.006366291,-1,1,1,0.007455925,0.007455925,0.090928329,
2015/3/23,0.053600017,-0.255232443,1.676368099,-0.165379084,-0.106675178,43690.21,42312.34,-0.193712029,171.184,0.006846432,1,1,1,0.038379057,0.038379057,0.129307387,
2015/3/24,0.056885301,-0.255232443,1.676368099,-0.159871739,-0.054834229,43865.63,42593.468,-0.183559311,281.128,0.010152718,1,1,0,0.004007048,0,0.129307387,
2015/3/25,0.057165846,-0.255232443,1.676368099,-0.159401442,-0.054834229,43695.19,43005.818,-0.170422545,412.35,0.013136765,1,1,0,-0.00389307,0,0.129307387,
2015/3/26,0.060454846,-0.255232443,1.676368099,-0.153887868,-0.054834229,43925.74,43444.392,-0.162619376,438.574,0.007803169,1,1,0,0.005262453,0,0.129307387,
2015/3/27,0.059170629,-0.255232443,1.676368099,-0.156040688,-0.054834229,43779.68,43791.29,-0.158916164,346.898,0.003703212,1,1,0,-0.003330698,0,0.129307387,
2015/3/30,0.059987744,-0.238431654,1.382731177,-0.15548473,-0.054834229,43834.25,43820.098,-0.156937293,28.808,0.001978871,1,1,0,0.001245692,0,0.129307387,
2015/3/31,0.058614862,-0.238431654,1.382731177,-0.157383057,-0.02441734,43356.82,43718.336,-0.156439557,-101.762,0.000497736,-1,1,0,-0.01095146,0,0.129307387,
2015/4/1,0.054759683,-0.238431654,1.382731177,-0.162713733,-0.02441734,43275.48,43634.394,-0.157102015,-83.942,-0.000662458,-1,-1,1,-0.001877822,-0.001877822,0.127429565,
2015/4/2,0.048356925,-0.238431654,1.382731177,-0.171567026,-0.02441734,43524.07,43554.06,-0.160637847,-80.334,-0.003535832,-1,-1,0,0.005727926,0,0.127429565,
2015/4/7,0.05078551,-0.238431654,1.382731177,-0.168208946,-0.029215349,43477.46,43493.616,-0.163071498,-60.444,-0.002433652,0,-1,0,-0.001071476,0,0.127429565,
2015/4/8,0.045913498,-0.234544194,1.316722226,-0.174088871,-0.029215349,43456.84,43418.134,-0.166792327,-75.482,-0.003720828,-1,-1,0,-0.000474381,0,0.127429565,
2015/4/9,0.047595726,-0.234544194,1.316722226,-0.171873843,-0.029215349,43308.21,43408.412,-0.169690484,-9.722,-0.002898157,0,-1,0,-0.003426037,0,0.127429565,
2015/4/10,0.051061898,-0.234544194,1.316722226,-0.167309857,-0.029215349,43504.89,43454.294,-0.170609709,45.882,-0.000919225,1,-1,0,0.004531121,0,0.127429565,
2015/4/13,0.052392785,-0.226766353,1.181495332,-0.164864522,-0.029215349,43658.57,43481.194,-0.169269208,26.9,0.001340501,0,1,-1,0.003526252,-0.003526252,0.123903313,
2015/4/14,0.057213886,-0.226766353,1.181495332,-0.159168414,-0.043617278,42840.74,43353.85,-0.167461101,-127.344,0.001808106,-1,1,0,-0.018910078,0,0.123903313,
2015/4/15,0.052970525,-0.226766353,1.181495332,-0.164181925,-0.043617278,42971.36,43256.754,-0.165479712,-97.096,0.001981389,-1,1,1,0.003044328,0.003044328,0.126947641,
2015/4/16,0.057136074,-0.226766353,1.181495332,-0.159260349,-0.043617278,43310.76,43257.264,-0.162957014,0.51,0.002522699,0,1,1,0.007867256,0.007867256,0.134814897,
2015/4/17,0.059545486,-0.226766353,1.181495332,-0.15641364,-0.043617278,43653.55,43286.996,-0.16077777,29.732,0.002179243,1,1,0,0.007883505,0,0.134814897,
2015/4/20,0.051255784,-0.214577035,0.988147089,-0.163928782,-0.043617278,43810.15,43317.312,-0.160590622,30.316,0.000187148,1,0,0,0.003580918,0,0.134814897,
2015/4/21,0.046799028,-0.214577035,0.988147089,-0.168332712,-0.078106276,43305.62,43410.288,-0.162423482,92.976,-0.00183286,1,-1,0,-0.011583107,0,0.134814897,
2015/4/22,0.037627518,-0.214577035,0.988147089,-0.177395513,-0.078106276,43246.08,43465.232,-0.165066199,54.944,-0.002642718,1,-1,-1,-0.001375825,0.001375825,0.136190722,
2015/4/23,0.057354643,-0.214577035,0.988147089,-0.157902211,-0.078106276,42915.74,43386.228,-0.164794572,-79.004,0.000271628,-1,0,-1,-0.007667935,0.007667935,0.143858657,
2015/4/24,0.048885658,-0.214577035,0.988147089,-0.166270814,-0.078106276,43234.15,43302.348,-0.166766007,-83.88,-0.001971435,-1,-1,0,0.007392034,0,0.143858657,
2015/4/27,0.035393131,-0.208265768,0.901913482,-0.176344226,-0.078106276,43770.59,43294.436,-0.169249095,-7.912,-0.002483089,0,-1,0,0.012331438,0,0.143858657,
2015/4/28,0.05423313,-0.208265768,0.901913482,-0.159352177,-0.104132809,43780.25,43389.362,-0.167452988,94.926,0.001796107,1,1,0,0.000220672,0,0.143858657,
2015/4/29,0.05945492,-0.208265768,0.901913482,-0.154642574,-0.104132809,43769.49,43494.044,-0.162902401,104.682,0.004550588,1,1,0,-0.000245803,0,0.143858657,
2015/4/30,0.069468613,-0.208265768,0.901913482,-0.145611089,-0.104132809,44257.63,43762.422,-0.160444176,268.378,0.002458224,1,1,0,0.011090787,0,0.143858657,
2015/5/5,0.074859666,-0.208265768,0.901913482,-0.140748826,-0.002719959,45714.38,44258.468,-0.155339779,496.046,0.005104398,1,1,0,0.032385123,0,0.143858657,
2015/5/6,0.081287412,-0.198554017,0.769102997,-0.136035625,-0.002719959,46116.02,44727.554,-0.147278058,469.086,0.00806172,1,1,0,0.008747486,0,0.143858657,
2015/5/7,0.08932346,-0.198554017,0.769102997,-0.129855076,-0.002719959,45819.62,45135.428,-0.141378638,407.874,0.00589942,1,1,0,-0.006448011,0,0.143858657,
2015/5/8,0.081563427,-0.198554017,0.769102997,-0.135823341,-0.002719959,45953.42,45572.214,-0.137614792,436.786,0.003763847,1,1,0,0.002915891,0,0.143858657,
2015/5/11,0.087920519,-0.196327487,0.758983073,-0.129597302,-0.002719959,45759.26,45872.54,-0.134412034,300.326,0.003202758,1,1,0,-0.004234099,0,0.143858657,
2015/5/12,0.095317985,-0.196327487,0.758983073,-0.12398275,0.04782201,45810.75,45891.814,-0.131058819,19.274,0.003353215,0,1,0,0.001124604,0,0.143858657,
2015/5/13,0.095814105,-0.196327487,0.758983073,-0.123606203,0.04782201,46240.02,45916.614,-0.128572934,24.8,0.002485884,0,1,0,0.009326877,0,0.143858657,
2015/5/14,0.096498764,-0.196327487,0.758983073,-0.123086559,0.04782201,46039.8,45960.65,-0.127219231,44.036,0.001353703,1,1,0,-0.004339417,0,0.143858657,
2015/5/15,0.096766163,-0.196327487,0.758983073,-0.122883607,0.04782201,46035.24,45977.014,-0.124631284,16.364,0.002587947,0,1,0,-9.90E-05,0,0.143858657,
2015/5/18,0.095912594,-0.204411495,0.997244572,-0.108763181,0.04782201,46086.71,46042.504,-0.12046446,65.49,0.004166824,1,1,0,0.001117432,0,0.143858657,
2015/5/19,0.097005768,-0.204411495,0.997244572,-0.107673019,0.052123207,45692.64,46018.882,-0.117202514,-23.622,0.003261946,0,1,0,-0.008587388,0,0.143858657,
2015/5/20,0.10098838,-0.204411495,0.997244572,-0.103701381,0.052123207,44730.48,45716.974,-0.113221549,-301.908,0.003980965,-1,1,0,-0.021282086,0,0.143858657,
2015/5/21,0.098278986,-0.204411495,0.997244572,-0.10640331,0.052123207,45082.25,45525.464,-0.1098849,-191.51,0.00333665,-1,1,1,0.007833451,0.007833451,0.151692108,
2015/5/22,0.089523118,-0.204411495,0.997244572,-0.115135052,0.052123207,45059.69,45330.354,-0.108335188,-195.11,0.001549711,-1,1,1,-0.000500544,-0.000500544,0.151191564,
2015/5/26,0.09274813,-0.22891989,1.560487354,-0.084187605,0.009407839,44447.14,45002.44,-0.103420073,-327.914,0.004915115,-1,1,1,-0.013687437,-0.013687437,0.137504126,
2015/5/27,0.085153786,-0.22891989,1.560487354,-0.096038484,0.009407839,44334.38,44730.788,-0.101093166,-271.652,0.002326907,-1,1,1,-0.00254017,-0.00254017,0.134963957,
2015/5/28,0.078090225,-0.22891989,1.560487354,-0.107061081,0.009407839,44273.88,44639.468,-0.101765106,-91.32,-0.00067194,-1,-1,1,-0.001365561,-0.001365561,0.133598395,
2015/5/29,0.064865664,-0.22891989,1.560487354,-0.127697841,0.009407839,44316.14,44486.246,-0.106024012,-153.222,-0.004258906,-1,-1,0,0.000954058,0,0.133598395,
2015/6/1,0.061205028,-0.24576425,1.965496491,-0.125465983,0.009407839,43662.29,44206.766,-0.108090199,-279.48,-0.002066186,-1,-1,0,-0.014864144,0,0.133598395,
2015/6/2,0.059975989,-0.24576425,1.965496491,-0.127881654,-0.054449897,43695.18,44056.374,-0.116829009,-150.392,-0.00873881,-1,-1,0,0.000752998,0,0.133598395,
2015/6/3,0.059986259,-0.24576425,1.965496491,-0.127861469,-0.054449897,43536.13,43896.724,-0.123193606,-159.65,-0.006364597,-1,-1,0,-0.00364663,0,0.133598395,
2015/6/4,0.055047085,-0.24576425,1.965496491,-0.137569397,-0.054449897,43419.62,43725.872,-0.129295269,-170.852,-0.006101663,-1,-1,0,-0.002679755,0,0.133598395,
2015/6/5,0.053526972,-0.24576425,1.965496491,-0.140557175,-0.054449897,42816.9,43426.024,-0.131867135,-299.848,-0.002571867,-1,-1,0,-0.013978528,0,0.133598395,
2015/6/8,0.053134086,-0.258343323,2.269230891,-0.137769814,-0.054449897,43176.63,43328.892,-0.134327902,-97.132,-0.002460766,-1,-1,0,0.008366492,0,0.133598395,
2015/6/9,0.050645804,-0.258343323,2.269230891,-0.143416299,-0.078010505,43251.84,43240.224,-0.137434831,-88.668,-0.003106929,-1,-1,0,0.001740399,0,0.133598395,
2015/6/10,0.053254216,-0.258343323,2.269230891,-0.137497211,-0.078010505,43354.73,43203.944,-0.139361979,-36.28,-0.001927148,0,-1,0,0.002376033,0,0.133598395,
2015/6/11,0.047424504,-0.258343323,2.269230891,-0.150726173,-0.078010505,43220.44,43164.108,-0.141993334,-39.836,-0.002631355,0,-1,0,-0.003102278,0,0.133598395,
2015/6/12,0.044573035,-0.258343323,2.269230891,-0.157196815,-0.078010505,42487.81,43098.29,-0.145321262,-65.818,-0.003327928,-1,-1,0,-0.01709632,0,0.133598395,
2015/6/15,0.043784126,-0.264267067,2.474683238,-0.155915225,-0.078010505,42203.97,42903.758,-0.148950344,-194.532,-0.003629082,-1,-1,0,-0.006702919,0,0.133598395,
2015/6/16,0.039380154,-0.264267067,2.474683238,-0.166813661,-0.090842571,42139.63,42681.316,-0.153629817,-222.442,-0.004679472,-1,-1,0,-0.001525664,0,0.133598395,
2015/6/17,0.037831052,-0.264267067,2.474683238,-0.170647197,-0.090842571,41782.61,42366.892,-0.160259814,-314.424,-0.006629997,-1,-1,0,-0.008508404,0,0.133598395,
2015/6/18,0.027944958,-0.264267067,2.474683238,-0.195112149,-0.090842571,42068.81,42136.566,-0.169137009,-230.326,-0.008877195,-1,-1,0,0.006826387,0,0.133598395,
2015/6/19,0.021801896,-0.264267067,2.474683238,-0.210314281,-0.090842571,41793.61,41997.726,-0.179760503,-138.84,-0.010623493,-1,-1,0,-0.006563154,0,0.133598395,
2015/6/23,0.019178762,-0.267841974,2.634813209,-0.217309517,-0.12803098,41877.27,41932.386,-0.192039361,-65.34,-0.012278859,-1,-1,0,0.001999741,0,0.133598395,
2015/6/24,0.017987343,-0.267841974,2.634813209,-0.220448684,-0.12803098,42156.23,41935.706,-0.202766366,3.32,-0.010727005,0,-1,0,0.006639281,0,0.133598395,
2015/6/25,0.006054438,-0.267841974,2.634813209,-0.251889659,-0.12803098,41859.64,41951.112,-0.219014858,15.406,-0.016248492,0,-1,0,-0.007060362,0,0.133598395,
2015/6/26,0.017689452,-0.267841974,2.634813209,-0.221233571,-0.12803098,42267.13,41990.776,-0.224239143,39.664,-0.005224284,1,-1,0,0.009687599,0,0.133598395,
2015/6/29,0.016345869,-0.269150684,2.765618006,-0.223944255,-0.12803098,42563.93,42144.84,-0.226965137,154.064,-0.002725995,1,-1,-1,0.006997466,-0.006997466,0.12660093,
2015/6/30,0.012130123,-0.269150684,2.765618006,-0.235603397,-0.131147837,42125.75,42194.536,-0.230623913,49.696,-0.003658776,1,-1,-1,-0.010347988,0.010347988,0.136948918,
2015/7/1,0.002704413,-0.269150684,2.765618006,-0.261671312,-0.131147837,42000.02,42163.294,-0.238868439,-31.242,-0.008244525,0,-1,-1,-0.002989098,0.002989098,0.139938016,
2015/7/2,0.007315864,-0.269150684,2.765618006,-0.248917798,-0.131147837,42230.63,42237.492,-0.238274067,74.198,0.000594372,1,1,0,0.005475693,0,0.139938016,
2015/7/3,0.004066682,-0.269150684,2.765618006,-0.257903796,-0.131147837,42396.29,42263.324,-0.245608112,25.832,-0.007334045,0,-1,0,0.003915071,0,0.139938016,
2015/7/6,0.003180029,-0.265512118,2.840419122,-0.256479502,-0.131147837,40767.71,41904.08,-0.252115161,-359.244,-0.006507049,-1,-1,0,-0.039170512,0,0.139938016,
2015/7/7,0.003786073,-0.265512118,2.840419122,-0.254758083,-0.152262167,39818.25,41442.58,-0.255946098,-461.5,-0.003830937,-1,-1,0,-0.023564997,0,0.139938016,
2015/7/8,0.004544911,-0.265512118,2.840419122,-0.252602665,-0.152262167,38088.74,40660.324,-0.254132369,-782.256,0.001813729,-1,1,0,-0.04440665,0,0.139938016,
2015/7/9,0.003396955,-0.265512118,2.840419122,-0.255863343,-0.152262167,40435.65,40301.328,-0.255521478,-358.996,-0.001389109,-1,-1,1,0.059793121,0.059793121,0.199731138,
2015/7/10,-0.00074092,-0.265512118,2.840419122,-0.267616641,-0.152262167,40320.76,39886.222,-0.257464047,-415.106,-0.001942569,-1,-1,0,-0.002845349,0,0.199731138,
2015/7/13,-0.000177023,-0.248504424,2.640052747,-0.248971774,-0.152262167,40053.76,39743.432,-0.255962501,-142.79,0.001501546,-1,1,0,-0.006643921,0,0.199731138,
2015/7/14,-0.008779804,-0.248504424,2.640052747,-0.271683569,-0.128363211,40183.97,39816.576,-0.259347598,73.144,-0.003385097,1,-1,1,0.003245608,0.003245608,0.202976746,
2015/7/15,-0.002794786,-0.248504424,2.640052747,-0.255882807,-0.128363211,40638.52,40326.532,-0.260003627,509.956,-0.000656028,1,-1,-1,0.011248225,-0.011248225,0.19172852,
2015/7/16,-0.005885148,-0.248504424,2.640052747,-0.264041525,-0.128363211,40550.73,40349.548,-0.261639263,23.016,-0.001635636,0,-1,-1,-0.002162602,0.002162602,0.193891123,
2015/7/17,-0.003225892,-0.248504424,2.640052747,-0.25702095,-0.128363211,40369.59,40359.314,-0.259520125,9.766,0.002119138,0,1,0,-0.004477004,0,0.193891123,
2015/7/20,-2.01E-05,-0.235498024,2.520869184,-0.235548756,-0.128363211,39684.21,40285.404,-0.256835521,-73.91,0.002684604,-1,1,0,-0.017123403,0,0.193891123,
2015/7/21,0.010570741,-0.235498024,2.520869184,-0.20885057,-0.133663366,39946.19,40237.848,-0.244268921,-47.556,0.0125666,0,1,1,0.006579923,0.006579923,0.200471046,
2015/7/22,-0.002551854,-0.235498024,2.520869184,-0.241930914,-0.133663366,39026.3,39915.404,-0.241478543,-322.444,0.002790379,-1,1,0,-0.023297521,0,0.200471046,
2015/7/23,-0.003891906,-0.235498024,2.520869184,-0.24530901,-0.133663366,39033.51,39611.96,-0.23773204,-303.444,0.003746503,-1,1,1,0.00018473,0.00018473,0.200655776,
2015/7/24,-0.003319808,-0.235498024,2.520869184,-0.243866826,-0.133663366,37853.97,39108.836,-0.235101215,-503.124,0.002630825,-1,1,1,-0.030684646,-0.030684646,0.16997113,
2015/7/27,0.001465765,-0.213694335,2.209055431,-0.21045638,-0.133663366,38069.44,38785.882,-0.23008274,-322.954,0.005018475,-1,1,1,0.005675998,0.005675998,0.175647128,
2015/7/28,0.004030661,-0.213694335,2.209055431,-0.204790382,-0.14942318,38100.47,38416.738,-0.229270703,-369.144,0.000812037,-1,1,1,0.000814757,0.000814757,0.176461886,
2015/7/29,-0.00536975,-0.213694335,2.209055431,-0.22555641,-0.14942318,38856.39,38382.756,-0.225995802,-33.982,0.003274901,0,1,1,0.019645924,0.019645924,0.19610781,
2015/7/30,-0.005339065,-0.213694335,2.209055431,-0.225488627,-0.14942318,38600.5,38296.154,-0.222031725,-86.602,0.003964077,-1,1,0,-0.006607312,0,0.19610781,
2015/7/31,-0.012580531,-0.213694335,2.209055431,-0.241485425,-0.14942318,38286.24,38382.608,-0.221555445,86.454,0.00047628,1,1,1,-0.008174667,-0.008174667,0.187933143,
2015/8/3,-0.00499352,-0.209164939,2.259163672,-0.220446119,-0.14942318,37905.86,38349.892,-0.223553393,-32.716,-0.001997948,0,-1,0,-0.009984845,0,0.187933143,
2015/8/4,-0.004122791,-0.209164939,2.259163672,-0.218478998,-0.17834683,38196.07,38369.012,-0.226291116,19.12,-0.002737723,0,-1,0,0.007626913,0,0.187933143,
2015/8/5,-0.002569574,-0.209164939,2.259163672,-0.214970027,-0.17834683,38118.3,38221.394,-0.224173839,-147.618,0.002117277,-1,1,0,-0.002038149,0,0.187933143,
2015/8/6,-0.001758498,-0.209164939,2.259163672,-0.213137674,-0.17834683,38057.22,38112.738,-0.221703648,-108.656,0.002470191,-1,1,1,-0.001603665,-0.001603665,0.186329478,
2015/8/7,-0.003372943,-0.209164939,2.259163672,-0.216784969,-0.17834683,37936.84,38042.858,-0.216763557,-69.88,0.004940091,-1,1,1,-0.003168145,-0.003168145,0.183161333,
2015/8/10,-0.003909408,-0.204074866,2.300219539,-0.213067362,-0.17834683,37942.98,38050.282,-0.215287806,7.424,0.001475751,0,1,1,0.000161835,0.000161835,0.183323168,
2015/8/11,-0.00591402,-0.204074866,2.300219539,-0.217678411,-0.173019265,39017.03,38214.474,-0.215127689,164.192,0.000160117,1,0,0,0.027913711,0,0.183323168,
2015/8/12,-0.003986212,-0.204074866,2.300219539,-0.213244028,-0.173019265,39295.65,38449.944,-0.214782489,235.47,0.0003452,1,0,0,0.007115608,0,0.183323168,
2015/8/13,-0.001798902,-0.204074866,2.300219539,-0.208212736,-0.173019265,39508.96,38740.292,-0.213797501,290.348,0.000984988,1,1,0,0.005413656,0,0.183323168,
2015/8/14,-0.002603,-0.204074866,2.300219539,-0.210062338,-0.173019265,39193.57,38991.638,-0.212452975,251.346,0.001344526,1,1,0,-0.008014779,0,0.183323168,
2015/8/17,-0.001854386,-0.197834565,2.30710045,-0.202112819,-0.173019265,39076.19,39218.28,-0.210262066,226.642,0.002190909,1,1,0,-0.002999373,0,0.183323168,
2015/8/18,-0.004003809,-0.197834565,2.30710045,-0.207071754,-0.151475701,38698.72,39154.618,-0.208140735,-63.662,0.002121331,-1,1,0,-0.009706806,0,0.183323168,
2015/8/19,-0.002198224,-0.197834565,2.30710045,-0.202906088,-0.151475701,38639.38,39023.364,-0.206073147,-131.254,0.002067588,-1,1,1,-0.001534561,-0.001534561,0.181788607,
2015/8/20,0.002993445,-0.197834565,2.30710045,-0.190928387,-0.151475701,38512.88,38824.148,-0.202616277,-199.216,0.00345687,-1,1,1,-0.003279233,-0.003279233,0.178509374,
2015/8/21,0.002648899,-0.197834565,2.30710045,-0.191723289,-0.151475701,38815.43,38748.52,-0.198948467,-75.628,0.00366781,-1,1,1,0.007825117,0.007825117,0.186334491,
2015/8/24,-0.002423301,-0.190660079,2.203075318,-0.195998794,-0.151475701,38183.02,38569.886,-0.197725662,-178.634,0.001222805,-1,1,1,-0.016426934,-0.016426934,0.169907557,
2015/8/25,0.005659353,-0.190660079,2.203075318,-0.178192098,-0.139678186,38689.96,38568.134,-0.191949731,-1.752,0.005775931,0,1,1,0.013189221,0.013189221,0.183096778,
2015/8/26,0.003501923,-0.190660079,2.203075318,-0.182945079,-0.139678186,38741.35,38588.528,-0.187957529,20.394,0.003992202,0,1,0,0.00132737,0,0.183096778,
2015/8/27,0.002968909,-0.190660079,2.203075318,-0.18411935,-0.139678186,38773.96,38640.744,-0.186595722,52.216,0.001361807,1,1,0,0.000841382,0,0.183096778,
2015/8/28,0.005235602,-0.190660079,2.203075318,-0.179125654,-0.139678186,39278.56,38733.37,-0.184076195,92.626,0.002519527,1,1,0,0.012929936,0,0.183096778,
2015/9/1,0.009196191,-0.182184852,2.093338551,-0.162934112,-0.128523524,39160.72,38928.91,-0.177463258,195.54,0.006612936,1,1,0,-0.003004619,0,0.183096778,
2015/9/2,0.018631531,-0.182184852,2.093338551,-0.143182751,-0.128523524,39023.25,38995.568,-0.170461389,66.658,0.007001869,1,1,0,-0.003516581,0,0.183096778,
2015/9/7,0.018028774,-0.182184852,2.093338551,-0.144444525,-0.128523524,39359.3,39119.158,-0.162761278,123.59,0.007700111,1,1,0,0.008574665,0,0.183096778,
2015/9/8,0.032257852,-0.182184852,2.093338551,-0.114658246,-0.083431856,39498.25,39264.016,-0.148869058,144.858,0.013892221,1,1,0,0.00352408,0,0.183096778,
2015/9/9,0.032909883,-0.175002851,2.017667131,-0.108601661,-0.083431856,41121.3,39632.564,-0.134764259,368.548,0.014104798,1,1,0,0.040269868,0,0.183096778,
2015/9/10,0.062548215,-0.175002851,2.017667131,-0.048801374,-0.083431856,41034.4,40007.3,-0.111937712,374.736,0.022826548,1,1,0,-0.002115496,0,0.183096778,
2015/9/11,0.038581244,-0.175002851,2.017667131,-0.097158744,-0.083431856,41126.55,40427.96,-0.10273291,420.66,0.009204801,1,1,0,0.002243159,0,0.183096778,
2015/9/14,0.040126711,-0.168755308,1.979501119,-0.089324438,-0.083431856,40603.92,40676.884,-0.091708893,248.924,0.011024017,1,1,0,-0.012789285,0,0.183096778,
2015/9/15,0.032329966,-0.168755308,1.979501119,-0.104758104,-0.026133182,40306.83,40838.6,-0.089728864,161.716,0.001980028,1,1,0,-0.00734368,0,0.183096778,
2015/9/16,0.039146993,-0.168755308,1.979501119,-0.091263792,-0.026133182,40914.93,40797.326,-0.086261291,-41.274,0.003467574,0,1,0,0.0149741,0,0.183096778,
2015/9/17,0.040643806,-0.168755308,1.979501119,-0.088300848,-0.026133182,40971.97,40784.84,-0.094161185,-12.486,-0.007899895,0,-1,0,0.001393141,0,0.183096778,
2015/9/18,0.037474186,-0.168755308,1.979501119,-0.094575115,-0.026133182,40679.12,40695.354,-0.09364446,-89.486,0.000516726,-1,1,0,-0.007173236,0,0.183096778,
2015/9/21,0.038150938,-0.162813792,1.940438238,-0.088784254,-0.026133182,40289.17,40632.404,-0.093536423,-62.95,0.000108037,-1,0,1,-0.00963224,-0.00963224,0.173464537,
2015/9/22,0.028281188,-0.162813792,1.940438238,-0.107935894,-0.086842536,39885.4,40548.118,-0.094171981,-84.286,-0.000635558,-1,-1,0,-0.010072356,0,0.173464537,
2015/9/23,0.026229494,-0.162813792,1.940438238,-0.11191708,-0.086842536,38886.7,40142.472,-0.098302638,-405.646,-0.004130658,-1,-1,0,-0.025358052,0,0.173464537,
2015/9/24,0.02757746,-0.162813792,1.940438238,-0.109301434,-0.086842536,38812.66,39710.61,-0.102502755,-431.862,-0.004200117,-1,-1,0,-0.001905808,0,0.173464537,
2015/9/25,0.028106402,-0.162813792,1.940438238,-0.108275054,-0.086842536,38914.01,39357.588,-0.105242743,-353.022,-0.002739988,-1,-1,0,0.002607858,0,0.173464537,
2015/9/28,0.02187345,-0.155322541,1.882498926,-0.114145795,-0.086842536,38226.65,38945.084,-0.110315051,-412.504,-0.005072308,-1,-1,0,-0.017821424,0,0.173464537,
2015/9/29,0.021557161,-0.155322541,1.882498926,-0.11474121,-0.112095445,37670.25,38502.054,-0.111676114,-443.03,-0.001361063,-1,-1,0,-0.014662258,0,0.173464537,
2015/9/30,0.028810743,-0.155322541,1.882498926,-0.101086348,-0.112095445,38409.93,38406.7,-0.109509968,-95.354,0.002166146,-1,1,0,0.019445362,0,0.173464537,
2015/10/8,0.030691201,-0.155322541,1.882498926,-0.097546388,-0.112095445,38920.68,38428.304,-0.107158959,21.604,0.002351009,0,1,1,0.013209709,0.013209709,0.186674246,
2015/10/9,0.037057821,-0.155322541,1.882498926,-0.085561233,-0.112095445,40055.68,38656.638,-0.102616195,228.334,0.004542764,1,1,0,0.028744757,0,0.186674246,
2015/10/12,0.038570363,-0.152851023,1.879225138,-0.080368627,-0.112095445,40123.89,39036.086,-0.095860761,379.448,0.006755433,1,1,0,0.001701431,0,0.186674246,
2015/10/13,0.038276447,-0.152851023,1.879225138,-0.080920963,-0.03924413,39718.17,39445.67,-0.089096712,409.584,0.006764049,1,1,0,-0.010163152,0,0.186674246,
2015/10/14,0.040563422,-0.152851023,1.879225138,-0.076623221,-0.03924413,39603.17,39684.318,-0.084204086,238.648,0.004892626,1,1,0,-0.0028996,0,0.186674246,
2015/10/15,0.044034832,-0.152851023,1.879225138,-0.070099661,-0.03924413,39963.95,39892.972,-0.078714741,208.654,0.005489346,1,1,0,0.009068632,0,0.186674246,
2015/10/16,0.044844773,-0.152851023,1.879225138,-0.068577598,-0.03924413,39509.42,39783.72,-0.075318014,-109.252,0.003396727,-1,1,0,-0.011438673,0,0.186674246,
2015/10/19,0.042889266,-0.151305187,1.884997584,-0.070459025,-0.03924413,39360.01,39630.944,-0.073336094,-152.776,0.00198192,-1,1,1,-0.003788798,-0.003788798,0.182885448,
2015/10/20,0.042249104,-0.151305187,1.884997584,-0.071665728,-0.028122948,39157.58,39518.826,-0.071485047,-112.118,0.001851047,-1,1,1,-0.005156308,-0.005156308,0.17772914,
2015/10/21,0.047821138,-0.151305187,1.884997584,-0.061162458,-0.028122948,38859.4,39370.072,-0.068392894,-148.754,0.003092152,-1,1,1,-0.007644014,-0.007644014,0.170085126,
2015/10/22,0.052823783,-0.151305187,1.884997584,-0.051732485,-0.028122948,39224.09,39222.1,-0.064719459,-147.972,0.003673435,-1,1,1,0.009341095,0.009341095,0.179426221,
2015/10/23,0.05168219,-0.151305187,1.884997584,-0.053884384,-0.028122948,39663.85,39252.986,-0.061780816,30.886,0.002938643,1,1,1,0.011149095,0.011149095,0.190575315,
2015/10/26,0.05495099,-0.149459181,1.88710566,-0.045760858,-0.028122948,39008.36,39182.656,-0.056841183,-70.33,0.004939634,-1,1,0,-0.016664211,0,0.190575315,
2015/10/27,0.057304002,-0.149459181,1.88710566,-0.041320474,-0.005116122,39244.14,39199.968,-0.050772132,17.312,0.006069051,0,1,1,0.006026152,0.006026152,0.196601467,
2015/10/28,0.056104651,-0.149459181,1.88710566,-0.043583778,-0.005116122,38843.85,39196.858,-0.047256396,-3.11,0.003515736,0,1,0,-0.010252371,0,0.196601467,
2015/10/29,0.051925191,-0.149459181,1.88710566,-0.051470859,-0.005116122,38946.17,39141.274,-0.047204071,-55.584,5.23E-05,0,0,0,0.002630673,0,0.196601467,
2015/10/30,0.048271587,-0.149459181,1.88710566,-0.058365596,-0.005116122,38764.45,38961.394,-0.048100313,-179.88,-0.000896242,-1,-1,0,-0.004676847,0,0.196601467,
2015/11/2,0.04765899,-0.148342236,1.908737049,-0.057373755,-0.005116122,38495.41,38858.804,-0.050422893,-102.59,-0.00232258,-1,-1,0,-0.006964576,0,0.196601467,
2015/11/3,0.050448944,-0.148342236,1.908737049,-0.052048467,-0.071215218,38423.38,38694.652,-0.052568491,-164.152,-0.002145599,-1,-1,0,-0.001872885,0,0.196601467,
2015/11/4,0.053189579,-0.148342236,1.908737049,-0.046817316,-0.071215218,38813.37,38688.556,-0.053215199,-6.096,-0.000646708,0,-1,0,0.010098646,0,0.196601467,
2015/11/5,0.042858538,-0.148342236,1.908737049,-0.066536558,-0.071215218,38208.65,38541.052,-0.056228338,-147.504,-0.00301314,-1,-1,0,-0.015702845,0,0.196601467,
2015/11/6,0.038506289,-0.148342236,1.908737049,-0.074843856,-0.071215218,38015.35,38391.232,-0.05952399,-149.82,-0.003295652,-1,-1,0,-0.005071904,0,0.196601467,
2015/11/9,0.03759942,-0.14820518,1.926337763,-0.075775998,-0.071215218,37604.77,38213.104,-0.063204439,-178.128,-0.003680448,-1,-1,0,-0.010859121,0,0.196601467,
2015/11/10,0.031179477,-0.14820518,1.926337763,-0.088142976,-0.157748229,37547.13,38037.854,-0.07042334,-175.25,-0.007218902,-1,-1,0,-0.00153396,0,0.196601467,
2015/11/11,0.032216289,-0.14820518,1.926337763,-0.086145727,-0.157748229,37069.9,37689.16,-0.078289023,-348.694,-0.007865682,-1,-1,0,-0.012791624,0,0.196601467,
2015/11/12,0.023977161,-0.14820518,1.926337763,-0.10201707,-0.157748229,37274.31,37502.292,-0.085385125,-186.868,-0.007096103,-1,-1,0,0.00549903,0,0.196601467,
2015/11/13,0.024971525,-0.14820518,1.926337763,-0.100101588,-0.157748229,36216.24,37142.47,-0.090436672,-359.822,-0.005051546,-1,-1,0,-0.028796712,0,0.196601467,
2015/11/16,0.020617111,-0.148785343,1.902116514,-0.109569195,-0.157748229,36003.66,36822.248,-0.097195311,-320.222,-0.00675864,-1,-1,0,-0.005887037,0,0.196601467,
2015/11/17,0.0216958,-0.148785343,1.902116514,-0.107517403,-0.151467972,34969.06,36306.634,-0.101070197,-515.614,-0.003874885,-1,-1,0,-0.029156929,0,0.196601467,
2015/11/18,0.019180801,-0.148785343,1.902116514,-0.112301225,-0.151467972,34861.59,35864.972,-0.106301296,-441.662,-0.0052311,-1,-1,0,-0.00307802,0,0.196601467,
2015/11/19,0.016570845,-0.148785343,1.902116514,-0.117265665,-0.151467972,34734.31,35356.972,-0.109351015,-508,-0.003049719,-1,-1,0,-0.003657691,0,0.196601467,
2015/11/20,0.016037542,-0.148785343,1.902116514,-0.11828007,-0.151467972,34860.69,35085.862,-0.112986712,-271.11,-0.003635696,-1,-1,0,0.003631874,0,0.196601467,
2015/11/23,0.020482847,-0.151373889,1.912716119,-0.112196018,-0.151467972,33450.73,34575.276,-0.113512076,-510.586,-0.000525365,-1,-1,0,-0.041286223,0,0.196601467,
2015/11/24,0.019621188,-0.151373889,1.912716119,-0.113844126,-0.181343616,33802.17,34341.898,-0.114777421,-233.378,-0.001265345,-1,-1,0,0.010451392,0,0.196601467,
2015/11/25,0.017444364,-0.151373889,1.912716119,-0.118007773,-0.181343616,34582.3,34286.04,-0.11591873,-55.858,-0.00114131,0,-1,0,0.022816989,0,0.196601467,
2015/11/26,0.013427007,-0.151373889,1.912716119,-0.125691837,-0.181343616,35143.62,34367.902,-0.117603965,81.862,-0.001685234,1,-1,0,0.016101103,0,0.196601467,
2015/11/27,0.009138669,-0.151373889,1.912716119,-0.133894209,-0.181343616,35332.45,34462.254,-0.120726792,94.352,-0.003122828,1,-1,-1,0.005358711,-0.005358711,0.191242756,
2015/11/30,0.013506794,-0.153129146,1.939296134,-0.126935473,-0.181343616,34744.67,34721.042,-0.123674684,258.788,-0.002947891,1,-1,-1,-0.016775626,0.016775626,0.208018382,
2015/12/1,0.012238495,-0.153129146,1.939296134,-0.129395079,-0.189749442,35058.32,34972.272,-0.126784874,251.23,-0.003110191,1,-1,-1,0.008986782,-0.008986782,0.199031601,
2015/12/2,0.008257118,-0.153129146,1.939296134,-0.137116149,-0.189749442,34886.5,35033.112,-0.130606549,60.84,-0.003821675,1,-1,-1,-0.004913026,0.004913026,0.203944626,
2015/12/3,0.009550262,-0.153129146,1.939296134,-0.13460836,-0.189749442,34376.72,34879.732,-0.132389854,-153.38,-0.001783305,-1,-1,-1,-0.014720344,0.014720344,0.21866497,
2015/12/4,0.012924953,-0.153129146,1.939296134,-0.128063835,-0.189749442,34592.01,34731.644,-0.131223779,-148.088,0.001166075,-1,1,0,0.006243139,0,0.21866497,
2015/12/7,0.009587166,-0.156023439,2.018969458,-0.136667244,-0.189749442,35287.29,34840.168,-0.133170134,108.524,-0.001946354,1,-1,1,0.019900112,0.019900112,0.238565082,
2015/12/8,0.009418451,-0.156023439,2.018969458,-0.137007875,-0.190752477,34675.52,34763.608,-0.134692693,-76.56,-0.001522559,-1,-1,-1,-0.01748888,0.01748888,0.256053962,
2015/12/9,0.012521196,-0.156023439,2.018969458,-0.130743528,-0.190752477,34996.58,34785.624,-0.133418168,22.016,0.001274524,0,1,0,0.00921638,0,0.256053962,
2015/12/10,0.011519822,-0.156023439,2.018969458,-0.13276527,-0.190752477,34886.08,34887.496,-0.13304955,101.872,0.000368618,1,0,0,-0.003162447,0,0.256053962,
2015/12/11,0.014736672,-0.156023439,2.018969458,-0.126270548,-0.190752477,35918.51,35152.796,-0.132690893,265.3,0.000358657,1,0,0,0.029164866,0,0.256053962,
2015/12/14,0.007337867,-0.159248362,2.057064588,-0.144153897,-0.190752477,36094.49,35314.236,-0.134188224,161.44,-0.001497331,1,-1,0,0.004887461,0,0.256053962,
2015/12/15,-0.003225687,-0.159248362,2.057064588,-0.165883809,-0.182551004,35589.02,35496.936,-0.13996341,182.7,-0.005775187,1,-1,-1,-0.014103059,0.014103059,0.270157021,
2015/12/16,-0.000166161,-0.159248362,2.057064588,-0.159590167,-0.182551004,35424.62,35582.544,-0.145732738,85.608,-0.005769328,1,-1,-1,-0.004630105,0.004630105,0.274787125,
2015/12/17,-0.001041904,-0.159248362,2.057064588,-0.161391626,-0.182551004,35095.36,35624.4,-0.151458009,41.856,-0.005725271,1,-1,-1,-0.009338131,0.009338131,0.284125256,
2015/12/18,0.009923035,-0.159248362,2.057064588,-0.13883604,-0.182551004,35742.63,35589.224,-0.153971108,-35.176,-0.002513098,0,-1,-1,0.018275166,-0.018275166,0.26585009,
2015/12/21,0.016028292,-0.161558785,2.063653765,-0.12848194,-0.182551004,36188.84,35608.094,-0.150836716,18.87,0.003134392,0,1,0,0.01240669,0,0.26585009,
2015/12/22,0.012657511,-0.161558785,2.063653765,-0.135438065,-0.178244521,36279.82,35746.254,-0.144747568,138.16,0.006089149,1,1,0,0.00251088,0,0.26585009,
2015/12/23,0.012657511,-0.161558785,2.063653765,-0.135438065,-0.178244521,36302.59,35921.848,-0.139917147,175.594,0.00483042,1,1,0,0.000627425,0,0.26585009,
2015/12/24,0.015316768,-0.161558785,2.063653765,-0.129950279,-0.178244521,36089.47,36120.67,-0.133628878,198.822,0.006288269,1,1,0,-0.005887956,0,0.26585009,
2015/12/29,0.018309886,-0.161558785,2.063653765,-0.12377352,-0.179534734,36192.79,36210.702,-0.130616374,90.032,0.003012504,1,1,0,0.002858795,0,0.26585009,
2015/12/30,0.018943861,-0.161617322,2.025115093,-0.123253823,-0.179534734,36386.6,36250.254,-0.129570751,39.552,0.001045623,1,1,0,0.005340647,0,0.26585009,
2015/12/31,0.021682609,-0.161617322,2.025115093,-0.117707544,-0.179534734,36539.76,36302.242,-0.126024646,51.988,0.003546104,1,1,0,0.004200408,0,0.26585009,
2016/1/4,0.013687672,-0.161617322,2.025115093,-0.13389821,-0.179534734,35970.86,36235.896,-0.125716675,-66.346,0.000307971,-1,0,0,-0.015691817,0,0.26585009,
2016/1/5,0.018886275,-0.165406857,2.166308377,-0.124493362,-0.185154145,36493.97,36316.796,-0.124625292,80.9,0.001091384,1,1,0,0.014437875,0,0.26585009,
2016/1/6,0.015736007,-0.165406857,2.166308377,-0.131317813,-0.185154145,36226.7,36323.578,-0.12613415,6.782,-0.001508859,0,-1,0,-0.007350625,0,0.26585009,
2016/1/7,0.007007185,-0.165406857,2.166308377,-0.150227134,-0.185154145,36073.79,36261.016,-0.131528813,-62.562,-0.005394662,-1,-1,0,-0.004229853,0,0.26585009,
2016/1/8,0.004699871,-0.165406857,2.166308377,-0.155225488,-0.185154145,35666.97,36086.458,-0.139032402,-174.558,-0.007503589,-1,-1,0,-0.011341512,0,0.26585009,
2016/1/11,-0.000675657,-0.168289636,2.253981155,-0.169812555,-0.185154145,34776.84,35847.654,-0.14621527,-238.804,-0.007182869,-1,-1,0,-0.025273402,0,0.26585009,
2016/1/12,-0.002998575,-0.168289636,2.253981155,-0.175048369,-0.217161017,34619.77,35472.814,-0.156326272,-374.84,-0.010111001,-1,-1,0,-0.004526742,0,0.26585009,
2016/1/13,-0.001897959,-0.168289636,2.253981155,-0.172567601,-0.217161017,34771.74,35181.822,-0.164576229,-290.992,-0.008249958,-1,-1,0,0.004380082,0,0.26585009,
2016/1/14,-0.0022084,-0.168289636,2.253981155,-0.173267328,-0.217161017,34889.63,34944.99,-0.169184268,-236.832,-0.004608039,-1,-1,0,0.003384662,0,0.26585009,
2016/1/15,-0.006774597,-0.168289636,2.253981155,-0.18355945,-0.217161017,34770.57,34765.71,-0.174851061,-179.28,-0.005666792,-1,-1,0,-0.003418311,0,0.26585009,
2016/1/18,-0.005104544,-0.171099395,2.341523934,-0.183051806,-0.217161017,34947.43,34799.828,-0.177498911,34.118,-0.00264785,1,-1,0,0.005073593,0,0.26585009,
2016/1/19,0.000657165,-0.171099395,2.341523934,-0.169560628,-0.218108547,35331.98,34942.27,-0.176401363,142.442,0.001097548,1,1,-1,0.01094357,-0.01094357,0.254906519,
2016/1/20,-0.00220931,-0.171099395,2.341523934,-0.176272546,-0.218108547,35050.32,34997.986,-0.177142352,55.716,-0.000740989,1,-1,0,-0.00800376,0,0.254906519,
2016/1/21,0.002748164,-0.171099395,2.341523934,-0.164664503,-0.218108547,34826.51,34985.362,-0.175421787,-12.624,0.001720565,0,1,-1,-0.006405865,0.006405865,0.261312384,
2016/1/22,0.003696969,-0.171099395,2.341523934,-0.162442854,-0.218108547,35184.59,35068.166,-0.171198468,82.804,0.004223319,1,1,0,0.010229324,0,0.261312384,
2016/1/25,0.00663492,-0.17412149,2.467095766,-0.157752508,-0.218108547,35042.29,35087.138,-0.166138608,18.972,0.00505986,0,1,0,-0.004052585,0,0.261312384,
2016/1/26,0.019396243,-0.17412149,2.467095766,-0.126269101,-0.181503204,35116.81,35044.104,-0.157480302,-43.034,0.008658305,0,1,0,0.002124315,0,0.261312384,
2016/1/27,0.025286815,-0.17412149,2.467095766,-0.111736496,-0.181503204,35821.07,35198.254,-0.144573092,154.15,0.01290721,1,1,0,0.019856335,0,0.261312384,
2016/1/28,0.022008578,-0.17412149,2.467095766,-0.119824222,-0.181503204,35641.06,35361.164,-0.135605036,162.91,0.008968056,1,1,0,-0.005037924,0,0.261312384,
2016/1/29,0.029105731,-0.17412149,2.467095766,-0.102314864,-0.181503204,35730.49,35470.344,-0.123579438,109.18,0.012025598,1,1,0,0.002506042,0,0.261312384,
2016/2/1,0.029426111,-0.176974047,2.549781481,-0.101943895,-0.181503204,35536.37,35569.16,-0.112417716,98.816,0.011161723,1,1,0,-0.005447707,0,0.261312384,
2016/2/2,0.035155259,-0.176974047,2.549781481,-0.087335819,-0.176074216,35756.83,35697.164,-0.104631059,128.004,0.007786656,1,1,0,0.006184621,0,0.261312384,
2016/2/3,0.039449726,-0.176974047,2.549781481,-0.076385868,-0.176074216,35810.52,35695.054,-0.097560933,-2.11,0.007070126,0,1,0,0.001500405,0,0.261312384,
2016/2/4,0.029462975,-0.176974047,2.549781481,-0.1018499,-0.176074216,36506.4,35868.122,-0.093966069,173.068,0.003594864,1,1,0,0.019245883,0,0.261312384,
2016/2/5,0.033000926,-0.176974047,2.549781481,-0.092828897,-0.176074216,36495.45,36021.114,-0.092068876,152.992,0.001897193,1,1,0,-0.000299992,0,0.261312384,
2016/2/15,0.024063456,-0.179140728,2.53693836,-0.118093223,-0.176074216,35780.94,36070.028,-0.095298741,48.914,-0.003229866,1,-1,0,-0.019772246,0,0.261312384,
2016/2/16,0.019627657,-0.179140728,2.53693836,-0.129346573,-0.143032789,35772.82,36073.226,-0.103700892,3.198,-0.008402151,0,-1,-1,-0.000226962,0.000226962,0.261539346,
2016/2/17,0.021354945,-0.179140728,2.53693836,-0.124964548,-0.143032789,35514.06,36013.934,-0.113416628,-59.292,-0.009715736,0,-1,0,-0.007259713,0,0.261539346,
2016/2/18,0.022945769,-0.179140728,2.53693836,-0.120928727,-0.143032789,35736.14,35859.882,-0.117232394,-154.052,-0.003815765,-1,-1,0,0.006233827,0,0.261539346,
2016/2/19,0.022934814,-0.179140728,2.53693836,-0.120956518,-0.143032789,35940.91,35748.974,-0.122857918,-110.908,-0.005625524,-1,-1,0,0.005713699,0,0.261539346,
2016/2/22,0.026450741,-0.180104154,2.38673037,-0.116973367,-0.143032789,36400.76,35872.938,-0.122633947,123.964,0.000223971,1,0,0,0.012713453,0,0.261539346,
2016/2/23,0.02838185,-0.180104154,2.38673037,-0.112364331,-0.132228119,36242.13,35966.8,-0.119237498,93.862,0.003396448,1,1,0,-0.004367399,0,0.261539346,
2016/2/24,0.029480632,-0.180104154,2.38673037,-0.109741833,-0.132228119,35855.21,36035.03,-0.116192955,68.23,0.003044543,1,1,0,-0.01073337,0,0.261539346,
2016/2/25,0.03464132,-0.180104154,2.38673037,-0.097424663,-0.132228119,35965.98,36080.998,-0.111492143,45.968,0.004700813,1,1,0,0.003084607,0,0.261539346,
2016/2/26,0.045515705,-0.180104154,2.38673037,-0.07147044,-0.132228119,35877.72,36068.36,-0.101594927,-12.638,0.009897216,0,1,0,-0.002457002,0,0.261539346,
2016/2/29,0.051565121,-0.187442122,2.632294149,-0.051707555,-0.132228119,35866.83,35961.574,-0.088541765,-106.786,0.013053162,-1,1,0,-0.000303577,0,0.261539346,
2016/3/1,0.055053929,-0.187442122,2.632294149,-0.042523988,-0.153840385,36010.97,35915.342,-0.074573696,-46.232,0.013968069,0,1,1,0.004010701,0.004010701,0.265550048,
2016/3/2,0.057740292,-0.187442122,2.632294149,-0.035452691,-0.153840385,36910.95,36126.49,-0.059715867,211.148,0.014857829,1,1,0,0.024684641,0,0.265550048,
2016/3/3,0.056048767,-0.187442122,2.632294149,-0.039905281,-0.153840385,36985.31,36330.356,-0.048211991,203.866,0.011503876,1,1,0,0.002012552,0,0.265550048,
2016/3/4,0.057278698,-0.187442122,2.632294149,-0.03666774,-0.153840385,37935.72,36741.956,-0.041251451,411.6,0.00696054,1,1,0,0.025372342,0,0.265550048,
2016/3/7,0.058984252,-0.189085098,2.636300082,-0.033584909,-0.153840385,38088.26,37186.242,-0.037626922,444.286,0.003624529,1,1,0,0.00401295,0,0.265550048,
2016/3/8,0.059964803,-0.189085098,2.636300082,-0.030999882,-0.017349055,37748.98,37533.844,-0.035322101,347.602,0.002304821,1,1,0,-0.008947643,0,0.265550048,
2016/3/9,0.06537,-0.189085098,2.636300082,-0.016750161,-0.017349055,37328.67,37617.388,-0.031581595,83.544,0.003740506,1,1,0,-0.011196791,0,0.265550048,
2016/3/10,0.068036141,-0.189085098,2.636300082,-0.009721414,-0.017349055,37316.42,37683.61,-0.025544821,66.222,0.006036773,1,1,0,-0.00032822,0,0.265550048,
2016/3/11,0.070916123,-0.189085098,2.636300082,-0.002128918,-0.017349055,37724.4,37641.346,-0.018637057,-42.264,0.006907764,0,1,0,0.010873656,0,0.265550048,
2016/3/14,0.075533148,-0.186298419,2.269800957,-0.014853207,-0.017349055,37752.56,37574.206,-0.014890716,-67.14,0.00374634,-1,1,0,0.000746188,0,0.265550048,
2016/3/15,0.083312394,-0.186298419,2.269800957,0.002804132,-0.003117822,37285.53,37481.516,-0.008129913,-92.69,0.006760803,-1,1,1,-0.012447972,-0.012447972,0.253102076,
2016/3/16,0.084076316,-0.186298419,2.269800957,0.004538082,-0.003117822,37597.74,37535.33,-0.003872265,53.814,0.004257649,1,1,1,0.008338626,0.008338626,0.261440702,
2016/3/17,0.087776544,-0.186298419,2.269800957,0.012936865,-0.003117822,37964.89,37665.024,0.000659391,129.694,0.004531656,1,1,0,0.009717843,0,0.261440702,
2016/3/18,0.089865573,-0.186298419,2.269800957,0.017678544,-0.003117822,38415.55,37803.254,0.004620883,138.23,0.003961492,1,1,0,0.01180054,0,0.261440702,
2016/3/21,0.092927527,-0.189707484,2.442169657,0.037237302,-0.003117822,38190.04,37890.75,0.015038985,87.496,0.010418102,1,1,0,-0.005887577,0,0.261440702,
2016/3/22,0.095260127,-0.189707484,2.442169657,0.042933909,0.00515218,38186.73,38070.99,0.02306494,180.24,0.008025955,1,1,0,-8.67E-05,0,0.261440702,
2016/3/23,0.093228694,-0.189707484,2.442169657,0.037972803,0.00515218,38193.46,38190.134,0.029751884,119.144,0.006686944,1,1,0,0.000176224,0,0.261440702,
2016/3/24,0.092857114,-0.189707484,2.442169657,0.037065342,0.00515218,37672.65,38131.686,0.03457758,-58.448,0.004825695,0,1,0,-0.01372993,0,0.261440702,
2016/3/29,0.088570601,-0.189707484,2.442169657,0.02659695,-0.023696962,37571.44,37962.864,0.036361261,-168.822,0.001783681,-1,1,0,-0.00269018,0,0.261440702,
2016/3/30,0.083129609,-0.191414703,2.444168307,0.011768053,-0.023696962,37006.17,37726.09,0.031267411,-236.774,-0.00509385,-1,-1,1,-0.015159532,-0.015159532,0.24628117,
2016/3/31,0.083487355,-0.191414703,2.444168307,0.012642445,-0.023696962,36871.98,37463.14,0.025209118,-262.95,-0.006058293,-1,-1,0,-0.003632742,0,0.24628117,
2016/4/1,0.082341645,-0.191414703,2.444168307,0.009842135,-0.023696962,37127.41,37249.93,0.019582985,-213.21,-0.005626134,-1,-1,0,0.006903598,0,0.24628117,
2016/4/5,0.070333109,-0.193032184,2.398304495,-0.024351972,-0.052279348,36745.47,37064.494,0.007299522,-185.436,-0.012283463,-1,-1,0,-0.010340558,0,0.24628117,
2016/4/6,0.070487927,-0.193032184,2.398304495,-0.023980673,-0.052279348,36731.77,36896.56,-0.002816002,-167.934,-0.010115525,-1,-1,0,-0.000372905,0,0.24628117,
2016/4/7,0.066317507,-0.193032184,2.398304495,-0.033982608,-0.052279348,36652.75,36825.876,-0.011966134,-70.684,-0.009150132,-1,-1,0,-0.002153589,0,0.24628117,
2016/4/8,0.060968667,-0.193032184,2.398304495,-0.046810756,-0.052279348,35768.2,36605.12,-0.023856775,-220.756,-0.01189064,-1,-1,0,-0.024429229,0,0.24628117,
2016/4/11,0.05510234,-0.193514979,2.324658046,-0.06542088,-0.052279348,35833.06,36346.25,-0.038909378,-258.87,-0.015052603,-1,-1,0,0.0018117,0,0.24628117,
2016/4/12,0.05680707,-0.193514979,2.324658046,-0.061457967,-0.110919517,35990.78,36195.312,-0.046330577,-150.938,-0.007421199,-1,-1,0,0.004391864,0,0.24628117,
2016/4/13,0.056222053,-0.193514979,2.324658046,-0.062817932,-0.110919517,36835.41,36216.04,-0.054098029,20.728,-0.007767452,0,-1,0,0.023196816,0,0.24628117,
2016/4/14,0.059077546,-0.193514979,2.324658046,-0.056179887,-0.110919517,36831.03,36251.696,-0.058537484,35.656,-0.004439456,1,-1,0,-0.000118914,0,0.24628117,
2016/4/15,0.059381435,-0.193514979,2.324658046,-0.055473449,-0.110919517,36767.94,36451.644,-0.060270023,199.948,-0.001732539,1,-1,-1,-0.001714427,0.001714427,0.247995597,
2016/4/18,0.062730604,-0.196311241,2.3399294,-0.049526056,-0.110919517,36601.41,36605.314,-0.057091058,153.67,0.003178965,1,1,-1,-0.004539506,0.004539506,0.252535102,
2016/4/19,0.070225331,-0.196311241,2.3399294,-0.031988925,-0.121431862,36904.23,36788.004,-0.05119725,182.69,0.005893808,1,1,0,0.008239414,0,0.252535102,
2016/4/20,0.07342641,-0.196311241,2.3399294,-0.024498626,-0.121431862,37346.19,36890.16,-0.043533388,102.156,0.007663861,1,1,0,0.01190472,0,0.252535102,
2016/4/21,0.071941487,-0.196311241,2.3399294,-0.027973241,-0.121431862,38105.94,37145.142,-0.037892059,254.982,0.005641329,1,1,0,0.020139277,0,0.252535102,
2016/4/22,0.075562701,-0.196311241,2.3399294,-0.019499855,-0.121431862,37961.83,37383.92,-0.030697341,238.778,0.007194719,1,1,0,-0.003788994,0,0.252535102,
2016/4/25,0.077906066,-0.197614559,2.29375268,-0.018917311,-0.121431862,38129.49,37689.536,-0.024575592,305.616,0.006121749,1,1,0,0.004406817,0,0.252535102,
2016/4/26,0.077647849,-0.197614559,2.29375268,-0.019509598,-0.046850526,37710.84,37850.858,-0.022079726,161.322,0.002495865,1,1,0,-0.011040412,0,0.252535102,
2016/4/27,0.078336892,-0.197614559,2.29375268,-0.017929102,-0.046850526,37628.81,37907.382,-0.020765821,56.524,0.001313905,1,1,0,-0.002177606,0,0.252535102,
2016/4/28,0.08347244,-0.197614559,2.29375268,-0.006149426,-0.046850526,37269.31,37740.056,-0.016401058,-167.326,0.004364763,-1,1,0,-0.009599781,0,0.252535102,
2016/4/29,0.083927992,-0.197614559,2.29375268,-0.005104502,-0.046850526,37660.54,37679.798,-0.013521988,-60.258,0.002879071,0,1,1,0.010442662,0.010442662,0.262977765,
2016/5/3,0.082692577,-0.199634298,2.176953558,-0.019616397,-0.042276349,37889.28,37631.756,-0.013661805,-48.042,-0.000139817,0,-1,0,0.006055361,0,0.262977765,
2016/5/4,0.07905327,-0.199634298,2.176953558,-0.027539001,-0.042276349,37226.76,37534.94,-0.015267686,-96.816,-0.001605881,-1,-1,0,-0.017640365,0,0.262977765,
2016/5/5,0.076574185,-0.199634298,2.176953558,-0.032935853,-0.042276349,36849.63,37379.104,-0.018269036,-155.836,-0.00300135,-1,-1,0,-0.01018228,0,0.262977765,
2016/5/6,0.07543559,-0.199634298,2.176953558,-0.035414521,-0.042276349,36620.21,37249.284,-0.024122055,-129.82,-0.005853019,-1,-1,0,-0.006245304,0,0.262977765,
2016/5/9,0.067537291,-0.201736771,2.1710825,-0.055107741,-0.042276349,35861.62,36889.5,-0.034122703,-359.784,-0.010000648,-1,-1,0,-0.020932631,0,0.262977765,
2016/5/10,0.066903491,-0.201736771,2.1710825,-0.056483773,-0.123538708,35958.42,36503.328,-0.041496178,-386.172,-0.007373475,-1,-1,0,0.002695628,0,0.262977765,
2016/5/11,0.066899312,-0.201736771,2.1710825,-0.056492845,-0.123538708,35984.77,36254.93,-0.047286947,-248.398,-0.005790769,-1,-1,0,0.000732522,0,0.262977765,
2016/5/12,0.060930118,-0.201736771,2.1710825,-0.069452457,-0.123538708,36263.22,36137.648,-0.054590267,-117.282,-0.007303321,-1,-1,0,0.007708211,0,0.262977765,
2016/5/13,0.061559881,-0.201736771,2.1710825,-0.068085192,-0.123538708,35504.72,35914.55,-0.061124402,-223.098,-0.006534134,-1,-1,0,-0.021138359,0,0.262977765,
2016/5/16,0.06072256,-0.203827621,2.169135542,-0.072112158,-0.123538708,35632.66,35868.758,-0.064525285,-45.792,-0.003400883,0,-1,0,0.003596988,0,0.262977765,
2016/5/17,0.055414398,-0.203827621,2.169135542,-0.083626282,-0.150848851,35914.75,35860.024,-0.069953787,-8.734,-0.005428502,0,-1,0,0.007885442,0,0.262977765,
2016/5/18,0.051526952,-0.203827621,2.169135542,-0.092058677,-0.150848851,35399.25,35742.92,-0.077066953,-117.104,-0.007113166,-1,-1,0,-0.014457441,0,0.262977765,
2016/5/19,0.050431625,-0.203827621,2.169135542,-0.094434592,-0.150848851,35204.2,35531.116,-0.08206338,-211.804,-0.004996427,-1,-1,0,-0.00552524,0,0.262977765,
2016/5/20,0.050914225,-0.203827621,2.169135542,-0.093387767,-0.150848851,35335.2,35497.212,-0.087123895,-33.904,-0.005060515,0,-1,0,0.003714241,0,0.262977765,
2016/5/23,0.048789781,-0.206524164,2.112204299,-0.103470179,-0.150848851,35173.65,35405.41,-0.093395499,-91.802,-0.006271604,-1,-1,0,-0.004582412,0,0.262977765,
2016/5/24,0.051257519,-0.206524164,2.112204299,-0.098257812,-0.195245025,35181.8,35258.82,-0.096321805,-146.59,-0.002926306,-1,-1,0,0.000231681,0,0.262977765,
2016/5/25,0.049153676,-0.206524164,2.112204299,-0.102701558,-0.195245025,35493.11,35277.592,-0.098450381,18.772,-0.002128576,0,-1,0,0.00880969,0,0.262977765,
2016/5/26,0.049695457,-0.206524164,2.112204299,-0.101557205,-0.195245025,36051.73,35447.098,-0.099874904,169.506,-0.001424523,1,-1,0,0.015616258,0,0.262977765,
2016/5/27,0.05297621,-0.206524164,2.112204299,-0.094627585,-0.195245025,35878.7,35555.798,-0.100122868,108.7,-0.000247964,1,-1,-1,-0.004811047,0.004811047,0.267788811,
2016/5/31,0.053842063,-0.210242308,2.076936221,-0.098415777,-0.178820788,35781.37,35677.342,-0.099111987,121.544,0.00101088,1,1,-1,-0.002716438,0.002716438,0.270505249,
2016/6/1,0.047572044,-0.210242308,2.076936221,-0.111438208,-0.178820788,35211.47,35683.276,-0.101748067,5.934,-0.002636079,0,-1,0,-0.016055485,0,0.270505249,
2016/6/2,0.046474053,-0.210242308,2.076936221,-0.113718664,-0.178820788,35297.31,35644.116,-0.103951488,-39.16,-0.002203421,0,-1,0,0.002434875,0,0.270505249,
2016/6/3,0.051314365,-0.210242308,2.076936221,-0.103665645,-0.178820788,35723.53,35578.476,-0.104373176,-65.64,-0.000421688,-1,-1,0,0.012002818,0,0.270505249,
2016/6/6,0.050724112,-0.212613642,1.986636045,-0.111843292,-0.178820788,36264.05,35655.546,-0.107816317,77.07,-0.003443142,1,-1,0,0.015017317,0,0.270505249,
2016/6/7,0.041040159,-0.212613642,1.986636045,-0.131081783,-0.172397303,35859.62,35671.196,-0.114349518,15.65,-0.006533201,0,-1,-1,-0.011215021,0.011215021,0.28172027,
2016/6/8,0.042319792,-0.212613642,1.986636045,-0.128539618,-0.172397303,35273.97,35683.696,-0.1177698,12.5,-0.003420282,0,-1,0,-0.016466573,0,0.28172027,
2016/6/13,0.013661963,-0.212613642,1.986636045,-0.185472294,-0.172397303,35267.71,35677.776,-0.132120527,-5.92,-0.014350726,0,-1,0,-0.000177484,0,0.28172027,
2016/6/14,0.011243347,-0.212613642,1.986636045,-0.190277204,-0.187438041,35131.06,35559.282,-0.149442838,-118.494,-0.017322312,-1,-1,0,-0.003882175,0,0.28172027,
2016/6/15,0.016725125,-0.214463079,1.936389013,-0.18207673,-0.187438041,35331.19,35372.71,-0.163489526,-186.572,-0.014046688,-1,-1,0,0.005680504,0,0.28172027,
2016/6/16,0.007134109,-0.214463079,1.936389013,-0.200648668,-0.187438041,35402.9,35281.366,-0.177402903,-91.344,-0.013913377,-1,-1,0,0.002027594,0,0.28172027,
2016/6/17,0.008785184,-0.214463079,1.936389013,-0.197451545,-0.187438041,35565.72,35339.716,-0.191185288,58.35,-0.013782385,1,-1,0,0.004588515,0,0.28172027,
2016/6/20,0.010597721,-0.215620648,1.936246438,-0.195100849,-0.187438041,35459.77,35378.128,-0.193110999,38.412,-0.001925711,1,-1,-1,-0.002983438,0.002983438,0.284703708,
2016/6/21,0.018131125,-0.215620648,1.936246438,-0.180514321,-0.152768305,35553.25,35462.566,-0.191158422,84.438,0.001952577,1,1,-1,0.002632758,-0.002632758,0.28207095,
2016/6/22,0.024034852,-0.215620648,1.936246438,-0.169083252,-0.152768305,36232.43,35642.814,-0.188559727,180.248,0.002598696,1,1,0,0.018923002,0,0.28207095,
2016/6/23,0.041411351,-0.215620648,1.936246438,-0.135438066,-0.152768305,36266.41,35815.516,-0.175517607,172.702,0.01304212,1,1,0,0.000937394,0,0.28207095,
2016/6/24,0.049420598,-0.215620648,1.936246438,-0.119930192,-0.152768305,35948.71,35892.114,-0.160013336,76.598,0.015504271,1,1,0,-0.008798768,0,0.28207095,
2016/6/27,0.049479869,-0.216568587,1.945982905,-0.120281608,-0.152768305,36705.19,36141.198,-0.145049488,249.084,0.014963848,1,1,0,0.020824962,0,0.28207095,
2016/6/28,0.056980009,-0.216568587,1.945982905,-0.105686463,-0.117991746,37179.83,36466.514,-0.130083916,325.316,0.014965572,1,1,0,0.012848248,0,0.28207095,
2016/6/29,0.061406438,-0.216568587,1.945982905,-0.097072708,-0.117991746,37185.63,36657.154,-0.115681807,190.64,0.014402109,1,1,0,0.000155986,0,0.28207095,
2016/6/30,0.065614206,-0.216568587,1.945982905,-0.088884463,-0.117991746,37528.01,36909.474,-0.106371087,252.32,0.009310721,1,1,0,0.009165191,0,0.28207095,
2016/7/1,0.069478452,-0.216568587,1.945982905,-0.081364706,-0.117991746,37286.25,37176.982,-0.09865799,267.508,0.007713097,1,1,0,-0.006462962,0,0.28207095,
2016/7/4,0.070776476,-0.214281928,1.917100447,-0.078596315,-0.117991746,38385.16,37512.976,-0.090320931,335.994,0.008337059,1,1,0,0.029046301,0,0.28207095,
2016/7/5,0.068688435,-0.214281928,1.917100447,-0.082599298,-0.11823399,37770,37631.01,-0.085703498,118.034,0.004617433,1,1,0,-0.01615579,0,0.28207095,
2016/7/6,0.060765028,-0.214281928,1.917100447,-0.097789266,-0.11823399,37394.95,37672.874,-0.08584681,41.864,-0.000143312,1,-1,0,-0.009979468,0,0.28207095,
2016/7/7,0.057193251,-0.214281928,1.917100447,-0.104636721,-0.11823399,36918.18,37550.908,-0.088997261,-121.966,-0.003150452,-1,-1,-1,-0.012831556,0.012831556,0.294902506,
2016/7/8,0.058008736,-0.214281928,1.917100447,-0.103073354,-0.11823399,36626.9,37419.038,-0.093338991,-131.87,-0.00434173,-1,-1,0,-0.00792117,0,0.294902506,
2016/7/11,0.061629982,-0.214510209,1.911188014,-0.096723727,-0.11823399,37024.96,37146.998,-0.096964473,-272.04,-0.003625482,-1,-1,0,0.010809337,0,0.294902506,
2016/7/12,0.063002105,-0.214510209,1.911188014,-0.094101342,-0.085606858,37172.93,37027.584,-0.099264882,-119.414,-0.002300409,-1,-1,0,0.003988528,0,0.294902506,
2016/7/13,0.067673681,-0.214510209,1.911188014,-0.085173081,-0.085606858,38583.74,37265.342,-0.096741645,237.758,0.002523237,1,1,0,0.037250136,0,0.294902506,
2016/7/14,0.070470114,-0.214510209,1.911188014,-0.079828571,-0.085606858,38621.95,37606.096,-0.091780015,340.754,0.00496163,1,1,0,0.000989823,0,0.294902506,
2016/7/15,0.075262103,-0.214510209,1.911188014,-0.070670179,-0.085606858,38482.98,37977.312,-0.08529938,371.216,0.006480635,1,1,0,-0.003604702,0,0.294902506,
2016/7/18,0.076626898,-0.214759906,1.885607215,-0.070271675,-0.085606858,37847.16,38141.752,-0.08000897,164.44,0.00529041,1,1,0,-0.016660122,0,0.294902506,
2016/7/19,0.082555051,-0.214759906,1.885607215,-0.059093506,0.013253796,38302.78,38367.722,-0.073007402,225.97,0.007001567,1,1,0,0.011966534,0,0.294902506,
2016/7/20,0.08396728,-0.214759906,1.885607215,-0.056430598,0.013253796,38328.53,38316.68,-0.067258906,-51.042,0.005748497,0,1,0,0.000672049,0,0.294902506,
2016/7/21,0.087715137,-0.214759906,1.885607215,-0.049363611,0.013253796,38661.89,38324.668,-0.061165914,7.988,0.006092992,0,1,0,0.008659833,0,0.294902506,
2016/7/22,0.089684611,-0.214759906,1.885607215,-0.045649958,0.013253796,38205.44,38269.16,-0.056161869,-55.508,0.005004044,0,1,0,-0.011876446,0,0.294902506,
2016/7/25,0.09477878,-0.220270305,1.981409247,-0.032474753,0.013253796,38187.24,38337.176,-0.048602485,68.016,0.007559384,1,1,0,-0.000476485,0,0.294902506,
2016/7/26,0.097784354,-0.220270305,1.981409247,-0.026519483,0.025739379,37834.36,38243.492,-0.04208768,-93.684,0.006514805,-1,1,0,-0.009283744,0,0.294902506,
2016/7/27,0.095718918,-0.220270305,1.981409247,-0.030611956,0.025739379,37776.9,38133.166,-0.036923952,-110.326,0.005163728,-1,1,1,-0.00151988,-0.00151988,0.293382626,
2016/7/28,0.0944462,-0.220270305,1.981409247,-0.033133732,0.025739379,37863.74,37973.536,-0.033677976,-159.63,0.003245976,-1,1,1,0.002296121,0.002296121,0.295678748,
2016/7/29,0.098414423,-0.220270305,1.981409247,-0.025271057,0.025739379,37520.99,37836.646,-0.029602196,-136.89,0.00407578,-1,1,1,-0.009093416,-0.009093416,0.286585331,
2016/8/1,0.096718073,-0.225118073,2.115255913,-0.020534597,0.025739379,38248.98,37848.994,-0.027214165,12.348,0.002388031,0,1,1,0.019216384,0.019216384,0.305801715,
2016/8/2,0.096717336,-0.225118073,2.115255913,-0.020536157,0.014205132,38001.85,37882.492,-0.0260175,33.498,0.001196665,1,1,0,-0.00648205,0,0.305801715,
2016/8/3,0.097207908,-0.225118073,2.115255913,-0.019498471,0.014205132,37790.12,37885.136,-0.023794803,2.644,0.002222697,0,1,0,-0.00558715,0,0.305801715,
2016/8/4,0.093735469,-0.225118073,2.115255913,-0.026843569,0.014205132,37627.91,37837.97,-0.02253677,-47.166,0.001258033,0,1,0,-0.004301631,0,0.305801715,
2016/8/5,0.089746952,-0.225118073,2.115255913,-0.035280303,0.014205132,37611.94,37856.16,-0.024538619,18.19,-0.002001849,0,-1,0,-0.000424509,0,0.305801715,
2016/8/8,0.09438552,-0.228951091,2.212464771,-0.020126452,0.014205132,37540.4,37714.444,-0.024456991,-141.716,8.16E-05,-1,0,0,-0.001903867,0,0.305801715,
2016/8/9,0.090933699,-0.228951091,2.212464771,-0.027763487,-0.02749911,37231.14,37560.302,-0.025902456,-154.142,-0.001445466,-1,-1,0,-0.008272179,0,0.305801715,
2016/8/10,0.094069235,-0.228951091,2.212464771,-0.020826224,-0.02749911,37476.93,37497.664,-0.026168007,-62.638,-0.00026555,-1,-1,0,0.006580036,0,0.305801715,
2016/8/11,0.091973839,-0.228951091,2.212464771,-0.025462212,-0.02749911,37534.86,37479.054,-0.025891735,-18.61,0.000276271,0,0,0,0.001544558,0,0.305801715,
2016/8/12,0.086304881,-0.228951091,2.212464771,-0.038004583,-0.02749911,37573.29,37471.324,-0.026436592,-7.73,-0.000544856,0,-1,0,0.001023324,0,0.305801715,
2016/8/15,0.086335068,-0.231033857,2.267065949,-0.035306564,-0.02749911,37078.86,37379.016,-0.029472614,-92.308,-0.003036022,-1,-1,0,-0.01324643,0,0.305801715,
2016/8/16,0.09084,-0.231033857,2.267065949,-0.025093587,-0.028132624,37238.73,37380.534,-0.028938634,1.518,0.00053398,0,1,0,0.004302353,0,0.305801715,
2016/8/17,0.089286263,-0.231033857,2.267065949,-0.028616011,-0.028132624,37247.48,37334.644,-0.030496591,-45.89,-0.001557957,0,-1,0,0.000234943,0,0.305801715,
2016/8/18,0.090353077,-0.231033857,2.267065949,-0.026197472,-0.028132624,37393.81,37306.434,-0.030643643,-28.21,-0.000147052,0,-1,0,0.003920891,0,0.305801715,
2016/8/19,0.08727956,-0.231033857,2.267065949,-0.033165339,-0.028132624,37406.75,37273.126,-0.029675795,-33.308,0.000967849,0,1,0,0.000345987,0,0.305801715,
2016/8/22,0.082258903,-0.235140149,2.323495556,-0.044011955,-0.028132624,37150.84,37287.522,-0.031416873,14.396,-0.001741078,0,-1,0,-0.006864787,0,0.305801715,
2016/8/23,0.073785951,-0.235140149,2.323495556,-0.063698821,-0.034683344,37144.44,37268.664,-0.039137919,-18.858,-0.007721047,0,-1,0,-0.000172286,0,0.305801715,
2016/8/24,0.068316652,-0.235140149,2.323495556,-0.076406712,-0.034683344,36680.73,37155.314,-0.04869606,-113.35,-0.00955814,-1,-1,0,-0.012562547,0,0.305801715,
2016/8/25,0.061144556,-0.235140149,2.323495556,-0.093071046,-0.034683344,36400.53,36956.658,-0.062070775,-198.656,-0.013374715,-1,-1,0,-0.007668214,0,0.305801715,
2016/8/26,0.058353468,-0.235140149,2.323495556,-0.099556127,-0.034683344,36456.64,36766.636,-0.075348932,-190.022,-0.013278157,-1,-1,0,0.001540274,0,0.305801715,
2016/8/30,0.048319987,-0.238578288,2.368323973,-0.124140904,-0.116950403,36275.36,36591.54,-0.091374722,-175.096,-0.01602579,-1,-1,0,-0.004984886,0,0.305801715,
2016/8/31,0.047504691,-0.238578288,2.368323973,-0.12607179,-0.116950403,36307.33,36424.118,-0.103849316,-167.422,-0.012474594,-1,-1,0,0.000880926,0,0.305801715,
2016/9/1,0.042122992,-0.238578288,2.368323973,-0.138817396,-0.116950403,36562.07,36400.386,-0.116331453,-23.732,-0.012482137,0,-1,0,0.006991715,0,0.305801715,
2016/9/2,0.038403384,-0.238578288,2.368323973,-0.147626634,-0.116950403,36666.61,36453.602,-0.12724257,53.216,-0.010911118,1,-1,0,0.002855167,0,0.305801715,
2016/9/5,0.033163391,-0.240962669,2.415635196,-0.160852015,-0.116950403,36521.77,36466.628,-0.139501748,13.026,-0.012259178,0,-1,-1,-0.003958011,0.003958011,0.309759725,
2016/9/6,0.030238086,-0.240962669,2.415635196,-0.167918484,-0.14856011,36578.1,36527.176,-0.148257264,60.548,-0.008755516,1,-1,0,0.00154118,0,0.309759725,
2016/9/7,0.029372646,-0.240962669,2.415635196,-0.170009071,-0.14856011,36760.04,36617.718,-0.15704472,90.542,-0.008787456,1,-1,-1,0.004961685,-0.004961685,0.30479804,
2016/9/8,0.028932464,-0.240962669,2.415635196,-0.171072391,-0.14856011,36585.51,36622.406,-0.163495719,4.688,-0.006450999,0,-1,-1,-0.004759125,0.004759125,0.309557166,
2016/9/9,0.022661176,-0.240962669,2.415635196,-0.186221534,-0.14856011,36645.74,36618.232,-0.171214699,-4.174,-0.00771898,0,-1,0,0.001644927,0,0.309557166,
2016/9/12,0.021282127,-0.237278071,2.372768817,-0.186780503,-0.14856011,36184.35,36550.748,-0.176400396,-67.484,-0.005185698,-1,-1,0,-0.012670482,0,0.309557166,
2016/9/13,0.02628044,-0.237278071,2.372768817,-0.174920663,-0.124018731,36612.5,36557.628,-0.177800832,6.88,-0.001400436,0,-1,0,0.011763007,0,0.309557166,
2016/9/14,0.036373743,-0.237278071,2.372768817,-0.150971588,-0.124018731,36726.19,36550.858,-0.173993336,-6.77,0.003807497,0,1,0,0.003100412,0,0.309557166,
2016/9/19,0.053858871,-0.237278071,2.372768817,-0.109483421,-0.124018731,37233.45,36680.446,-0.161675542,129.588,0.012317794,1,1,0,0.013717426,0,0.309557166,
2016/9/20,0.060012394,-0.237278071,2.372768817,-0.094882534,-0.069007315,37284.07,36808.112,-0.143407742,127.666,0.0182678,1,1,0,0.001358607,0,0.309557166,
2016/9/21,0.06003257,-0.244867791,2.474272514,-0.096330854,-0.069007315,37326.69,37036.58,-0.125317812,228.468,0.01808993,1,1,0,0.001142463,0,0.309557166,
2016/9/22,0.074291117,-0.244867791,2.474272514,-0.061051323,-0.069007315,37669.15,37247.91,-0.102543944,211.33,0.022773868,1,1,0,0.009132837,0,0.309557166,
2016/9/23,0.08849436,-0.244867791,2.474272514,-0.025908628,-0.069007315,37881.44,37478.96,-0.077531352,231.05,0.025012592,1,1,0,0.005619825,0,0.309557166,
2016/9/26,0.086526279,-0.241916415,2.435545135,-0.031177756,-0.069007315,37777.07,37587.684,-0.061870219,108.724,0.015661133,1,1,0,-0.002758978,0,0.309557166,
2016/9/27,0.08440259,-0.241916415,2.435545135,-0.036350097,-0.011617307,37697.26,37670.322,-0.050163732,82.638,0.011706487,1,1,0,-0.002114892,0,0.309557166,
2016/9/28,0.089755032,-0.241916415,2.435545135,-0.023313982,-0.011617307,37519.4,37708.864,-0.035560357,38.542,0.014603374,1,1,0,-0.00472928,0,0.309557166,
2016/9/29,0.0873291,-0.241916415,2.435545135,-0.029222451,-0.011617307,37667.68,37708.57,-0.029194583,-0.294,0.006365774,0,1,0,0.0039443,0,0.309557166,
2016/9/30,0.091604535,-0.241916415,2.435545135,-0.018809434,-0.011617307,37721.55,37676.592,-0.027774744,-31.978,0.001419839,0,1,0,0.001429117,0,0.309557166,
2016/10/10,0.091813696,-0.237102784,2.399779212,-0.016770185,-0.011617307,37660.06,37653.19,-0.02489323,-23.402,0.002881514,0,1,0,-0.001631433,0,0.309557166,
2016/10/11,0.095486732,-0.237102784,2.399779212,-0.007955709,0.023281346,38158.9,37745.518,-0.019214352,92.328,0.005678878,1,1,0,0.013158904,0,0.309557166,
2016/10/12,0.096797269,-0.237102784,2.399779212,-0.004810709,0.023281346,37952.36,37832.11,-0.015513698,86.592,0.003700655,1,1,0,-0.005427331,0,0.309557166,
2016/10/13,0.082861648,-0.237102784,2.399779212,-0.038253124,0.023281346,37648.73,37828.32,-0.017319832,-3.79,-0.001806135,0,-1,0,-0.008032467,0,0.309557166,
2016/10/14,0.080935025,-0.237102784,2.399779212,-0.042876592,0.023281346,37392.47,37762.504,-0.022133264,-65.816,-0.004813432,-1,-1,0,-0.006829875,0,0.309557166,
2016/10/17,0.082520933,-0.242418493,2.453255263,-0.039973581,0.023281346,37327.7,37696.032,-0.026773943,-66.472,-0.004640679,-1,-1,0,-0.001733669,0,0.309557166,
2016/10/18,0.07727463,-0.242418493,2.453255263,-0.052844099,-0.053637191,37408.31,37545.914,-0.035751621,-150.118,-0.008977678,-1,-1,0,0.002157194,0,0.309557166,
2016/10/19,0.080744196,-0.242418493,2.453255263,-0.044332368,-0.053637191,37207.75,37396.992,-0.043655953,-148.922,-0.007904332,-1,-1,0,-0.005375799,0,0.309557166,
2016/10/20,0.076672484,-0.242418493,2.453255263,-0.054321318,-0.053637191,37329.74,37333.194,-0.046869592,-63.798,-0.003213639,-1,-1,0,0.003273255,0,0.309557166,
2016/10/21,0.073823418,-0.242418493,2.453255263,-0.061310805,-0.053637191,37189.47,37292.594,-0.050556434,-40.6,-0.003686843,0,-1,0,-0.003764671,0,0.309557166,
2016/10/24,0.070932016,-0.243832964,2.472963529,-0.068420674,-0.053637191,37357.9,37298.634,-0.056245853,6.04,-0.005689419,0,-1,0,0.004518745,0,0.309557166,
2016/10/25,0.072443351,-0.243832964,2.472963529,-0.064683199,-0.064400732,38001.44,37417.26,-0.058613673,118.626,-0.00236782,1,-1,0,0.017079652,0,0.309557166,
2016/10/26,0.074742559,-0.243832964,2.472963529,-0.058997342,-0.064400732,37765.74,37528.858,-0.061546668,111.598,-0.002932995,1,-1,-1,-0.006221711,0.006221711,0.315778877,
2016/10/27,0.079938104,-0.243832964,2.472963529,-0.046148947,-0.064400732,37821.02,37627.114,-0.059912194,98.256,0.001634474,1,1,-1,0.00146269,-0.00146269,0.314316187,
2016/10/28,0.092103506,-0.243832964,2.472963529,-0.016064353,-0.064400732,38272.26,37843.672,-0.050862903,216.558,0.009049291,1,1,0,0.011860319,0,0.314316187,
2016/10/31,0.093162217,-0.24258964,2.44627709,-0.014689043,-0.064400732,38406.44,38053.38,-0.040116577,209.708,0.010746326,1,1,0,0.003499802,0,0.314316187,
2016/11/1,0.09792211,-0.24258964,2.44627709,-0.003045025,0.05564366,38747.2,38202.532,-0.027788942,149.152,0.012327635,1,1,0,0.008833341,0,0.314316187,
2016/11/2,0.100653456,-0.24258964,2.44627709,0.003636603,0.05564366,38593.64,38368.112,-0.015262153,165.58,0.012526789,1,1,0,-0.003970999,0,0.314316187,
2016/11/3,0.110739715,-0.24258964,2.44627709,0.028310387,0.05564366,38986.71,38601.25,-0.000370286,233.138,0.014891867,1,1,0,0.010133323,0,0.314316187,
2016/11/4,0.117442736,-0.24258964,2.44627709,0.044707835,0.05564366,39123.31,38771.46,0.011784151,170.21,0.012154438,1,1,0,0.003497634,0,0.314316187,
2016/11/7,0.118081425,-0.242436765,2.443238839,0.046064359,0.05564366,40374.27,39165.026,0.023934832,393.566,0.01215068,1,1,0,0.031474248,0,0.314316187,
2016/11/8,0.120453732,-0.242436765,2.443238839,0.051860471,0.169441096,40449.85,39505.556,0.034915931,340.53,0.010981099,1,1,0,0.001870234,0,0.314316187,
2016/11/9,0.128570777,-0.242436765,2.443238839,0.071692351,0.169441096,41597.24,40106.276,0.048527081,600.72,0.01361115,1,1,0,0.027970884,0,0.314316187,
2016/11/10,0.12516227,-0.242436765,2.443238839,0.063364554,0.169441096,43905.09,41089.952,0.055537914,983.676,0.007010833,1,1,0,0.05399644,0,0.314316187,
2016/11/11,0.127982655,-0.242436765,2.443238839,0.070255429,0.169441096,46728.26,42610.942,0.060647433,1520.99,0.005109519,1,1,0,0.062318862,0,0.314316187,
2016/11/14,0.129737798,-0.248429426,2.556097224,0.083192999,0.169441096,45499,43635.888,0.068073161,1024.946,0.007425728,1,1,0,-0.026658773,0,0.314316187,
2016/11/15,0.146168327,-0.248429426,2.556097224,0.12519103,0.188567357,43669.69,44279.856,0.082739273,643.968,0.014666112,1,1,0,-0.041036079,0,0.314316187,
2016/11/16,0.145906544,-0.248429426,2.556097224,0.124521887,0.188567357,44571.99,44874.806,0.09330518,594.95,0.010565907,1,1,0,0.020451366,0,0.314316187,
2016/11/17,0.146210803,-0.248429426,2.556097224,0.125299601,0.188567357,43678.31,44829.45,0.105692189,-45.356,0.012387009,0,1,0,-0.020253995,0,0.314316187,
2016/11/18,0.145803977,-0.248429426,2.556097224,0.124259715,0.188567357,44226.35,44329.068,0.116493046,-500.382,0.010800857,-1,1,0,0.012469125,0,0.314316187,
2016/11/21,0.147237905,-0.264821662,2.858284598,0.156026174,0.188567357,45173.02,44263.872,0.131059681,-65.196,0.014566635,-1,1,1,0.021179241,0.021179241,0.335495427,
2016/11/22,0.149540866,-0.264821662,2.858284598,0.162608691,0.195993957,46264.83,44782.9,0.138543214,519.028,0.007483532,1,1,1,0.023882055,0.023882055,0.359377483,
2016/11/23,0.149959653,-0.264821662,2.858284598,0.163805705,0.195993957,45824.92,45033.486,0.146399977,250.586,0.007856764,1,1,0,-0.009554013,0,0.359377483,
2016/11/24,0.148388149,-0.264821662,2.858284598,0.159313898,0.195993957,48267.23,45951.27,0.153202837,917.784,0.006802859,1,1,0,0.051924815,0,0.359377483,
2016/11/25,0.149196183,-0.264821662,2.858284598,0.16162349,0.195993957,48155.48,46737.096,0.160675592,785.826,0.007472755,1,1,0,-0.00231792,0,0.359377483,
2016/11/28,0.148626347,-0.269234867,2.966658203,0.171688705,0.195993957,49527.17,47607.926,0.163808098,870.83,0.003132506,1,1,0,0.028086465,0,0.359377483,
2016/11/29,0.147635539,-0.269234867,2.966658203,0.168749315,0.23158146,46770.94,47709.148,0.165036223,101.222,0.001228125,1,1,0,-0.057259338,0,0.359377483,
2016/11/30,0.156988542,-0.269234867,2.966658203,0.196496478,0.23158146,46078.27,47759.818,0.171574377,50.67,0.006538155,1,1,0,-0.014920598,0,0.359377483,
2016/12/1,0.156027517,-0.269234867,2.966658203,0.193645446,0.23158146,47059.67,47518.306,0.178440687,-241.512,0.00686631,-1,1,0,0.021074899,0,0.359377483,
2016/12/2,0.154625757,-0.269234867,2.966658203,0.189486905,0.23158146,46622.01,47211.612,0.18401337,-306.694,0.005572683,-1,1,1,-0.009343624,-0.009343624,0.350033859,
2016/12/5,0.155127517,-0.272206073,3.021496114,0.196511117,0.23158146,47350.89,46776.356,0.188977852,-435.256,0.004964482,-1,1,1,0.015512868,0.015512868,0.365546727,
2016/12/6,0.15417389,-0.272206073,3.021496114,0.193629736,0.238651657,47690.67,46960.302,0.193953936,183.946,0.004976084,1,1,1,0.007150166,0.007150166,0.372696893,
2016/12/7,0.152149684,-0.272206073,3.021496114,0.187513605,0.238651657,48352.13,47415.074,0.192157362,454.772,-0.001796574,1,-1,0,0.013774493,0,0.372696893,
2016/12/8,0.158423755,-0.272206073,3.021496114,0.206470686,0.238651657,47227.57,47448.654,0.19472241,33.58,0.002565048,1,1,-1,-0.023532442,0.023532442,0.396229335,
2016/12/9,0.154013859,-0.272206073,3.021496114,0.193146203,0.238651657,47436.54,47611.56,0.195454269,162.906,0.00073186,1,1,0,0.004414986,0,0.396229335,
2016/12/12,0.153777828,-0.278506296,3.141175989,0.204536924,0.238651657,47284.11,47598.204,0.197059431,-13.356,0.001605161,0,1,0,-0.00321852,0,0.396229335,
2016/12/13,0.146871676,-0.278506296,3.141175989,0.182843485,0.258063018,46969.13,47453.896,0.194902181,-144.308,-0.00215725,-1,-1,0,-0.006683721,0,0.396229335,
2016/12/14,0.153074794,-0.278506296,3.141175989,0.202328571,0.258063018,46557.73,47095.016,0.197865174,-358.88,0.002962993,-1,1,0,-0.008797529,0,0.396229335,
2016/12/15,0.148983704,-0.278506296,3.141175989,0.189477739,0.258063018,46860.83,47021.668,0.194466584,-73.348,-0.003398589,-1,-1,1,0.006489097,0.006489097,0.402718433,
2016/12/16,0.149985316,-0.278506296,3.141175989,0.192623978,0.258063018,46518.15,46837.99,0.194362139,-183.678,-0.000104445,-1,-1,0,-0.007339586,0,0.402718433,
2016/12/19,0.147848928,-0.278960612,3.185918879,0.192074079,0.258063018,45685.38,46518.244,0.19186957,-319.746,-0.002492569,-1,-1,0,-0.018064225,0,0.402718433,
2016/12/20,0.146935447,-0.278960612,3.185918879,0.189163802,0.223247312,44975.27,46119.472,0.193133634,-398.772,0.001264063,-1,1,0,-0.015665551,0,0.402718433,
2016/12/21,0.151266845,-0.278960612,3.185918879,0.202963285,0.223247312,45404.05,45888.736,0.193260577,-230.736,0.000126943,-1,0,1,0.009488525,0.009488525,0.412206958,
2016/12/22,0.150104895,-0.278960612,3.185918879,0.199261407,0.223247312,44520.75,45420.72,0.19521731,-468.016,0.001956734,-1,1,0,-0.019645935,0,0.412206958,
2016/12/23,0.144119499,-0.278960612,3.185918879,0.180192421,0.223247312,45190,45155.09,0.192730999,-265.63,-0.002486311,-1,-1,1,0.014920451,0.014920451,0.427127409,
2016/12/28,0.141580387,-0.28069506,3.257216062,0.180462851,0.223247312,45639.62,45145.938,0.190408753,-9.152,-0.002322246,0,-1,0,0.009900376,0,0.427127409,
2016/12/29,0.141271066,-0.28069506,3.257216062,0.179455324,0.223247312,45835.53,45317.99,0.188467057,172.052,-0.001941696,1,-1,0,0.004283356,0,0.427127409,
2016/12/30,0.143261395,-0.28069506,3.257216062,0.185938257,0.223247312,45516.78,45340.536,0.185062052,22.546,-0.003405006,0,-1,-1,-0.006978505,0.006978505,0.434105914,
2017/1/3,0.139180459,-0.28069506,3.257216062,0.172645766,0.198701055,45783.48,45593.082,0.179738924,252.546,-0.005323128,1,-1,0,0.005842278,0,0.434105914,
2017/1/4,0.146442228,-0.28069506,3.257216062,0.196298916,0.198701055,45562.34,45667.55,0.182960223,74.468,0.003221299,1,1,-1,-0.004841829,0.004841829,0.438947743,
2017/1/5,0.14563119,-0.28069506,3.257216062,0.193657193,0.198701055,45811.39,45701.904,0.185599091,34.354,0.002638868,1,1,0,0.005451252,0,0.438947743,
2017/1/6,0.144389709,-0.28069506,3.257216062,0.189613418,0.198701055,45376.55,45610.108,0.18763071,-91.796,0.002031619,-1,1,0,-0.009537298,0,0.438947743,
2017/1/9,0.143444857,-0.275083828,3.234406327,0.188875126,0.198701055,45766.97,45660.146,0.188218084,50.038,0.000587374,1,1,1,0.0085672,0.0085672,0.447514943,
2017/1/10,0.140341149,-0.275083828,3.234406327,0.178836473,0.201587241,46161.97,45735.844,0.189456225,75.698,0.001238141,1,1,0,0.008593647,0,0.447514943,
2017/1/11,0.140486994,-0.275083828,3.234406327,0.179308193,0.201587241,47207.77,46064.93,0.18605808,329.086,-0.003398145,1,-1,0,0.022402199,0,0.447514943,
2017/1/12,0.142857143,-0.275083828,3.234406327,0.186974219,0.201587241,47041.72,46310.996,0.184721486,246.066,-0.001336595,1,-1,-1,-0.00352363,0.00352363,0.451038573,
2017/1/13,0.138611623,-0.275083828,3.234406327,0.173242484,0.201587241,47459.59,46727.604,0.181447299,416.608,-0.003274187,1,-1,-1,0.008843745,-0.008843745,0.442194829,