update_date,open,high,low,close,volume
2011/3/24,18936.52 ,18936.52 ,18936.52 ,18936.52 ,74274.00 
2011/3/25,18952.33 ,18952.33 ,18952.33 ,18952.33 ,25110.00 
2011/3/28,18607.49 ,18607.49 ,18607.49 ,18607.49 ,17064.00 
2011/3/29,18677.05 ,18677.05 ,18677.05 ,18677.05 ,10658.00 
2011/3/30,18762.60 ,18762.60 ,18762.60 ,18762.60 ,8122.00 
2011/3/31,18667.04 ,18667.04 ,18667.04 ,18667.04 ,3082.00 
2011/4/1,18645.83 ,18645.83 ,18645.83 ,18645.83 ,2670.00 
2011/4/6,19223.10 ,19223.10 ,19223.10 ,19223.10 ,15464.00 
2011/4/7,19078.86 ,19078.86 ,19078.86 ,19078.86 ,10548.00 
2011/4/8,19179.15 ,19179.15 ,19179.15 ,19179.15 ,8482.00 
2011/4/11,19213.74 ,19213.74 ,19213.74 ,19213.74 ,14150.00 
2011/4/12,18806.39 ,18806.39 ,18806.39 ,18806.39 ,9348.00 
2011/4/13,18717.91 ,18717.91 ,18717.91 ,18717.91 ,5596.00 
2011/4/14,18583.47 ,18583.47 ,18583.47 ,18583.47 ,3864.00 
2011/4/15,18585.35 ,18585.35 ,18585.35 ,18585.35 ,10018.00 
2011/4/18,18583.64 ,18583.64 ,18583.64 ,18583.64 ,3350.00 
2011/4/19,17984.32 ,17984.32 ,17984.32 ,17984.32 ,8498.00 
2011/4/20,18167.78 ,18167.78 ,18167.78 ,18167.78 ,2956.00 
2011/4/21,18183.34 ,18183.34 ,18183.34 ,18183.34 ,2538.00 
2011/4/22,17979.53 ,17979.53 ,17979.53 ,17979.53 ,3464.00 
2011/4/25,17759.12 ,17759.12 ,17759.12 ,17759.12 ,2146.00 
2011/4/26,17648.73 ,17648.73 ,17648.73 ,17648.73 ,3536.00 
2011/4/27,17555.82 ,17555.82 ,17555.82 ,17555.82 ,2994.00 
2011/4/28,17760.12 ,17760.12 ,17760.12 ,17760.12 ,3300.00 
2011/4/29,17555.85 ,17555.85 ,17555.85 ,17555.85 ,1566.00 
2011/5/3,17536.85 ,17536.85 ,17536.85 ,17536.85 ,1902.00 
2011/5/4,17485.43 ,17485.43 ,17485.43 ,17485.43 ,1154.00 
2011/5/5,16723.82 ,16723.82 ,16723.82 ,16723.82 ,4090.00 
2011/5/6,16263.83 ,16263.83 ,16263.83 ,16263.83 ,6612.00 
2011/5/9,16623.66 ,16623.66 ,16623.66 ,16623.66 ,3270.00 
2011/5/10,16647.87 ,16647.87 ,16647.87 ,16647.87 ,2778.00 
2011/5/11,16683.23 ,16683.23 ,16683.23 ,16683.23 ,3682.00 
2011/5/12,16228.67 ,16228.67 ,16228.67 ,16228.67 ,4456.00 
2011/5/13,16708.61 ,16708.61 ,16708.61 ,16708.61 ,3894.00 
2011/5/16,16561.20 ,16561.20 ,16561.20 ,16561.20 ,2900.00 
2011/5/17,16573.16 ,16573.16 ,16573.16 ,16573.16 ,3936.00 
2011/5/18,16716.54 ,16716.54 ,16716.54 ,16716.54 ,5240.00 
2011/5/19,16950.98 ,16950.98 ,16950.98 ,16950.98 ,5560.00 
2011/5/20,16940.51 ,16940.51 ,16940.51 ,16940.51 ,2398.00 
2011/5/23,16623.44 ,16623.44 ,16623.44 ,16623.44 ,3610.00 
2011/5/24,16765.99 ,16765.99 ,16765.99 ,16765.99 ,2624.00 
2011/5/25,17088.64 ,17088.64 ,17088.64 ,17088.64 ,2762.00 
2011/5/26,17206.46 ,17206.46 ,17206.46 ,17206.46 ,3148.00 
2011/5/27,17313.88 ,17313.88 ,17313.88 ,17313.88 ,3596.00 
2011/5/30,17048.72 ,17048.72 ,17048.72 ,17048.72 ,3160.00 
2011/5/31,17095.29 ,17095.29 ,17095.29 ,17095.29 ,4300.00 
2011/6/1,16958.07 ,16958.07 ,16958.07 ,16958.07 ,2564.00 
2011/6/2,16883.03 ,16883.03 ,16883.03 ,16883.03 ,2002.00 
2011/6/3,16894.19 ,16894.19 ,16894.19 ,16894.19 ,3558.00 
2011/6/7,17034.52 ,17034.52 ,17034.52 ,17034.52 ,4538.00 
2011/6/8,17023.65 ,17023.65 ,17023.65 ,17023.65 ,4122.00 
2011/6/9,16988.99 ,16988.99 ,16988.99 ,16988.99 ,2196.00 
2011/6/10,17072.30 ,17072.30 ,17072.30 ,17072.30 ,2982.00 
2011/6/13,16943.41 ,16943.41 ,16943.41 ,16943.41 ,2734.00 
2011/6/14,16941.80 ,16941.80 ,16941.80 ,16941.80 ,2052.00 
2011/6/15,16983.26 ,16983.26 ,16983.26 ,16983.26 ,2342.00 
2011/6/16,16698.94 ,16698.94 ,16698.94 ,16698.94 ,2826.00 
2011/6/17,16624.55 ,16624.55 ,16624.55 ,16624.55 ,1916.00 
2011/6/20,16474.97 ,16474.97 ,16474.97 ,16474.97 ,2116.00 
2011/6/21,16852.82 ,16852.82 ,16852.82 ,16852.82 ,3500.00 
2011/6/22,16723.15 ,16723.15 ,16723.15 ,16723.15 ,2204.00 
2011/6/23,16856.84 ,16856.84 ,16856.84 ,16856.84 ,3384.00 
2011/6/24,17032.22 ,17032.22 ,17032.22 ,17032.22 ,4224.00 
2011/6/27,16776.43 ,16776.43 ,16776.43 ,16776.43 ,2802.00 
2011/6/28,16869.75 ,16869.75 ,16869.75 ,16869.75 ,1688.00 
2011/6/29,16977.04 ,16977.04 ,16977.04 ,16977.04 ,2054.00 
2011/6/30,17199.83 ,17199.83 ,17199.83 ,17199.83 ,2864.00 
2011/7/1,17162.17 ,17162.17 ,17162.17 ,17162.17 ,2114.00 
2011/7/4,17352.24 ,17352.24 ,17352.24 ,17352.24 ,2654.00 
2011/7/5,17225.68 ,17225.68 ,17225.68 ,17225.68 ,2010.00 
2011/7/6,17318.67 ,17318.67 ,17318.67 ,17318.67 ,1624.00 
2011/7/7,17323.61 ,17323.61 ,17323.61 ,17323.61 ,1568.00 
2011/7/8,17311.32 ,17311.32 ,17311.32 ,17311.32 ,1316.00 
2011/7/11,17178.47 ,17178.47 ,17178.47 ,17178.47 ,1880.00 
2011/7/12,17190.35 ,17190.35 ,17190.35 ,17190.35 ,1204.00 
2011/7/13,17696.39 ,17696.39 ,17696.39 ,17696.39 ,3414.00 
2011/7/14,17559.73 ,17559.73 ,17559.73 ,17559.73 ,1860.00 
2011/7/15,17441.46 ,17441.46 ,17441.46 ,17441.46 ,1348.00 
2011/7/18,17527.32 ,17527.32 ,17527.32 ,17527.32 ,1348.00 
2011/7/19,17740.25 ,17740.25 ,17740.25 ,17740.25 ,2272.00 
2011/7/20,17691.71 ,17691.71 ,17691.71 ,17691.71 ,2018.00 
2011/7/21,17456.41 ,17456.41 ,17456.41 ,17456.41 ,2064.00 
2011/7/22,17586.81 ,17586.81 ,17586.81 ,17586.81 ,1264.00 
2011/7/25,17423.39 ,17423.39 ,17423.39 ,17423.39 ,1580.00 
2011/7/26,17653.99 ,17653.99 ,17653.99 ,17653.99 ,2498.00 
2011/7/27,17796.22 ,17796.22 ,17796.22 ,17796.22 ,3890.00 
2011/7/28,17778.57 ,17778.57 ,17778.57 ,17778.57 ,3200.00 
2011/7/29,17610.02 ,17610.02 ,17610.02 ,17610.02 ,4384.00 
2011/8/1,17685.99 ,17685.99 ,17685.99 ,17685.99 ,2738.00 
2011/8/2,17264.62 ,17264.62 ,17264.62 ,17264.62 ,4618.00 
2011/8/3,17142.75 ,17142.75 ,17142.75 ,17142.75 ,4352.00 
2011/8/4,16994.93 ,16994.93 ,16994.93 ,16994.93 ,3062.00 
2011/8/5,16315.10 ,16315.10 ,16315.10 ,16315.10 ,4762.00 
2011/8/8,16211.99 ,16211.99 ,16211.99 ,16211.99 ,4324.00 
2011/8/9,15981.78 ,15981.78 ,15981.78 ,15981.78 ,6006.00 
2011/8/10,16467.10 ,16467.10 ,16467.10 ,16467.10 ,4366.00 
2011/8/11,16491.92 ,16491.92 ,16491.92 ,16491.92 ,2816.00 
2011/8/12,16634.53 ,16634.53 ,16634.53 ,16634.53 ,1900.00 
2011/8/15,16708.37 ,16708.37 ,16708.37 ,16708.37 ,1560.00 
2011/8/16,16435.94 ,16435.94 ,16435.94 ,16435.94 ,1568.00 
2011/8/17,16629.87 ,16629.87 ,16629.87 ,16629.87 ,1828.00 
2011/8/18,16650.68 ,16650.68 ,16650.68 ,16650.68 ,2094.00 
2011/8/19,16576.50 ,16576.50 ,16576.50 ,16576.50 ,2316.00 
2011/8/22,16566.28 ,16566.28 ,16566.28 ,16566.28 ,1654.00 
2011/8/23,16627.85 ,16627.85 ,16627.85 ,16627.85 ,982.00 
2011/8/24,16673.98 ,16673.98 ,16673.98 ,16673.98 ,1088.00 
2011/8/25,16777.05 ,16777.05 ,16777.05 ,16777.05 ,1224.00 
2011/8/26,16764.24 ,16764.24 ,16764.24 ,16764.24 ,772.00 
2011/8/29,16859.12 ,16859.12 ,16859.12 ,16859.12 ,1152.00 
2011/8/30,16895.76 ,16895.76 ,16895.76 ,16895.76 ,1390.00 
2011/8/31,16960.32 ,16960.32 ,16960.32 ,16960.32 ,1910.00 
2011/9/1,16806.82 ,16806.82 ,16806.82 ,16806.82 ,1588.00 
2011/9/2,16636.99 ,16636.99 ,16636.99 ,16636.99 ,1340.00 
2011/9/5,16557.68 ,16557.68 ,16557.68 ,16557.68 ,1420.00 
2011/9/6,16449.05 ,16449.05 ,16449.05 ,16449.05 ,1316.00 
2011/9/7,16676.77 ,16676.77 ,16676.77 ,16676.77 ,976.00 
2011/9/8,16622.51 ,16622.51 ,16622.51 ,16622.51 ,576.00 
2011/9/9,16604.49 ,16604.49 ,16604.49 ,16604.49 ,908.00 
2011/9/13,16472.39 ,16472.39 ,16472.39 ,16472.39 ,834.00 
2011/9/14,16383.14 ,16383.14 ,16383.14 ,16383.14 ,1452.00 
2011/9/15,16286.89 ,16286.89 ,16286.89 ,16286.89 ,1182.00 
2011/9/16,16422.99 ,16422.99 ,16422.99 ,16422.99 ,630.00 
2011/9/19,15881.59 ,15881.59 ,15881.59 ,15881.59 ,1138.00 
2011/9/20,15837.49 ,15837.49 ,15837.49 ,15837.49 ,1134.00 
2011/9/21,15921.22 ,15921.22 ,15921.22 ,15921.22 ,1710.00 
2011/9/22,15210.33 ,15210.33 ,15210.33 ,15210.33 ,2656.00 
2011/9/23,14475.54 ,14475.54 ,14475.54 ,14475.54 ,3654.00 
2011/9/26,13681.16 ,13681.16 ,13681.16 ,13681.16 ,4918.00 
2011/9/27,14394.06 ,14394.06 ,14394.06 ,14394.06 ,3100.00 
2011/9/28,14514.42 ,14514.42 ,14514.42 ,14514.42 ,2078.00 
2011/9/29,14331.84 ,14331.84 ,14331.84 ,14331.84 ,2072.00 
2011/9/30,14855.98 ,14855.98 ,14855.98 ,14855.98 ,1072.00 
2011/10/10,14771.00 ,14771.00 ,14771.00 ,14771.00 ,1268.00 
2011/10/11,14793.53 ,14793.53 ,14793.53 ,14793.53 ,1022.00 
2011/10/12,14905.15 ,14905.15 ,14905.15 ,14905.15 ,804.00 
2011/10/13,14936.61 ,14936.61 ,14936.61 ,14936.61 ,1386.00 
2011/10/14,15062.33 ,15062.33 ,15062.33 ,15062.33 ,1530.00 
2011/10/17,15033.12 ,15033.12 ,15033.12 ,15033.12 ,1160.00 
2011/10/18,14449.43 ,14449.43 ,14449.43 ,14449.43 ,1758.00 
2011/10/19,14502.59 ,14502.59 ,14502.59 ,14502.59 ,1512.00 
2011/10/20,13851.35 ,13851.35 ,13851.35 ,13851.35 ,2688.00 
2011/10/21,14278.84 ,14278.84 ,14278.84 ,14278.84 ,2498.00 
2011/10/24,15043.46 ,15043.46 ,15043.46 ,15043.46 ,2328.00 
2011/10/25,15069.37 ,15069.37 ,15069.37 ,15069.37 ,3322.00 
2011/10/26,15019.33 ,15019.33 ,15019.33 ,15019.33 ,1508.00 
2011/10/27,15113.44 ,15113.44 ,15113.44 ,15113.44 ,1068.00 
2011/10/28,15428.04 ,15428.04 ,15428.04 ,15428.04 ,1178.00 
2011/10/31,15344.52 ,15344.52 ,15344.52 ,15344.52 ,1030.00 
2011/11/1,15325.49 ,15325.49 ,15325.49 ,15325.49 ,912.00 
2011/11/2,15315.67 ,15315.67 ,15315.67 ,15315.67 ,936.00 
2011/11/3,15132.18 ,15132.18 ,15132.18 ,15132.18 ,466.00 
2011/11/4,15486.52 ,15486.52 ,15486.52 ,15486.52 ,950.00 
2011/11/7,15410.04 ,15410.04 ,15410.04 ,15410.04 ,566.00 
2011/11/8,15336.81 ,15336.81 ,15336.81 ,15336.81 ,538.00 
2011/11/9,15433.06 ,15433.06 ,15433.06 ,15433.06 ,560.00 
2011/11/10,14662.54 ,14662.54 ,14662.54 ,14662.54 ,2060.00 
2011/11/11,14931.92 ,14931.92 ,14931.92 ,14931.92 ,934.00 
2011/11/14,15510.52 ,15510.52 ,15510.52 ,15510.52 ,1000.00 
2011/11/15,15336.77 ,15336.77 ,15336.77 ,15336.77 ,738.00 
2011/11/16,15253.07 ,15253.07 ,15253.07 ,15253.07 ,1178.00 
2011/11/17,15386.11 ,15386.11 ,15386.11 ,15386.11 ,710.00 
2011/11/18,15245.60 ,15245.60 ,15245.60 ,15245.60 ,1078.00 
2011/11/21,15350.03 ,15350.03 ,15350.03 ,15350.03 ,662.00 
2011/11/22,15351.83 ,15351.83 ,15351.83 ,15351.83 ,870.00 
2011/11/23,15266.35 ,15266.35 ,15266.35 ,15266.35 ,654.00 
2011/11/24,15214.20 ,15214.20 ,15214.20 ,15214.20 ,846.00 
2011/11/25,15162.95 ,15162.95 ,15162.95 ,15162.95 ,880.00 
2011/11/28,15424.98 ,15424.98 ,15424.98 ,15424.98 ,892.00 
2011/11/29,15426.54 ,15426.54 ,15426.54 ,15426.54 ,1052.00 
2011/11/30,15314.15 ,15314.15 ,15314.15 ,15314.15 ,490.00 
2011/12/1,15759.89 ,15759.89 ,15759.89 ,15759.89 ,1214.00 
2011/12/2,15684.13 ,15684.13 ,15684.13 ,15684.13 ,674.00 
2011/12/5,15628.32 ,15628.32 ,15628.32 ,15628.32 ,478.00 
2011/12/6,15597.08 ,15597.08 ,15597.08 ,15597.08 ,432.00 
2011/12/7,15781.83 ,15781.83 ,15781.83 ,15781.83 ,670.00 
2011/12/8,15728.97 ,15728.97 ,15728.97 ,15728.97 ,756.00 
2011/12/9,15625.20 ,15625.20 ,15625.20 ,15625.20 ,496.00 
2011/12/12,15652.53 ,15652.53 ,15652.53 ,15652.53 ,440.00 
2011/12/13,15518.87 ,15518.87 ,15518.87 ,15518.87 ,356.00 
2011/12/14,15310.97 ,15310.97 ,15310.97 ,15310.97 ,1386.00 
2011/12/15,15053.50 ,15053.50 ,15053.50 ,15053.50 ,1338.00 
2011/12/16,15301.39 ,15301.39 ,15301.39 ,15301.39 ,948.00 
2011/12/19,15097.70 ,15097.70 ,15097.70 ,15097.70 ,1154.00 
2011/12/20,15110.65 ,15110.65 ,15110.65 ,15110.65 ,408.00 
2011/12/21,15189.25 ,15189.25 ,15189.25 ,15189.25 ,480.00 
2011/12/22,15171.44 ,15171.44 ,15171.44 ,15171.44 ,428.00 
2011/12/23,15332.57 ,15332.57 ,15332.57 ,15332.57 ,918.00 
2011/12/26,15105.27 ,15105.27 ,15105.27 ,15105.27 ,648.00 
2011/12/27,15174.95 ,15174.95 ,15174.95 ,15174.95 ,400.00 
2011/12/28,15194.52 ,15194.52 ,15194.52 ,15194.52 ,440.00 
2011/12/29,15083.74 ,15083.74 ,15083.74 ,15083.74 ,612.00 
2011/12/30,15280.51 ,15280.51 ,15280.51 ,15280.51 ,568.00 
2012/1/4,15294.75 ,15294.75 ,15294.75 ,15294.75 ,644.00 
2012/1/5,15342.12 ,15342.12 ,15342.12 ,15342.12 ,470.00 
2012/1/6,15244.54 ,15244.54 ,15244.54 ,15244.54 ,850.00 
2012/1/9,15174.63 ,15174.63 ,15174.63 ,15174.63 ,1106.00 
2012/1/10,15278.84 ,15278.84 ,15278.84 ,15278.84 ,754.00 
2012/1/11,15324.16 ,15324.16 ,15324.16 ,15324.16 ,440.00 
2012/1/12,15382.93 ,15382.93 ,15382.93 ,15382.93 ,566.00 
2012/1/13,15463.01 ,15463.01 ,15463.01 ,15463.01 ,916.00 
2012/1/16,15421.72 ,15421.72 ,15421.72 ,15421.72 ,578.00 
2012/1/17,15628.76 ,15628.76 ,15628.76 ,15628.76 ,544.00 
2012/1/18,15749.55 ,15749.55 ,15749.55 ,15749.55 ,1242.00 
2012/1/19,15981.66 ,15981.66 ,15981.66 ,15981.66 ,1028.00 
2012/1/20,16110.37 ,16110.37 ,16110.37 ,16110.37 ,694.00 
2012/1/30,16116.06 ,16116.06 ,16116.06 ,16116.06 ,848.00 
2012/1/31,16154.90 ,16154.90 ,16154.90 ,16154.90 ,638.00 
2012/2/1,15983.14 ,15983.14 ,15983.14 ,15983.14 ,516.00 
2012/2/2,16092.86 ,16092.86 ,16092.86 ,16092.86 ,152.00 
2012/2/3,16114.25 ,16114.25 ,16114.25 ,16114.25 ,378.00 
2012/2/6,16245.28 ,16245.28 ,16245.28 ,16245.28 ,348.00 
2012/2/7,16066.27 ,16066.27 ,16066.27 ,16066.27 ,366.00 
2012/2/8,16174.14 ,16174.14 ,16174.14 ,16174.14 ,290.00 
2012/2/9,16093.23 ,16093.23 ,16093.23 ,16093.23 ,872.00 
2012/2/10,16106.46 ,16106.46 ,16106.46 ,16106.46 ,298.00 
2012/2/13,16030.51 ,16030.51 ,16030.51 ,16030.51 ,454.00 
2012/2/14,15853.84 ,15853.84 ,15853.84 ,15853.84 ,696.00 
2012/2/15,15873.54 ,15873.54 ,15873.54 ,15873.54 ,878.00 
2012/2/16,15587.65 ,15587.65 ,15587.65 ,15587.65 ,996.00 
2012/2/17,15603.51 ,15603.51 ,15603.51 ,15603.51 ,858.00 
2012/2/20,15676.61 ,15676.61 ,15676.61 ,15676.61 ,342.00 
2012/2/21,15815.43 ,15815.43 ,15815.43 ,15815.43 ,542.00 
2012/2/22,15805.66 ,15805.66 ,15805.66 ,15805.66 ,602.00 
2012/2/23,15886.18 ,15886.18 ,15886.18 ,15886.18 ,596.00 
2012/2/24,15972.66 ,15972.66 ,15972.66 ,15972.66 ,756.00 
2012/2/27,16123.69 ,16123.69 ,16123.69 ,16123.69 ,928.00 
2012/2/28,16283.64 ,16283.64 ,16283.64 ,16283.64 ,990.00 
2012/2/29,16289.11 ,16289.11 ,16289.11 ,16289.11 ,578.00 
2012/3/1,16029.21 ,16029.21 ,16029.21 ,16029.21 ,794.00 
2012/3/2,16172.31 ,16172.31 ,16172.31 ,16172.31 ,742.00 
2012/3/5,16117.88 ,16117.88 ,16117.88 ,16117.88 ,146.00 
2012/3/6,15905.80 ,15905.80 ,15905.80 ,15905.80 ,538.00 
2012/3/7,15655.52 ,15655.52 ,15655.52 ,15655.52 ,1272.00 
2012/3/8,15803.20 ,15803.20 ,15803.20 ,15803.20 ,538.00 
2012/3/9,15962.08 ,15962.08 ,15962.08 ,15962.08 ,382.00 
2012/3/12,15910.85 ,15910.85 ,15910.85 ,15910.85 ,754.00 
2012/3/13,16037.08 ,16037.08 ,16037.08 ,16037.08 ,440.00 
2012/3/14,15882.83 ,15882.83 ,15882.83 ,15882.83 ,326.00 
2012/3/15,15801.77 ,15801.77 ,15801.77 ,15801.77 ,678.00 
2012/3/16,15978.72 ,15978.72 ,15978.72 ,15978.72 ,306.00 
2012/3/19,15863.39 ,15863.39 ,15863.39 ,15863.39 ,538.00 
2012/3/20,15852.38 ,15852.38 ,15852.38 ,15852.38 ,512.00 
2012/3/21,15729.63 ,15729.63 ,15729.63 ,15729.63 ,1602.00 
2012/3/22,15613.64 ,15613.64 ,15613.64 ,15613.64 ,1638.00 
2012/3/23,15607.41 ,15607.41 ,15607.41 ,15607.41 ,1448.00 
2012/3/26,15580.34 ,15580.34 ,15580.34 ,15580.34 ,730.00 
2012/3/27,15624.28 ,15624.28 ,15624.28 ,15624.28 ,602.00 
2012/3/28,15484.48 ,15484.48 ,15484.48 ,15484.48 ,1108.00 
2012/3/29,15411.39 ,15411.39 ,15411.39 ,15411.39 ,1034.00 
2012/3/30,15572.74 ,15572.74 ,15572.74 ,15572.74 ,692.00 
2012/4/5,15539.11 ,15539.11 ,15539.11 ,15539.11 ,792.00 
2012/4/6,15680.93 ,15680.93 ,15680.93 ,15680.93 ,532.00 
2012/4/9,15605.94 ,15605.94 ,15605.94 ,15605.94 ,506.00 
2012/4/10,15617.12 ,15617.12 ,15617.12 ,15617.12 ,788.00 
2012/4/11,15457.03 ,15457.03 ,15457.03 ,15457.03 ,514.00 
2012/4/12,15672.63 ,15672.63 ,15672.63 ,15672.63 ,1184.00 
2012/4/13,15715.06 ,15715.06 ,15715.06 ,15715.06 ,960.00 
2012/4/16,15580.82 ,15580.82 ,15580.82 ,15580.82 ,542.00 
2012/4/17,15613.33 ,15613.33 ,15613.33 ,15613.33 ,568.00 
2012/4/18,15734.94 ,15734.94 ,15734.94 ,15734.94 ,662.00 
2012/4/19,15666.95 ,15666.95 ,15666.95 ,15666.95 ,284.00 
2012/4/20,15734.97 ,15734.97 ,15734.97 ,15734.97 ,646.00 
2012/4/23,15752.98 ,15752.98 ,15752.98 ,15752.98 ,670.00 
2012/4/24,15743.86 ,15743.86 ,15743.86 ,15743.86 ,360.00 
2012/4/25,15732.15 ,15732.15 ,15732.15 ,15732.15 ,408.00 
2012/4/26,15806.73 ,15806.73 ,15806.73 ,15806.73 ,224.00 
2012/4/27,15819.00 ,15819.00 ,15819.00 ,15819.00 ,628.00 
2012/5/2,15952.71 ,15952.71 ,15952.71 ,15952.71 ,832.00 
2012/5/3,15836.04 ,15836.04 ,15836.04 ,15836.04 ,818.00 
2012/5/4,15807.01 ,15807.01 ,15807.01 ,15807.01 ,366.00 
2012/5/7,15719.42 ,15719.42 ,15719.42 ,15719.42 ,212.00 
2012/5/8,15726.88 ,15726.88 ,15726.88 ,15726.88 ,398.00 
2012/5/9,15678.16 ,15678.16 ,15678.16 ,15678.16 ,618.00 
2012/5/10,15665.69 ,15665.69 ,15665.69 ,15665.69 ,590.00 
2012/5/11,15615.20 ,15615.20 ,15615.20 ,15615.20 ,470.00 
2012/5/14,15525.80 ,15525.80 ,15525.80 ,15525.80 ,762.00 
2012/5/15,15483.64 ,15483.64 ,15483.64 ,15483.64 ,592.00 
2012/5/16,15269.94 ,15269.94 ,15269.94 ,15269.94 ,586.00 
2012/5/17,15301.48 ,15301.48 ,15301.48 ,15301.48 ,1040.00 
2012/5/18,15085.79 ,15085.79 ,15085.79 ,15085.79 ,1228.00 
2012/5/21,15275.68 ,15275.68 ,15275.68 ,15275.68 ,320.00 
2012/5/22,15233.77 ,15233.77 ,15233.77 ,15233.77 ,312.00 
2012/5/23,15114.03 ,15114.03 ,15114.03 ,15114.03 ,254.00 
2012/5/24,15138.80 ,15138.80 ,15138.80 ,15138.80 ,502.00 
2012/5/25,15169.61 ,15169.61 ,15169.61 ,15169.61 ,130.00 
2012/5/28,15297.27 ,15297.27 ,15297.27 ,15297.27 ,216.00 
2012/5/29,15249.86 ,15249.86 ,15249.86 ,15249.86 ,592.00 
2012/5/30,15141.83 ,15141.83 ,15141.83 ,15141.83 ,238.00 
2012/5/31,15055.53 ,15055.53 ,15055.53 ,15055.53 ,488.00 
2012/6/1,15085.18 ,15085.18 ,15085.18 ,15085.18 ,214.00 
2012/6/4,14894.90 ,14894.90 ,14894.90 ,14894.90 ,222.00 
2012/6/5,15058.60 ,15058.60 ,15058.60 ,15058.60 ,448.00 
2012/6/6,15055.18 ,15055.18 ,15055.18 ,15055.18 ,582.00 
2012/6/7,15051.55 ,15051.55 ,15051.55 ,15051.55 ,230.00 
2012/6/8,14995.20 ,14995.20 ,14995.20 ,14995.20 ,338.00 
2012/6/11,15107.23 ,15107.23 ,15107.23 ,15107.23 ,274.00 
2012/6/12,15006.12 ,15006.12 ,15006.12 ,15006.12 ,366.00 
2012/6/13,15011.37 ,15011.37 ,15011.37 ,15011.37 ,712.00 
2012/6/14,14988.02 ,14988.02 ,14988.02 ,14988.02 ,394.00 
2012/6/15,15105.91 ,15105.91 ,15105.91 ,15105.91 ,478.00 
2012/6/18,15146.19 ,15146.19 ,15146.19 ,15146.19 ,156.00 
2012/6/19,15006.06 ,15006.06 ,15006.06 ,15006.06 ,572.00 
2012/6/20,15066.52 ,15066.52 ,15066.52 ,15066.52 ,164.00 
2012/6/21,14878.77 ,14878.77 ,14878.77 ,14878.77 ,732.00 
2012/6/25,14778.24 ,14778.24 ,14778.24 ,14778.24 ,704.00 
2012/6/26,14498.26 ,14498.26 ,14498.26 ,14498.26 ,696.00 
2012/6/27,14415.36 ,14415.36 ,14415.36 ,14415.36 ,740.00 
2012/6/28,14533.83 ,14533.83 ,14533.83 ,14533.83 ,1074.00 
2012/6/29,14669.90 ,14669.90 ,14669.90 ,14669.90 ,710.00 
2012/7/2,14767.36 ,14767.36 ,14767.36 ,14767.36 ,1108.00 
2012/7/3,14981.88 ,14981.88 ,14981.88 ,14981.88 ,804.00 
2012/7/4,14983.19 ,14983.19 ,14983.19 ,14983.19 ,1040.00 
2012/7/5,15008.13 ,15008.13 ,15008.13 ,15008.13 ,436.00 
2012/7/6,14953.01 ,14953.01 ,14953.01 ,14953.01 ,472.00 
2012/7/9,14869.55 ,14869.55 ,14869.55 ,14869.55 ,570.00 
2012/7/10,14907.45 ,14907.45 ,14907.45 ,14907.45 ,298.00 
2012/7/11,14887.06 ,14887.06 ,14887.06 ,14887.06 ,400.00 
2012/7/12,14894.09 ,14894.09 ,14894.09 ,14894.09 ,212.00 
2012/7/13,14955.17 ,14955.17 ,14955.17 ,14955.17 ,388.00 
2012/7/16,15019.10 ,15019.10 ,15019.10 ,15019.10 ,586.00 
2012/7/17,14991.13 ,14991.13 ,14991.13 ,14991.13 ,782.00 
2012/7/18,14992.48 ,14992.48 ,14992.48 ,14992.48 ,338.00 
2012/7/19,15048.53 ,15048.53 ,15048.53 ,15048.53 ,410.00 
2012/7/20,15007.53 ,15007.53 ,15007.53 ,15007.53 ,774.00 
2012/7/23,14840.14 ,14840.14 ,14840.14 ,14840.14 ,602.00 
2012/7/24,14900.71 ,14900.71 ,14900.71 ,14900.71 ,364.00 
2012/7/25,14727.44 ,14727.44 ,14727.44 ,14727.44 ,592.00 
2012/7/26,14810.53 ,14810.53 ,14810.53 ,14810.53 ,398.00 
2012/7/27,15020.94 ,15020.94 ,15020.94 ,15020.94 ,622.00 
2012/7/30,14976.70 ,14976.70 ,14976.70 ,14976.70 ,774.00 
2012/7/31,15082.86 ,15082.86 ,15082.86 ,15082.86 ,1046.00 
2012/8/1,15025.13 ,15025.13 ,15025.13 ,15025.13 ,402.00 
2012/8/2,14932.85 ,14932.85 ,14932.85 ,14932.85 ,328.00 
2012/8/3,14882.04 ,14882.04 ,14882.04 ,14882.04 ,780.00 
2012/8/6,14997.09 ,14997.09 ,14997.09 ,14997.09 ,210.00 
2012/8/7,14958.54 ,14958.54 ,14958.54 ,14958.54 ,178.00 
2012/8/8,14972.22 ,14972.22 ,14972.22 ,14972.22 ,296.00 
2012/8/9,15063.20 ,15063.20 ,15063.20 ,15063.20 ,366.00 
2012/8/10,14998.22 ,14998.22 ,14998.22 ,14998.22 ,486.00 
2012/8/13,14940.08 ,14940.08 ,14940.08 ,14940.08 ,152.00 
2012/8/14,14950.36 ,14950.36 ,14950.36 ,14950.36 ,484.00 
2012/8/15,14893.94 ,14893.94 ,14893.94 ,14893.94 ,484.00 
2012/8/16,14730.65 ,14730.65 ,14730.65 ,14730.65 ,872.00 
2012/8/17,14850.81 ,14850.81 ,14850.81 ,14850.81 ,344.00 
2012/8/20,14857.91 ,14857.91 ,14857.91 ,14857.91 ,638.00 
2012/8/21,14985.48 ,14985.48 ,14985.48 ,14985.48 ,608.00 
2012/8/22,15027.10 ,15027.10 ,15027.10 ,15027.10 ,562.00 
2012/8/23,15139.39 ,15139.39 ,15139.39 ,15139.39 ,420.00 
2012/8/24,15121.35 ,15121.35 ,15121.35 ,15121.35 ,390.00 
2012/8/27,15156.48 ,15156.48 ,15156.48 ,15156.48 ,278.00 
2012/8/28,15115.64 ,15115.64 ,15115.64 ,15115.64 ,292.00 
2012/8/29,15184.31 ,15184.31 ,15184.31 ,15184.31 ,706.00 
2012/8/30,15250.03 ,15250.03 ,15250.03 ,15250.03 ,412.00 
2012/8/31,15154.02 ,15154.02 ,15154.02 ,15154.02 ,370.00 
2012/9/3,15209.83 ,15209.83 ,15209.83 ,15209.83 ,236.00 
2012/9/4,15265.06 ,15265.06 ,15265.06 ,15265.06 ,626.00 
2012/9/5,15242.57 ,15242.57 ,15242.57 ,15242.57 ,282.00 
2012/9/6,15442.91 ,15442.91 ,15442.91 ,15442.91 ,638.00 
2012/9/7,15508.72 ,15508.72 ,15508.72 ,15508.72 ,680.00 
2012/9/10,15916.51 ,15916.51 ,15916.51 ,15916.51 ,648.00 
2012/9/11,15871.74 ,15871.74 ,15871.74 ,15871.74 ,636.00 
2012/9/12,15900.86 ,15900.86 ,15900.86 ,15900.86 ,638.00 
2012/9/13,15829.93 ,15829.93 ,15829.93 ,15829.93 ,448.00 
2012/9/14,16212.43 ,16212.43 ,16212.43 ,16212.43 ,688.00 
2012/9/17,16102.68 ,16102.68 ,16102.68 ,16102.68 ,352.00 
2012/9/18,16004.07 ,16004.07 ,16004.07 ,16004.07 ,648.00 
2012/9/19,16173.71 ,16173.71 ,16173.71 ,16173.71 ,444.00 
2012/9/20,16019.81 ,16019.81 ,16019.81 ,16019.81 ,238.00 
2012/9/21,16126.92 ,16126.92 ,16126.92 ,16126.92 ,402.00 
2012/9/24,16010.83 ,16010.83 ,16010.83 ,16010.83 ,468.00 
2012/9/25,16064.37 ,16064.37 ,16064.37 ,16064.37 ,508.00 
2012/9/26,16092.58 ,16092.58 ,16092.58 ,16092.58 ,578.00 
2012/9/27,16096.40 ,16096.40 ,16096.40 ,16096.40 ,568.00 
2012/9/28,16163.26 ,16163.26 ,16163.26 ,16163.26 ,320.00 
2012/10/8,16018.35 ,16018.35 ,16018.35 ,16018.35 ,230.00 
2012/10/9,15994.67 ,15994.67 ,15994.67 ,15994.67 ,310.00 
2012/10/10,15866.22 ,15866.22 ,15866.22 ,15866.22 ,392.00 
2012/10/11,15786.48 ,15786.48 ,15786.48 ,15786.48 ,768.00 
2012/10/12,15772.33 ,15772.33 ,15772.33 ,15772.33 ,730.00 
2012/10/15,15648.49 ,15648.49 ,15648.49 ,15648.49 ,554.00 
2012/10/16,15697.44 ,15697.44 ,15697.44 ,15697.44 ,346.00 
2012/10/17,15644.80 ,15644.80 ,15644.80 ,15644.80 ,220.00 
2012/10/18,15743.52 ,15743.52 ,15743.52 ,15743.52 ,204.00 
2012/10/19,15607.52 ,15607.52 ,15607.52 ,15607.52 ,204.00 
2012/10/22,15504.79 ,15504.79 ,15504.79 ,15504.79 ,336.00 
2012/10/23,15293.76 ,15293.76 ,15293.76 ,15293.76 ,702.00 
2012/10/24,15311.57 ,15311.57 ,15311.57 ,15311.57 ,410.00 
2012/10/25,15290.63 ,15290.63 ,15290.63 ,15290.63 ,288.00 
2012/10/26,15133.37 ,15133.37 ,15133.37 ,15133.37 ,434.00 
2012/10/29,15152.73 ,15152.73 ,15152.73 ,15152.73 ,312.00 
2012/10/30,15147.27 ,15147.27 ,15147.27 ,15147.27 ,100.00 
2012/10/31,15250.69 ,15250.69 ,15250.69 ,15250.69 ,416.00 
2012/11/1,15280.47 ,15280.47 ,15280.47 ,15280.47 ,368.00 
2012/11/2,15277.61 ,15277.61 ,15277.61 ,15277.61 ,444.00 
2012/11/5,15167.43 ,15167.43 ,15167.43 ,15167.43 ,320.00 
2012/11/6,15296.91 ,15296.91 ,15296.91 ,15296.91 ,412.00 
2012/11/7,15364.69 ,15364.69 ,15364.69 ,15364.69 ,550.00 
2012/11/8,15289.39 ,15289.39 ,15289.39 ,15289.39 ,396.00 
2012/11/9,15310.38 ,15310.38 ,15310.38 ,15310.38 ,1052.00 
2012/11/12,15143.00 ,15143.00 ,15143.00 ,15143.00 ,654.00 
2012/11/13,15228.31 ,15228.31 ,15228.31 ,15228.31 ,672.00 
2012/11/14,15285.32 ,15285.32 ,15285.32 ,15285.32 ,1114.00 
2012/11/15,15298.92 ,15298.92 ,15298.92 ,15298.92 ,670.00 
2012/11/16,15282.05 ,15282.05 ,15282.05 ,15282.05 ,714.00 
2012/11/19,15260.78 ,15260.78 ,15260.78 ,15260.78 ,178.00 
2012/11/20,15267.26 ,15267.26 ,15267.26 ,15267.26 ,496.00 
2012/11/21,15224.15 ,15224.15 ,15224.15 ,15224.15 ,502.00 
2012/11/22,15221.79 ,15221.79 ,15221.79 ,15221.79 ,276.00 
2012/11/23,15248.51 ,15248.51 ,15248.51 ,15248.51 ,394.00 
2012/11/26,15304.98 ,15304.98 ,15304.98 ,15304.98 ,1116.00 
2012/11/27,15277.28 ,15277.28 ,15277.28 ,15277.28 ,458.00 
2012/11/28,15246.81 ,15246.81 ,15246.81 ,15246.81 ,714.00 
2012/11/29,15254.08 ,15254.08 ,15254.08 ,15254.08 ,276.00 
2012/11/30,15312.09 ,15312.09 ,15312.09 ,15312.09 ,910.00 
2012/12/3,15288.24 ,15288.24 ,15288.24 ,15288.24 ,436.00 
2012/12/4,15158.19 ,15158.19 ,15158.19 ,15158.19 ,650.00 
2012/12/5,15246.83 ,15246.83 ,15246.83 ,15246.83 ,572.00 
2012/12/6,15186.39 ,15186.39 ,15186.39 ,15186.39 ,490.00 
2012/12/7,15123.82 ,15123.82 ,15123.82 ,15123.82 ,556.00 
2012/12/10,15179.20 ,15179.20 ,15179.20 ,15179.20 ,766.00 
2012/12/11,15216.79 ,15216.79 ,15216.79 ,15216.79 ,906.00 
2012/12/12,15224.69 ,15224.69 ,15224.69 ,15224.69 ,828.00 
2012/12/13,15220.99 ,15220.99 ,15220.99 ,15220.99 ,696.00 
2012/12/14,15246.39 ,15246.39 ,15246.39 ,15246.39 ,470.00 
2012/12/17,15225.05 ,15225.05 ,15225.05 ,15225.05 ,866.00 
2012/12/18,15313.20 ,15313.20 ,15313.20 ,15313.20 ,512.00 
2012/12/19,15291.08 ,15291.08 ,15291.08 ,15291.08 ,502.00 
2012/12/20,15298.79 ,15298.79 ,15298.79 ,15298.79 ,778.00 
2012/12/21,15252.57 ,15252.57 ,15252.57 ,15252.57 ,274.00 
2012/12/24,15247.27 ,15247.27 ,15247.27 ,15247.27 ,422.00 
2012/12/25,15251.64 ,15251.64 ,15251.64 ,15251.64 ,230.00 
2012/12/26,15217.11 ,15217.11 ,15217.11 ,15217.11 ,426.00 
2012/12/27,15239.98 ,15239.98 ,15239.98 ,15239.98 ,378.00 
2012/12/28,15257.57 ,15257.57 ,15257.57 ,15257.57 ,1046.00 
2012/12/31,15281.56 ,15281.56 ,15281.56 ,15281.56 ,514.00 
2013/1/4,15264.03 ,15264.03 ,15264.03 ,15264.03 ,914.00 
2013/1/7,15206.80 ,15206.80 ,15206.80 ,15206.80 ,830.00 
2013/1/8,15155.99 ,15155.99 ,15155.99 ,15155.99 ,440.00 
2013/1/9,15162.81 ,15162.81 ,15162.81 ,15162.81 ,558.00 
2013/1/10,15242.89 ,15242.89 ,15242.89 ,15242.89 ,578.00 
2013/1/11,15241.94 ,15241.94 ,15241.94 ,15241.94 ,614.00 
2013/1/14,15164.75 ,15164.75 ,15164.75 ,15164.75 ,628.00 
2013/1/15,15038.83 ,15038.83 ,15038.83 ,15038.83 ,874.00 
2013/1/16,15142.78 ,15142.78 ,15142.78 ,15142.78 ,420.00 
2013/1/17,15087.10 ,15087.10 ,15087.10 ,15087.10 ,636.00 
2013/1/18,15173.53 ,15173.53 ,15173.53 ,15173.53 ,242.00 
2013/1/21,15146.33 ,15146.33 ,15146.33 ,15146.33 ,84.00 
2013/1/22,15218.14 ,15218.14 ,15218.14 ,15218.14 ,1306.00 
2013/1/23,15253.38 ,15253.38 ,15253.38 ,15253.38 ,668.00 
2013/1/24,15228.30 ,15228.30 ,15228.30 ,15228.30 ,572.00 
2013/1/25,15346.61 ,15346.61 ,15346.61 ,15346.61 ,934.00 
2013/1/28,15273.67 ,15273.67 ,15273.67 ,15273.67 ,238.00 
2013/1/29,15297.81 ,15297.81 ,15297.81 ,15297.81 ,408.00 
2013/1/30,15363.51 ,15363.51 ,15363.51 ,15363.51 ,672.00 
2013/1/31,15452.51 ,15452.51 ,15452.51 ,15452.51 ,1242.00 
2013/2/1,15378.13 ,15378.13 ,15378.13 ,15378.13 ,412.00 
2013/2/4,15443.08 ,15443.08 ,15443.08 ,15443.08 ,1026.00 
2013/2/5,15361.53 ,15361.53 ,15361.53 ,15361.53 ,642.00 
2013/2/6,15312.94 ,15312.94 ,15312.94 ,15312.94 ,278.00 
2013/2/7,15245.63 ,15245.63 ,15245.63 ,15245.63 ,348.00 
2013/2/8,15292.40 ,15292.40 ,15292.40 ,15292.40 ,110.00 
2013/2/18,15247.66 ,15247.66 ,15247.66 ,15247.66 ,706.00 
2013/2/19,15273.80 ,15273.80 ,15273.80 ,15273.80 ,344.00 
2013/2/20,15267.78 ,15267.78 ,15267.78 ,15267.78 ,338.00 
2013/2/21,15037.11 ,15037.11 ,15037.11 ,15037.11 ,710.00 
2013/2/22,15115.53 ,15115.53 ,15115.53 ,15115.53 ,1190.00 
2013/2/25,15096.30 ,15096.30 ,15096.30 ,15096.30 ,620.00 
2013/2/26,14978.19 ,14978.19 ,14978.19 ,14978.19 ,504.00 
2013/2/27,15049.31 ,15049.31 ,15049.31 ,15049.31 ,564.00 
2013/2/28,15014.34 ,15014.34 ,15014.34 ,15014.34 ,566.00 
2013/3/1,14884.88 ,14884.88 ,14884.88 ,14884.88 ,900.00 
2013/3/4,14785.11 ,14785.11 ,14785.11 ,14785.11 ,840.00 
2013/3/5,14800.33 ,14800.33 ,14800.33 ,14800.33 ,512.00 
2013/3/6,14775.93 ,14775.93 ,14775.93 ,14775.93 ,360.00 
2013/3/7,14691.22 ,14691.22 ,14691.22 ,14691.22 ,1048.00 
2013/3/8,14743.61 ,14743.61 ,14743.61 ,14743.61 ,660.00 
2013/3/11,14697.31 ,14697.31 ,14697.31 ,14697.31 ,574.00 
2013/3/12,14647.52 ,14647.52 ,14647.52 ,14647.52 ,410.00 
2013/3/13,14690.67 ,14690.67 ,14690.67 ,14690.67 ,254.00 
2013/3/14,14646.70 ,14646.70 ,14646.70 ,14646.70 ,440.00 
2013/3/15,14648.37 ,14648.37 ,14648.37 ,14648.37 ,616.00 
2013/3/18,14498.40 ,14498.40 ,14498.40 ,14498.40 ,664.00 
2013/3/19,14514.12 ,14514.12 ,14514.12 ,14514.12 ,502.00 
2013/3/20,14556.57 ,14556.57 ,14556.57 ,14556.57 ,598.00 
2013/3/21,14597.34 ,14597.34 ,14597.34 ,14597.34 ,244.00 
2013/3/22,14516.39 ,14516.39 ,14516.39 ,14516.39 ,332.00 
2013/3/25,14608.34 ,14608.34 ,14608.34 ,14608.34 ,504.00 
2013/3/26,14591.88 ,14591.88 ,14591.88 ,14591.88 ,384.00 
2013/3/27,14460.63 ,14460.63 ,14460.63 ,14460.63 ,890.00 
2013/3/28,14478.84 ,14478.84 ,14478.84 ,14478.84 ,698.00 
2013/3/29,14381.17 ,14381.17 ,14381.17 ,14381.17 ,922.00 
2013/4/1,14322.38 ,14322.38 ,14322.38 ,14322.38 ,416.00 
2013/4/2,14400.79 ,14400.79 ,14400.79 ,14400.79 ,870.00 
2013/4/3,14302.87 ,14302.87 ,14302.87 ,14302.87 ,646.00 
2013/4/8,14362.68 ,14362.68 ,14362.68 ,14362.68 ,424.00 
2013/4/9,14414.90 ,14414.90 ,14414.90 ,14414.90 ,460.00 
2013/4/10,14414.02 ,14414.02 ,14414.02 ,14414.02 ,204.00 
2013/4/11,14374.72 ,14374.72 ,14374.72 ,14374.72 ,224.00 
2013/4/12,14359.96 ,14359.96 ,14359.96 ,14359.96 ,362.00 
2013/4/15,13973.21 ,13973.21 ,13973.21 ,13973.21 ,552.00 
2013/4/16,14020.58 ,14020.58 ,14020.58 ,14020.58 ,878.00 
2013/4/17,13958.99 ,13958.99 ,13958.99 ,13958.99 ,840.00 
2013/4/18,13633.26 ,13633.26 ,13633.26 ,13633.26 ,752.00 
2013/4/19,13862.90 ,13862.90 ,13862.90 ,13862.90 ,546.00 
2013/4/22,13712.39 ,13712.39 ,13712.39 ,13712.39 ,836.00 
2013/4/23,13692.74 ,13692.74 ,13692.74 ,13692.74 ,228.00 
2013/4/24,13833.07 ,13833.07 ,13833.07 ,13833.07 ,716.00 
2013/4/25,13885.76 ,13885.76 ,13885.76 ,13885.76 ,278.00 
2013/4/26,13890.01 ,13890.01 ,13890.01 ,13890.01 ,636.00 
2013/5/2,13689.33 ,13689.33 ,13689.33 ,13689.33 ,1108.00 
2013/5/3,13759.31 ,13759.31 ,13759.31 ,13759.31 ,592.00 
2013/5/6,13878.01 ,13878.01 ,13878.01 ,13878.01 ,846.00 
2013/5/7,13879.15 ,13879.15 ,13879.15 ,13879.15 ,370.00 
2013/5/8,13913.80 ,13913.80 ,13913.80 ,13913.80 ,264.00 
2013/5/9,13852.41 ,13852.41 ,13852.41 ,13852.41 ,512.00 
2013/5/10,13892.73 ,13892.73 ,13892.73 ,13892.73 ,356.00 
2013/5/13,13850.88 ,13850.88 ,13850.88 ,13850.88 ,550.00 
2013/5/14,13814.00 ,13814.00 ,13814.00 ,13814.00 ,212.00 
2013/5/15,13778.48 ,13778.48 ,13778.48 ,13778.48 ,714.00 
2013/5/16,13826.15 ,13826.15 ,13826.15 ,13826.15 ,466.00 
2013/5/17,13866.54 ,13866.54 ,13866.54 ,13866.54 ,336.00 
2013/5/20,13822.23 ,13822.23 ,13822.23 ,13822.23 ,264.00 
2013/5/21,13875.40 ,13875.40 ,13875.40 ,13875.40 ,304.00 
2013/5/22,13923.40 ,13923.40 ,13923.40 ,13923.40 ,120.00 
2013/5/23,13833.20 ,13833.20 ,13833.20 ,13833.20 ,368.00 
2013/5/24,13875.02 ,13875.02 ,13875.02 ,13875.02 ,302.00 
2013/5/27,13872.05 ,13872.05 ,13872.05 ,13872.05 ,302.00 
2013/5/28,13848.98 ,13848.98 ,13848.98 ,13848.98 ,126.00 
2013/5/29,13884.34 ,13884.34 ,13884.34 ,13884.34 ,362.00 
2013/5/30,13937.31 ,13937.31 ,13937.31 ,13937.31 ,748.00 
2013/5/31,14026.19 ,14026.19 ,14026.19 ,14026.19 ,796.00 
2013/6/3,14095.13 ,14095.13 ,14095.13 ,14095.13 ,480.00 
2013/6/4,14129.74 ,14129.74 ,14129.74 ,14129.74 ,1266.00 
2013/6/5,14223.57 ,14223.57 ,14223.57 ,14223.57 ,864.00 
2013/6/6,14134.63 ,14134.63 ,14134.63 ,14134.63 ,576.00 
2013/6/7,14133.19 ,14133.19 ,14133.19 ,14133.19 ,404.00 
2013/6/13,13949.28 ,13949.28 ,13949.28 ,13949.28 ,700.00 
2013/6/14,13968.49 ,13968.49 ,13968.49 ,13968.49 ,676.00 
2013/6/17,14014.85 ,14014.85 ,14014.85 ,14014.85 ,208.00 
2013/6/18,14053.90 ,14053.90 ,14053.90 ,14053.90 ,318.00 
2013/6/19,14078.58 ,14078.58 ,14078.58 ,14078.58 ,320.00 
2013/6/20,13910.24 ,13910.24 ,13910.24 ,13910.24 ,1116.00 
2013/6/21,13911.37 ,13911.37 ,13911.37 ,13911.37 ,318.00 
2013/6/24,13847.72 ,13847.72 ,13847.72 ,13847.72 ,456.00 
2013/6/25,13821.18 ,13821.18 ,13821.18 ,13821.18 ,416.00 
2013/6/26,13813.78 ,13813.78 ,13813.78 ,13813.78 ,268.00 
2013/6/27,13858.12 ,13858.12 ,13858.12 ,13858.12 ,296.00 
2013/6/28,13817.11 ,13817.11 ,13817.11 ,13817.11 ,300.00 
2013/7/1,13862.82 ,13862.82 ,13862.82 ,13862.82 ,274.00 
2013/7/2,14045.55 ,14045.55 ,14045.55 ,14045.55 ,306.00 
2013/7/3,13899.34 ,13899.34 ,13899.34 ,13899.34 ,336.00 
2013/7/4,13867.43 ,13867.43 ,13867.43 ,13867.43 ,330.00 
2013/7/5,13806.60 ,13806.60 ,13806.60 ,13806.60 ,492.00 
2013/7/8,13785.93 ,13785.93 ,13785.93 ,13785.93 ,732.00 
2013/7/9,13828.84 ,13828.84 ,13828.84 ,13828.84 ,282.00 
2013/7/10,13793.49 ,13793.49 ,13793.49 ,13793.49 ,348.00 
2013/7/11,13885.35 ,13885.35 ,13885.35 ,13885.35 ,472.00 
2013/7/12,13813.95 ,13813.95 ,13813.95 ,13813.95 ,238.00 
2013/7/15,13833.89 ,13833.89 ,13833.89 ,13833.89 ,320.00 
2013/7/16,13873.62 ,13873.62 ,13873.62 ,13873.62 ,136.00 
2013/7/17,13872.87 ,13872.87 ,13872.87 ,13872.87 ,128.00 
2013/7/18,13834.22 ,13834.22 ,13834.22 ,13834.22 ,712.00 
2013/7/19,13818.82 ,13818.82 ,13818.82 ,13818.82 ,392.00 
2013/7/22,13866.45 ,13866.45 ,13866.45 ,13866.45 ,248.00 
2013/7/23,13856.19 ,13856.19 ,13856.19 ,13856.19 ,150.00 
2013/7/24,13849.34 ,13849.34 ,13849.34 ,13849.34 ,380.00 
2013/7/25,13860.81 ,13860.81 ,13860.81 ,13860.81 ,350.00 
2013/7/26,13844.34 ,13844.34 ,13844.34 ,13844.34 ,374.00 
2013/7/29,13772.93 ,13772.93 ,13772.93 ,13772.93 ,404.00 
2013/7/30,13772.77 ,13772.77 ,13772.77 ,13772.77 ,390.00 
2013/7/31,13774.23 ,13774.23 ,13774.23 ,13774.23 ,342.00 
2013/8/1,13871.45 ,13871.45 ,13871.45 ,13871.45 ,958.00 
2013/8/2,13874.65 ,13874.65 ,13874.65 ,13874.65 ,470.00 
2013/8/5,13921.05 ,13921.05 ,13921.05 ,13921.05 ,264.00 
2013/8/6,13943.45 ,13943.45 ,13943.45 ,13943.45 ,534.00 
2013/8/7,13952.64 ,13952.64 ,13952.64 ,13952.64 ,488.00 
2013/8/8,14082.82 ,14082.82 ,14082.82 ,14082.82 ,712.00 
2013/8/9,14244.63 ,14244.63 ,14244.63 ,14244.63 ,638.00 
2013/8/12,14328.17 ,14328.17 ,14328.17 ,14328.17 ,1838.00 
2013/8/13,14374.37 ,14374.37 ,14374.37 ,14374.37 ,808.00 
2013/8/14,14281.84 ,14281.84 ,14281.84 ,14281.84 ,338.00 
2013/8/15,14507.53 ,14507.53 ,14507.53 ,14507.53 ,884.00 
2013/8/16,14892.49 ,14892.49 ,14892.49 ,14892.49 ,830.00 
2013/8/19,14899.91 ,14899.91 ,14899.91 ,14899.91 ,704.00 
2013/8/20,14701.66 ,14701.66 ,14701.66 ,14701.66 ,770.00 
2013/8/21,14752.95 ,14752.95 ,14752.95 ,14752.95 ,624.00 
2013/8/22,14766.83 ,14766.83 ,14766.83 ,14766.83 ,776.00 
2013/8/23,14773.99 ,14773.99 ,14773.99 ,14773.99 ,368.00 
2013/8/26,14898.34 ,14898.34 ,14898.34 ,14898.34 ,364.00 
2013/8/27,14800.82 ,14800.82 ,14800.82 ,14800.82 ,476.00 
2013/8/28,14783.56 ,14783.56 ,14783.56 ,14783.56 ,702.00 
2013/8/29,14756.87 ,14756.87 ,14756.87 ,14756.87 ,298.00 
2013/8/30,14632.38 ,14632.38 ,14632.38 ,14632.38 ,604.00 
2013/9/2,14678.08 ,14678.08 ,14678.08 ,14678.08 ,3254.00 
2013/9/3,14535.17 ,14535.17 ,14535.17 ,14535.17 ,1492.00 
2013/9/4,14408.72 ,14408.72 ,14408.72 ,14408.72 ,2236.00 
2013/9/5,14338.37 ,14338.37 ,14338.37 ,14338.37 ,2484.00 
2013/9/6,14320.52 ,14320.52 ,14320.52 ,14320.52 ,2456.00 
2013/9/9,14454.14 ,14454.14 ,14454.14 ,14454.14 ,2900.00 
2013/9/10,14334.81 ,14334.81 ,14334.81 ,14334.81 ,2594.00 
2013/9/11,14336.74 ,14336.74 ,14336.74 ,14336.74 ,3938.00 
2013/9/12,14209.65 ,14209.65 ,14209.65 ,14209.65 ,3096.00 
2013/9/13,14238.05 ,14238.05 ,14238.05 ,14238.05 ,3298.00 
2013/9/16,13969.05 ,13969.05 ,13969.05 ,13969.05 ,4400.00 
2013/9/17,13921.91 ,13921.91 ,13921.91 ,13921.91 ,6504.00 
2013/9/18,13981.20 ,13981.20 ,13981.20 ,13981.20 ,2914.00 
2013/9/23,14086.99 ,14086.99 ,14086.99 ,14086.99 ,5088.00 
2013/9/24,14073.31 ,14073.31 ,14073.31 ,14073.31 ,3416.00 
2013/9/25,14081.80 ,14081.80 ,14081.80 ,14081.80 ,2706.00 
2013/9/26,14080.13 ,14080.13 ,14080.13 ,14080.13 ,2374.00 
2013/9/27,14073.57 ,14073.57 ,14073.57 ,14073.57 ,1374.00 
2013/9/30,14086.92 ,14086.92 ,14086.92 ,14086.92 ,1976.00 
2013/10/8,14037.25 ,14037.25 ,14037.25 ,14037.25 ,1184.00 
2013/10/9,14064.01 ,14064.01 ,14064.01 ,14064.01 ,1654.00 
2013/10/10,14094.09 ,14094.09 ,14094.09 ,14094.09 ,1860.00 
2013/10/11,14100.53 ,14100.53 ,14100.53 ,14100.53 ,2406.00 
2013/10/14,14247.54 ,14247.54 ,14247.54 ,14247.54 ,1574.00 
2013/10/15,14182.40 ,14182.40 ,14182.40 ,14182.40 ,1642.00 
2013/10/16,14215.56 ,14215.56 ,14215.56 ,14215.56 ,2738.00 
2013/10/17,14266.14 ,14266.14 ,14266.14 ,14266.14 ,2780.00 
2013/10/18,14374.02 ,14374.02 ,14374.02 ,14374.02 ,2436.00 
2013/10/21,14454.40 ,14454.40 ,14454.40 ,14454.40 ,3802.00 
2013/10/22,14490.43 ,14490.43 ,14490.43 ,14490.43 ,4506.00 
2013/10/23,14428.08 ,14428.08 ,14428.08 ,14428.08 ,2856.00 
2013/10/24,14383.16 ,14383.16 ,14383.16 ,14383.16 ,1848.00 
2013/10/25,14308.34 ,14308.34 ,14308.34 ,14308.34 ,1884.00 
2013/10/28,14429.01 ,14429.01 ,14429.01 ,14429.01 ,3294.00 
2013/10/29,14466.09 ,14466.09 ,14466.09 ,14466.09 ,2866.00 
2013/10/30,14474.63 ,14474.63 ,14474.63 ,14474.63 ,2838.00 
2013/10/31,14362.83 ,14362.83 ,14362.83 ,14362.83 ,3210.00 
2013/11/1,14428.16 ,14428.16 ,14428.16 ,14428.16 ,1474.00 
2013/11/4,14365.93 ,14365.93 ,14365.93 ,14365.93 ,2902.00 
2013/11/5,14332.14 ,14332.14 ,14332.14 ,14332.14 ,2340.00 
2013/11/6,14330.77 ,14330.77 ,14330.77 ,14330.77 ,2152.00 
2013/11/7,14319.02 ,14319.02 ,14319.02 ,14319.02 ,1212.00 
2013/11/8,14255.53 ,14255.53 ,14255.53 ,14255.53 ,952.00 
2013/11/11,14221.31 ,14221.31 ,14221.31 ,14221.31 ,1686.00 
2013/11/12,14114.83 ,14114.83 ,14114.83 ,14114.83 ,1580.00 
2013/11/13,14022.89 ,14022.89 ,14022.89 ,14022.89 ,2792.00 
2013/11/14,14064.12 ,14064.12 ,14064.12 ,14064.12 ,3326.00 
2013/11/15,14026.34 ,14026.34 ,14026.34 ,14026.34 ,2386.00 
2013/11/18,14023.19 ,14023.19 ,14023.19 ,14023.19 ,1824.00 
2013/11/19,13898.08 ,13898.08 ,13898.08 ,13898.08 ,5984.00 
2013/11/20,13993.10 ,13993.10 ,13993.10 ,13993.10 ,3064.00 
2013/11/21,13928.50 ,13928.50 ,13928.50 ,13928.50 ,4110.00 
2013/11/22,13956.26 ,13956.26 ,13956.26 ,13956.26 ,2728.00 
2013/11/25,13911.82 ,13911.82 ,13911.82 ,13911.82 ,1830.00 
2013/11/26,13949.89 ,13949.89 ,13949.89 ,13949.89 ,3264.00 
2013/11/27,13937.62 ,13937.62 ,13937.62 ,13937.62 ,3114.00 
2013/11/28,13901.12 ,13901.12 ,13901.12 ,13901.12 ,3152.00 
2013/11/29,13902.87 ,13902.87 ,13902.87 ,13902.87 ,3176.00 
2013/12/2,13913.29 ,13913.29 ,13913.29 ,13913.29 ,2016.00 
2013/12/3,13844.48 ,13844.48 ,13844.48 ,13844.48 ,2680.00 
2013/12/4,13885.88 ,13885.88 ,13885.88 ,13885.88 ,1862.00 
2013/12/5,13897.25 ,13897.25 ,13897.25 ,13897.25 ,1772.00 
2013/12/6,13921.04 ,13921.04 ,13921.04 ,13921.04 ,1884.00 
2013/12/9,13925.28 ,13925.28 ,13925.28 ,13925.28 ,3208.00 
2013/12/10,13999.35 ,13999.35 ,13999.35 ,13999.35 ,3586.00 
2013/12/11,14001.72 ,14001.72 ,14001.72 ,14001.72 ,4132.00 
2013/12/12,14073.17 ,14073.17 ,14073.17 ,14073.17 ,4184.00 
2013/12/13,14013.93 ,14013.93 ,14013.93 ,14013.93 ,2872.00 
2013/12/16,14104.91 ,14104.91 ,14104.91 ,14104.91 ,3352.00 
2013/12/17,14347.00 ,14347.00 ,14347.00 ,14347.00 ,6714.00 
2013/12/18,14281.59 ,14281.59 ,14281.59 ,14281.59 ,6826.00 
2013/12/19,14222.60 ,14222.60 ,14222.60 ,14222.60 ,5064.00 
2013/12/20,14326.54 ,14326.54 ,14326.54 ,14326.54 ,7114.00 
2013/12/23,14320.33 ,14320.33 ,14320.33 ,14320.33 ,9570.00 
2013/12/24,14345.55 ,14345.55 ,14345.55 ,14345.55 ,6962.00 
2013/12/25,14418.96 ,14418.96 ,14418.96 ,14418.96 ,9254.00 
2013/12/26,14315.55 ,14315.55 ,14315.55 ,14315.55 ,5584.00 
2013/12/27,14345.59 ,14345.59 ,14345.59 ,14345.59 ,4084.00 
2013/12/30,14390.56 ,14390.56 ,14390.56 ,14390.56 ,5090.00 
2013/12/31,14336.97 ,14336.97 ,14336.97 ,14336.97 ,3762.00 
2014/1/2,14375.24 ,14375.24 ,14375.24 ,14375.24 ,2544.00 
2014/1/3,14242.63 ,14242.63 ,14242.63 ,14242.63 ,3094.00 
2014/1/6,14149.54 ,14149.54 ,14149.54 ,14149.54 ,4884.00 
2014/1/7,14165.87 ,14165.87 ,14165.87 ,14165.87 ,7708.00 
2014/1/8,14147.97 ,14147.97 ,14147.97 ,14147.97 ,6086.00 
2014/1/9,14018.90 ,14018.90 ,14018.90 ,14018.90 ,4080.00 
2014/1/10,14044.21 ,14044.21 ,14044.21 ,14044.21 ,2500.00 
2014/1/13,14088.85 ,14088.85 ,14088.85 ,14088.85 ,2810.00 
2014/1/14,14111.50 ,14111.50 ,14111.50 ,14111.50 ,1822.00 
2014/1/15,14084.41 ,14084.41 ,14084.41 ,14084.41 ,2968.00 
2014/1/16,14130.51 ,14130.51 ,14130.51 ,14130.51 ,3734.00 
2014/1/17,14112.04 ,14112.04 ,14112.04 ,14112.04 ,1798.00 
2014/1/20,14165.31 ,14165.31 ,14165.31 ,14165.31 ,4140.00 
2014/1/21,14062.35 ,14062.35 ,14062.35 ,14062.35 ,2502.00 
2014/1/22,14123.90 ,14123.90 ,14123.90 ,14123.90 ,9854.00 
2014/1/23,14054.31 ,14054.31 ,14054.31 ,14054.31 ,4024.00 
2014/1/24,14070.69 ,14070.69 ,14070.69 ,14070.69 ,1038.00 
2014/1/27,14048.19 ,14048.19 ,14048.19 ,14048.19 ,1240.00 
2014/1/28,14021.18 ,14021.18 ,14021.18 ,14021.18 ,2016.00 
2014/1/29,14070.00 ,14070.00 ,14070.00 ,14070.00 ,1424.00 
2014/1/30,14051.11 ,14051.11 ,14051.11 ,14051.11 ,744.00 
2014/2/7,14047.87 ,14047.87 ,14047.87 ,14047.87 ,802.00 
2014/2/10,14052.56 ,14052.56 ,14052.56 ,14052.56 ,3232.00 
2014/2/11,13975.49 ,13975.49 ,13975.49 ,13975.49 ,4398.00 
2014/2/12,13993.49 ,13993.49 ,13993.49 ,13993.49 ,3080.00 
2014/2/13,13973.93 ,13973.93 ,13973.93 ,13973.93 ,2380.00 
2014/2/14,13966.68 ,13966.68 ,13966.68 ,13966.68 ,3328.00 
2014/2/17,14001.41 ,14001.41 ,14001.41 ,14001.41 ,4918.00 
2014/2/18,13969.49 ,13969.49 ,13969.49 ,13969.49 ,2072.00 
2014/2/19,14074.51 ,14074.51 ,14074.51 ,14074.51 ,3656.00 
2014/2/20,13992.31 ,13992.31 ,13992.31 ,13992.31 ,2606.00 
2014/2/21,13999.00 ,13999.00 ,13999.00 ,13999.00 ,1850.00 
2014/2/24,13897.24 ,13897.24 ,13897.24 ,13897.24 ,4662.00 
2014/2/25,13889.10 ,13889.10 ,13889.10 ,13889.10 ,3100.00 
2014/2/26,13879.60 ,13879.60 ,13879.60 ,13879.60 ,2906.00 
2014/2/27,13881.06 ,13881.06 ,13881.06 ,13881.06 ,2282.00 
2014/2/28,13886.43 ,13886.43 ,13886.43 ,13886.43 ,2494.00 
2014/3/3,13812.30 ,13812.30 ,13812.30 ,13812.30 ,5492.00 
2014/3/4,13842.44 ,13842.44 ,13842.44 ,13842.44 ,3368.00 
2014/3/5,13944.32 ,13944.32 ,13944.32 ,13944.32 ,4220.00 
2014/3/6,13789.42 ,13789.42 ,13789.42 ,13789.42 ,3166.00 
2014/3/7,13823.27 ,13823.27 ,13823.27 ,13823.27 ,3304.00 
2014/3/10,13608.08 ,13608.08 ,13608.08 ,13608.08 ,8790.00 
2014/3/11,13803.34 ,13803.34 ,13803.34 ,13803.34 ,5808.00 
2014/3/12,13677.91 ,13677.91 ,13677.91 ,13677.91 ,5296.00 
2014/3/13,13603.50 ,13603.50 ,13603.50 ,13603.50 ,4564.00 
2014/3/14,13602.24 ,13602.24 ,13602.24 ,13602.24 ,4206.00 
2014/3/17,13585.68 ,13585.68 ,13585.68 ,13585.68 ,2742.00 
2014/3/18,13702.71 ,13702.71 ,13702.71 ,13702.71 ,1884.00 
2014/3/19,13740.38 ,13740.38 ,13740.38 ,13740.38 ,2300.00 
2014/3/20,13746.19 ,13746.19 ,13746.19 ,13746.19 ,2304.00 
2014/3/21,13742.80 ,13742.80 ,13742.80 ,13742.80 ,872.00 
2014/3/24,13750.42 ,13750.42 ,13750.42 ,13750.42 ,1048.00 
2014/3/25,13765.03 ,13765.03 ,13765.03 ,13765.03 ,1212.00 
2014/3/26,13794.34 ,13794.34 ,13794.34 ,13794.34 ,2154.00 
2014/3/27,13760.36 ,13760.36 ,13760.36 ,13760.36 ,2364.00 
2014/3/28,13808.54 ,13808.54 ,13808.54 ,13808.54 ,1366.00 
2014/3/31,13746.66 ,13746.66 ,13746.66 ,13746.66 ,2132.00 
2014/4/1,13742.90 ,13742.90 ,13742.90 ,13742.90 ,1058.00 
2014/4/2,13727.27 ,13727.27 ,13727.27 ,13727.27 ,1366.00 
2014/4/3,13716.85 ,13716.85 ,13716.85 ,13716.85 ,1394.00 
2014/4/4,13729.01 ,13729.01 ,13729.01 ,13729.01 ,1352.00 
2014/4/8,13757.72 ,13757.72 ,13757.72 ,13757.72 ,1690.00 
2014/4/9,13752.80 ,13752.80 ,13752.80 ,13752.80 ,1800.00 
2014/4/10,13710.33 ,13710.33 ,13710.33 ,13710.33 ,3476.00 
2014/4/11,13795.49 ,13795.49 ,13795.49 ,13795.49 ,2742.00 
2014/4/14,13779.56 ,13779.56 ,13779.56 ,13779.56 ,1954.00 
2014/4/15,13737.80 ,13737.80 ,13737.80 ,13737.80 ,4168.00 
2014/4/16,13776.19 ,13776.19 ,13776.19 ,13776.19 ,1174.00 
2014/4/17,13859.81 ,13859.81 ,13859.81 ,13859.81 ,1894.00 
2014/4/18,13880.25 ,13880.25 ,13880.25 ,13880.25 ,1852.00 
2014/4/21,13911.26 ,13911.26 ,13911.26 ,13911.26 ,2466.00 
2014/4/22,13957.43 ,13957.43 ,13957.43 ,13957.43 ,1924.00 
2014/4/23,14038.21 ,14038.21 ,14038.21 ,14038.21 ,2676.00 
2014/4/24,14024.98 ,14024.98 ,14024.98 ,14024.98 ,2478.00 
2014/4/25,14020.20 ,14020.20 ,14020.20 ,14020.20 ,2232.00 
2014/4/28,13961.07 ,13961.07 ,13961.07 ,13961.07 ,1404.00 
2014/4/29,13910.68 ,13910.68 ,13910.68 ,13910.68 ,2350.00 
2014/4/30,13905.20 ,13905.20 ,13905.20 ,13905.20 ,2768.00 
2014/5/5,13906.84 ,13906.84 ,13906.84 ,13906.84 ,1344.00 
2014/5/6,13935.89 ,13935.89 ,13935.89 ,13935.89 ,2166.00 
2014/5/7,13942.07 ,13942.07 ,13942.07 ,13942.07 ,1542.00 
2014/5/8,13888.94 ,13888.94 ,13888.94 ,13888.94 ,2554.00 
2014/5/9,13908.29 ,13908.29 ,13908.29 ,13908.29 ,1848.00 
2014/5/12,14006.77 ,14006.77 ,14006.77 ,14006.77 ,2682.00 
2014/5/13,13994.59 ,13994.59 ,13994.59 ,13994.59 ,2172.00 
2014/5/14,13953.33 ,13953.33 ,13953.33 ,13953.33 ,2798.00 
2014/5/15,13973.16 ,13973.16 ,13973.16 ,13973.16 ,2998.00 
2014/5/16,13944.18 ,13944.18 ,13944.18 ,13944.18 ,1786.00 
2014/5/19,14012.70 ,14012.70 ,14012.70 ,14012.70 ,1270.00 
2014/5/20,14000.82 ,14000.82 ,14000.82 ,14000.82 ,1674.00 
2014/5/21,13949.07 ,13949.07 ,13949.07 ,13949.07 ,1198.00 
2014/5/22,13968.78 ,13968.78 ,13968.78 ,13968.78 ,1176.00 
2014/5/23,14020.41 ,14020.41 ,14020.41 ,14020.41 ,1514.00 
2014/5/26,14024.47 ,14024.47 ,14024.47 ,14024.47 ,1684.00 
2014/5/27,14008.38 ,14008.38 ,14008.38 ,14008.38 ,1600.00 
2014/5/28,14042.22 ,14042.22 ,14042.22 ,14042.22 ,2254.00 
2014/5/29,14013.98 ,14013.98 ,14013.98 ,14013.98 ,2036.00 
2014/5/30,13997.53 ,13997.53 ,13997.53 ,13997.53 ,1266.00 
2014/6/3,14019.99 ,14019.99 ,14019.99 ,14019.99 ,1420.00 
2014/6/4,13988.36 ,13988.36 ,13988.36 ,13988.36 ,1494.00 
2014/6/5,13991.59 ,13991.59 ,13991.59 ,13991.59 ,2512.00 
2014/6/6,13989.29 ,13989.29 ,13989.29 ,13989.29 ,1070.00 
2014/6/9,13973.31 ,13973.31 ,13973.31 ,13973.31 ,1724.00 
2014/6/10,14045.56 ,14045.56 ,14045.56 ,14045.56 ,1622.00 
2014/6/11,14097.52 ,14097.52 ,14097.52 ,14097.52 ,4278.00 
2014/6/12,14016.11 ,14016.11 ,14016.11 ,14016.11 ,1776.00 
2014/6/13,13943.73 ,13943.73 ,13943.73 ,13943.73 ,4076.00 
2014/6/16,13985.48 ,13985.48 ,13985.48 ,13985.48 ,1840.00 
2014/6/17,13968.71 ,13968.71 ,13968.71 ,13968.71 ,1318.00 
2014/6/18,13992.58 ,13992.58 ,13992.58 ,13992.58 ,1764.00 
2014/6/19,13984.47 ,13984.47 ,13984.47 ,13984.47 ,1324.00 
2014/6/20,14120.92 ,14120.92 ,14120.92 ,14120.92 ,4708.00 
2014/6/23,14138.87 ,14138.87 ,14138.87 ,14138.87 ,3240.00 
2014/6/24,14157.00 ,14157.00 ,14157.00 ,14157.00 ,6194.00 
2014/6/25,14130.53 ,14130.53 ,14130.53 ,14130.53 ,3836.00 
2014/6/26,14155.35 ,14155.35 ,14155.35 ,14155.35 ,2200.00 
2014/6/27,14148.52 ,14148.52 ,14148.52 ,14148.52 ,3182.00 
2014/6/30,14121.96 ,14121.96 ,14121.96 ,14121.96 ,2080.00 
2014/7/1,14123.79 ,14123.79 ,14123.79 ,14123.79 ,2642.00 
2014/7/2,14050.08 ,14050.08 ,14050.08 ,14050.08 ,3076.00 
2014/7/3,14201.00 ,14201.00 ,14201.00 ,14201.00 ,4306.00 
2014/7/4,14103.09 ,14103.09 ,14103.09 ,14103.09 ,1354.00 
2014/7/7,14028.67 ,14028.67 ,14028.67 ,14028.67 ,1478.00 
2014/7/8,14154.12 ,14154.12 ,14154.12 ,14154.12 ,2688.00 
2014/7/9,14124.12 ,14124.12 ,14124.12 ,14124.12 ,2412.00 
2014/7/10,14099.60 ,14099.60 ,14099.60 ,14099.60 ,1226.00 
2014/7/11,14079.89 ,14079.89 ,14079.89 ,14079.89 ,1148.00 
2014/7/14,14121.72 ,14121.72 ,14121.72 ,14121.72 ,1630.00 
2014/7/15,14124.09 ,14124.09 ,14124.09 ,14124.09 ,950.00 
2014/7/16,14113.40 ,14113.40 ,14113.40 ,14113.40 ,1360.00 
2014/7/17,14128.02 ,14128.02 ,14128.02 ,14128.02 ,970.00 
2014/7/18,14100.89 ,14100.89 ,14100.89 ,14100.89 ,1580.00 
2014/7/21,14131.28 ,14131.28 ,14131.28 ,14131.28 ,1020.00 
2014/7/22,14201.16 ,14201.16 ,14201.16 ,14201.16 ,3722.00 
2014/7/23,14226.36 ,14226.36 ,14226.36 ,14226.36 ,2830.00 
2014/7/24,14206.18 ,14206.18 ,14206.18 ,14206.18 ,2104.00 
2014/7/25,14771.02 ,14771.02 ,14771.02 ,14771.02 ,22730.00 
2014/7/28,15267.40 ,15267.40 ,15267.40 ,15267.40 ,119466.00 
2014/7/29,15329.97 ,15329.97 ,15329.97 ,15329.97 ,128514.00 
2014/7/30,14877.63 ,14877.63 ,14877.63 ,14877.63 ,193476.00 
2014/7/31,14846.99 ,14846.99 ,14846.99 ,14846.99 ,134954.00 
2014/8/1,14772.09 ,14772.09 ,14772.09 ,14772.09 ,103824.00 
2014/8/4,14832.31 ,14832.31 ,14832.31 ,14832.31 ,128552.00 
2014/8/5,14899.28 ,14899.28 ,14899.28 ,14899.28 ,87436.00 
2014/8/6,14685.07 ,14685.07 ,14685.07 ,14685.07 ,87534.00 
2014/8/7,14725.77 ,14725.77 ,14725.77 ,14725.77 ,64248.00 
2014/8/8,14710.89 ,14710.89 ,14710.89 ,14710.89 ,85998.00 
2014/8/11,14688.15 ,14688.15 ,14688.15 ,14688.15 ,35350.00 
2014/8/12,0.00 ,0.00 ,0.00 ,14762.04 ,38030.00 
2014/8/13,0.00 ,0.00 ,0.00 ,14643.60 ,47836.00 
2014/8/14,0.00 ,0.00 ,0.00 ,14488.47 ,54582.00 
2014/8/15,0.00 ,0.00 ,0.00 ,14458.15 ,38814.00 
2014/8/18,0.00 ,0.00 ,0.00 ,14448.55 ,25922.00 
2014/8/19,14499.43 ,14499.43 ,14499.43 ,14499.43 ,22746.00 
2014/8/20,14483.47 ,14572.14 ,14470.01 ,14549.92 ,28652.00 
2014/8/21,14594.98 ,14713.42 ,14552.62 ,14599.53 ,47964.00 
2014/8/22,14627.58 ,14673.84 ,14592.33 ,14644.11 ,35454.00 
2014/8/25,14647.66 ,14647.66 ,14486.74 ,14489.82 ,22688.00 
2014/8/26,14489.82 ,14590.79 ,14473.07 ,14590.79 ,15182.00 
2014/8/27,14609.79 ,14650.71 ,14510.34 ,14570.04 ,22144.00 
2014/8/28,0.00 ,0.00 ,0.00 ,14512.49 ,11886.00 
2014/8/29,14529.05 ,14529.05 ,14411.15 ,14424.35 ,16390.00 
2014/9/1,14461.04 ,14461.04 ,14313.80 ,14371.05 ,26874.00 
2014/9/2,14296.94 ,14506.31 ,14269.42 ,14476.87 ,20000.00 
2014/9/3,14462.06 ,14562.39 ,14402.92 ,14413.30 ,23054.00 
2014/9/4,14367.95 ,14471.87 ,14361.80 ,14430.04 ,15748.00 
2014/9/5,14474.20 ,14531.49 ,14378.32 ,14443.51 ,16508.00 
2014/9/9,14371.28 ,14371.28 ,14167.90 ,14196.82 ,14386.00 
2014/9/10,14164.29 ,14164.29 ,13879.02 ,13900.73 ,21496.00 
2014/9/11,13858.32 ,13981.79 ,13801.17 ,13877.22 ,22414.00 
2014/9/12,13890.97 ,14007.36 ,13890.97 ,14005.70 ,14946.00 
2014/9/15,13979.56 ,13984.32 ,13889.96 ,13962.04 ,12318.00 
2014/9/16,13967.89 ,13992.74 ,13924.80 ,13970.91 ,9018.00 
2014/9/17,0.00 ,0.00 ,0.00 ,13980.69 ,14360.00 
2014/9/18,14131.00 ,14131.00 ,13917.91 ,13927.46 ,9758.00 
2014/9/19,13920.21 ,13920.21 ,13877.11 ,13893.55 ,9006.00 
2014/9/22,13900.68 ,13900.68 ,13624.52 ,13710.32 ,19170.00 
2014/9/23,13717.56 ,13745.88 ,13630.58 ,13745.82 ,7450.00 
2014/9/24,13750.66 ,13829.76 ,13713.22 ,13789.15 ,5370.00 
2014/9/25,13764.93 ,13816.62 ,13734.72 ,13760.43 ,7372.00 
2014/9/26,13767.78 ,13799.16 ,13730.24 ,13747.56 ,5914.00 
2014/9/29,13745.71 ,13747.74 ,13668.12 ,13723.86 ,4686.00 
2014/9/30,13730.95 ,13904.13 ,13716.00 ,13877.63 ,7016.00 
2014/10/8,0.00 ,0.00 ,0.00 ,13886.48 ,2724.00 
2014/10/9,13886.48 ,13961.35 ,13837.51 ,13950.84 ,5824.00 
2014/10/10,13946.18 ,13975.80 ,13819.16 ,13819.16 ,5288.00 
2014/10/13,13808.09 ,13883.06 ,13780.82 ,13826.52 ,4422.00 
2014/10/14,13817.96 ,13838.18 ,13776.79 ,13798.28 ,2968.00 
2014/10/15,13796.05 ,13802.75 ,13650.74 ,13721.80 ,7396.00 
2014/10/16,13687.20 ,13729.87 ,13404.03 ,13535.21 ,15566.00 
2014/10/17,13496.35 ,13639.04 ,13437.75 ,13536.11 ,10216.00 
2014/10/20,13669.00 ,13731.23 ,13623.01 ,13683.46 ,6088.00 
2014/10/21,13683.45 ,13690.53 ,13599.47 ,13616.78 ,5092.00 
2014/10/22,13640.52 ,13704.35 ,13615.99 ,13653.25 ,4844.00 
2014/10/23,13653.23 ,13686.73 ,13632.92 ,13661.02 ,4822.00 
2014/10/24,13655.76 ,13681.93 ,13646.93 ,13667.62 ,2550.00 
2014/10/27,13666.48 ,13666.48 ,13608.10 ,13631.47 ,2968.00 
2014/10/28,13645.26 ,13688.89 ,13589.94 ,13612.79 ,4856.00 
2014/10/29,13628.65 ,13706.95 ,13628.46 ,13685.19 ,4070.00 
2014/10/30,13683.44 ,13717.95 ,13658.33 ,13670.10 ,5304.00 
2014/10/31,13651.09 ,13660.70 ,13609.08 ,13632.89 ,8112.00 
2014/11/3,13643.58 ,13643.58 ,13458.20 ,13476.16 ,13094.00 
2014/11/4,13480.83 ,13655.59 ,13480.83 ,13563.39 ,9970.00 
2014/11/5,13521.74 ,13521.74 ,13346.09 ,13364.01 ,6776.00 
2014/11/6,13361.62 ,13471.23 ,13354.45 ,13418.02 ,4318.00 
2014/11/7,13396.31 ,13470.14 ,13396.31 ,13450.64 ,5160.00 
2014/11/10,13444.29 ,13517.71 ,13444.29 ,13504.65 ,4310.00 
2014/11/11,13507.02 ,13519.80 ,13470.19 ,13483.53 ,4638.00 
2014/11/12,13481.10 ,13506.80 ,13471.30 ,13492.80 ,3518.00 
2014/11/13,13492.76 ,13531.29 ,13490.33 ,13490.59 ,4936.00 
2014/11/14,13483.26 ,13500.40 ,13429.45 ,13429.45 ,3956.00 
2014/11/17,13446.90 ,13515.82 ,13446.90 ,13483.61 ,5826.00 
2014/11/18,13502.42 ,13547.39 ,13452.49 ,13541.41 ,3560.00 
2014/11/19,13514.54 ,13557.62 ,13503.37 ,13530.36 ,4642.00 
2014/11/20,13539.09 ,13576.03 ,13527.56 ,13539.10 ,1828.00 
2014/11/21,13538.12 ,13562.79 ,13498.54 ,13562.79 ,4962.00 
2014/11/24,13630.66 ,13644.91 ,13567.07 ,13612.36 ,9658.00 
2014/11/25,13612.36 ,13655.41 ,13601.13 ,13650.26 ,5090.00 
2014/11/26,13660.67 ,13671.08 ,13584.93 ,13603.58 ,3792.00 
2014/11/27,13630.40 ,13633.60 ,13593.60 ,13622.70 ,2530.00 
2014/11/28,13622.77 ,13622.77 ,13531.05 ,13584.40 ,4204.00 
2014/12/1,13542.17 ,13542.17 ,13425.32 ,13441.37 ,5440.00 
2014/12/2,13454.96 ,13530.31 ,13454.96 ,13511.97 ,4216.00 
2014/12/3,13477.24 ,13488.23 ,13366.68 ,13426.54 ,2262.00 
2014/12/4,13400.44 ,13465.18 ,13395.09 ,13434.57 ,2142.00 
2014/12/5,13442.35 ,13442.35 ,13349.32 ,13377.46 ,4624.00 
2014/12/8,13368.88 ,13403.61 ,13344.11 ,13381.83 ,3626.00 
2014/12/9,13364.32 ,13381.01 ,13337.73 ,13378.52 ,2658.00 
2014/12/10,13367.77 ,13404.92 ,13345.72 ,13362.88 ,1846.00 
2014/12/11,13362.89 ,13369.00 ,13271.03 ,13315.91 ,2460.00 
2014/12/12,13302.76 ,13314.08 ,13162.39 ,13164.36 ,4928.00 
2014/12/15,13137.51 ,13164.83 ,13116.57 ,13120.69 ,6626.00 
2014/12/16,13137.28 ,13144.60 ,12981.07 ,12995.42 ,4978.00 
2014/12/17,12985.57 ,13007.59 ,12551.81 ,12565.95 ,14542.00 
2014/12/18,12480.80 ,12480.80 ,12187.41 ,12198.05 ,25642.00 
2014/12/19,12116.49 ,12489.33 ,11852.98 ,12484.62 ,70592.00 
2014/12/22,12474.58 ,12612.34 ,12415.48 ,12471.21 ,79998.00 
2014/12/23,12453.61 ,12453.61 ,12257.99 ,12363.96 ,40522.00 
2014/12/24,12344.43 ,12660.68 ,12332.96 ,12509.41 ,23362.00 
2014/12/25,12442.59 ,12477.06 ,12201.14 ,12376.32 ,26264.00 
2014/12/26,12361.53 ,12389.85 ,12255.14 ,12269.96 ,21652.00 
2014/12/29,12254.27 ,12404.86 ,12199.19 ,12306.24 ,29852.00 
2014/12/30,12227.50 ,12381.44 ,12176.65 ,12203.82 ,29420.00 
2014/12/31,12219.92 ,12523.05 ,12195.04 ,12369.80 ,33576.00 
2015/1/5,12389.27 ,12401.08 ,12389.27 ,12401.08 ,11508.00 
2015/1/6,12351.09 ,12428.44 ,12168.62 ,12401.92 ,18506.00 
2015/1/7,12394.87 ,12467.51 ,12318.22 ,12385.71 ,17586.00 
2015/1/8,12385.71 ,12463.33 ,12343.86 ,12401.12 ,12778.00 
2015/1/9,12430.40 ,12496.63 ,12366.07 ,12409.05 ,9842.00 
2015/1/12,12356.46 ,12386.90 ,12307.42 ,12332.16 ,16576.00 
2015/1/13,12257.55 ,12307.97 ,12178.53 ,12183.86 ,16652.00 
2015/1/14,12064.57 ,12155.30 ,11800.98 ,11800.98 ,38722.00 
2015/1/15,11839.86 ,12160.85 ,11839.86 ,12146.56 ,28478.00 
2015/1/16,12186.21 ,12403.30 ,12163.35 ,12187.55 ,25774.00 
2015/1/19,12188.71 ,12489.04 ,12188.71 ,12489.04 ,18838.00 
2015/1/20,12431.98 ,12472.97 ,12361.85 ,12429.88 ,13826.00 
2015/1/21,12526.65 ,12531.31 ,12458.60 ,12519.46 ,12438.00 
2015/1/22,12480.65 ,12694.13 ,12460.12 ,12618.08 ,12484.00 
2015/1/23,12626.13 ,12652.11 ,12414.57 ,12492.47 ,13288.00 
2015/1/26,12455.03 ,12455.03 ,12356.36 ,12440.51 ,12268.00 
2015/1/27,12465.75 ,12554.25 ,12465.75 ,12475.16 ,9794.00 
2015/1/28,12463.68 ,12530.38 ,12450.84 ,12530.38 ,7518.00 
2015/1/29,12528.25 ,12551.24 ,12488.82 ,12494.90 ,5534.00 
2015/1/30,12476.11 ,12491.87 ,12376.36 ,12389.65 ,8396.00 
2015/2/2,12443.44 ,12534.45 ,12443.44 ,12526.61 ,7368.00 
2015/2/3,12521.06 ,12576.68 ,12480.51 ,12548.62 ,6858.00 
2015/2/4,12445.74 ,12626.76 ,12445.74 ,12510.53 ,7572.00 
2015/2/5,12530.76 ,12593.70 ,12514.12 ,12526.07 ,5416.00 
2015/2/6,12528.67 ,12601.28 ,12526.07 ,12592.07 ,5706.00 
2015/2/9,12592.03 ,12592.03 ,12533.11 ,12534.80 ,4630.00 
2015/2/10,12554.10 ,12583.10 ,12532.00 ,12536.33 ,2686.00 
2015/2/11,12515.77 ,12524.90 ,12384.42 ,12446.69 ,5958.00 
2015/2/12,12446.69 ,12456.45 ,12255.51 ,12324.14 ,12992.00 
2015/2/13,12372.10 ,12573.40 ,12371.40 ,12567.80 ,8654.00 
2015/2/16,12557.55 ,12557.55 ,12486.45 ,12526.36 ,2558.00 
2015/2/17,12523.57 ,12580.79 ,12483.94 ,12512.18 ,3050.00 
2015/2/25,12289.66 ,12365.56 ,12251.04 ,12291.40 ,4888.00 
2015/2/26,12293.61 ,12293.61 ,12220.85 ,12257.25 ,10074.00 
2015/2/27,12265.09 ,12311.72 ,12232.10 ,12240.06 ,5780.00 
2015/3/2,12215.70 ,12215.70 ,12094.70 ,12189.70 ,12130.00 
2015/3/3,12155.20 ,12191.70 ,12144.91 ,12166.85 ,6664.00 
2015/3/4,12170.81 ,12230.40 ,12150.99 ,12224.09 ,7584.00 
2015/3/5,12228.49 ,12279.69 ,12179.33 ,12219.97 ,6756.00 
2015/3/6,12241.54 ,12283.37 ,12232.80 ,12263.22 ,7332.00 
2015/3/9,12275.19 ,12286.80 ,12172.97 ,12263.61 ,7120.00 
2015/3/10,12266.22 ,12322.29 ,12261.59 ,12288.60 ,7682.00 
2015/3/11,12264.28 ,12265.62 ,12169.47 ,12235.42 ,5614.00 
2015/3/12,12246.77 ,12370.29 ,12238.25 ,12370.29 ,2860.00 
2015/3/13,12363.18 ,12419.20 ,12300.56 ,12353.04 ,5500.00 
2015/3/16,12302.55 ,12302.55 ,12190.75 ,12280.97 ,7420.00 
2015/3/17,12271.95 ,12280.31 ,12170.60 ,12170.60 ,5724.00 
2015/3/18,12140.50 ,12175.75 ,12079.91 ,12088.94 ,6390.00 
2015/3/19,12078.47 ,12156.04 ,12015.39 ,12150.25 ,6992.00 
2015/3/20,12140.02 ,12150.32 ,12071.07 ,12071.07 ,6182.00 
2015/3/23,12201.32 ,12339.23 ,12201.32 ,12329.19 ,10386.00 
2015/3/24,12383.60 ,12510.88 ,12356.96 ,12475.41 ,11048.00 
2015/3/25,12477.70 ,12524.03 ,12384.63 ,12480.58 ,7658.00 
2015/3/26,12492.64 ,12527.16 ,12425.35 ,12488.45 ,5638.00 
2015/3/27,12490.72 ,12500.39 ,12386.48 ,12420.21 ,4770.00 
2015/3/30,12426.93 ,12488.36 ,12403.72 ,12413.28 ,5138.00 
2015/3/31,12423.77 ,12457.36 ,12357.01 ,12373.23 ,5424.00 
2015/4/1,12367.67 ,12456.88 ,12288.05 ,12439.63 ,5298.00 
2015/4/2,12434.60 ,12610.09 ,12389.93 ,12498.86 ,7368.00 
2015/4/3,12498.68 ,12657.79 ,12483.59 ,12657.79 ,7266.00 
2015/4/7,12678.76 ,12713.27 ,12616.74 ,12692.17 ,4378.00 
2015/4/8,12722.12 ,12784.12 ,12632.00 ,12682.81 ,7440.00 
2015/4/9,12702.72 ,12798.83 ,12694.26 ,12796.30 ,9598.00 
2015/4/10,12825.83 ,13268.02 ,12823.19 ,13267.98 ,18910.00 
2015/4/13,13365.93 ,13365.93 ,13207.68 ,13310.61 ,28524.00 
2015/4/14,13301.53 ,13343.12 ,12893.27 ,12932.73 ,25612.00 
2015/4/15,12978.19 ,13234.70 ,12953.12 ,13186.07 ,14242.00 
2015/4/16,13163.97 ,13353.39 ,13143.01 ,13289.16 ,18902.00 
2015/4/17,13363.74 ,13707.27 ,13363.74 ,13552.70 ,29562.00 
2015/4/20,13532.41 ,13627.00 ,13482.11 ,13563.00 ,17138.00 
2015/4/21,13536.10 ,13628.04 ,13455.68 ,13475.34 ,11374.00 
2015/4/22,13481.15 ,13737.56 ,13476.59 ,13723.82 ,15668.00 
2015/4/23,13717.07 ,13725.99 ,13413.04 ,13482.62 ,19256.00 
2015/4/24,13482.62 ,13525.87 ,13370.29 ,13496.38 ,11180.00 
2015/4/27,13627.00 ,13827.75 ,13627.00 ,13748.85 ,19696.00 
2015/4/28,13761.61 ,13875.50 ,13684.23 ,13735.33 ,16820.00 
2015/4/29,13763.32 ,13795.43 ,13652.86 ,13734.36 ,9034.00 
2015/4/30,13759.39 ,13850.73 ,13751.34 ,13787.44 ,10834.00 
2015/5/4,13840.42 ,13890.17 ,13772.81 ,13886.49 ,7110.00 
2015/5/5,13866.93 ,14010.79 ,13600.25 ,13797.44 ,10848.00 
2015/5/6,13872.37 ,13958.15 ,13838.98 ,13906.29 ,12344.00 
2015/5/7,13893.17 ,13893.17 ,13469.06 ,13510.60 ,19510.00 
2015/5/8,13543.49 ,13582.90 ,13376.68 ,13561.94 ,11622.00 
2015/5/11,13524.31 ,13561.83 ,13457.92 ,13500.66 ,9336.00 
2015/5/12,0.00 ,0.00 ,0.00 ,13293.29 ,10770.00 
2015/5/13,0.00 ,0.00 ,0.00 ,13609.04 ,9602.00 
2015/5/14,13601.56 ,13604.03 ,13412.63 ,13555.99 ,8106.00 
2015/5/15,13521.89 ,13535.90 ,13326.71 ,13375.05 ,9304.00 
2015/5/18,13343.95 ,13461.82 ,13343.95 ,13420.86 ,9468.00 
2015/5/19,13399.73 ,13455.40 ,13331.63 ,13341.35 ,7584.00 
2015/5/20,13294.36 ,13296.63 ,13169.16 ,13178.29 ,10300.00 
2015/5/21,13170.83 ,13329.11 ,13103.92 ,13275.60 ,9858.00 
2015/5/22,13280.31 ,13433.60 ,13280.31 ,13385.04 ,9146.00 
2015/5/25,13255.13 ,13278.99 ,13212.50 ,13269.16 ,9900.00 
2015/5/26,13271.87 ,13411.93 ,13233.77 ,13240.18 ,6330.00 
2015/5/27,13219.34 ,13286.37 ,13177.74 ,13286.37 ,9410.00 
2015/5/28,13266.15 ,13351.52 ,13242.89 ,13334.89 ,5526.00 
2015/5/29,13400.54 ,13418.42 ,13301.22 ,13396.85 ,8378.00 
2015/6/1,13299.11 ,13299.11 ,13202.04 ,13262.28 ,7478.00 
2015/6/2,13215.02 ,13275.46 ,13180.13 ,13210.42 ,8702.00 
2015/6/3,13216.55 ,13266.73 ,13113.19 ,13113.28 ,7224.00 
2015/6/4,13145.67 ,13257.05 ,13108.89 ,13240.66 ,8430.00 
2015/6/5,13246.42 ,13269.20 ,13131.42 ,13131.46 ,5408.00 
2015/6/8,13123.76 ,13165.20 ,13101.32 ,13138.73 ,7880.00 
2015/6/9,13156.33 ,13276.95 ,13156.33 ,13185.84 ,7116.00 
2015/6/10,13204.91 ,13287.42 ,13200.98 ,13283.63 ,7366.00 
2015/6/11,13315.20 ,13326.69 ,13195.57 ,13198.19 ,4614.00 
2015/6/12,13185.09 ,13190.84 ,12877.76 ,12881.38 ,12354.00 
2015/6/15,12904.26 ,12935.08 ,12822.43 ,12827.92 ,10376.00 
2015/6/16,12786.30 ,12786.30 ,12687.03 ,12749.04 ,12920.00 
2015/6/17,12734.93 ,12766.63 ,12697.09 ,12699.98 ,7120.00 
2015/6/18,12718.36 ,12936.20 ,12712.75 ,12929.04 ,10480.00 
2015/6/19,12922.99 ,12967.03 ,12879.73 ,12894.69 ,6504.00 
2015/6/23,12867.26 ,13044.45 ,12835.96 ,13033.64 ,5514.00 
2015/6/24,13033.64 ,13189.38 ,12995.24 ,13186.88 ,10404.00 
2015/6/25,13192.50 ,13230.09 ,13069.49 ,13090.19 ,7676.00 
2015/6/26,13090.20 ,13090.20 ,12996.82 ,13048.35 ,8330.00 
2015/6/29,13015.95 ,13015.95 ,12758.16 ,12771.37 ,7130.00 
2015/6/30,12743.40 ,12840.85 ,12676.26 ,12734.01 ,7622.00 
2015/7/1,12734.01 ,12767.81 ,12464.24 ,12723.06 ,8160.00 
2015/7/2,12751.05 ,13016.04 ,12717.41 ,13016.04 ,8278.00 
2015/7/3,12999.20 ,13025.69 ,12843.47 ,12893.96 ,6526.00 
2015/7/6,12836.02 ,12836.02 ,12628.37 ,12653.23 ,5952.00 
2015/7/7,12702.59 ,12796.71 ,12613.09 ,12615.42 ,5874.00 
2015/7/8,12615.41 ,12625.26 ,12197.69 ,12224.69 ,22812.00 
2015/7/9,12355.90 ,12864.96 ,12313.55 ,12854.50 ,14582.00 
2015/7/10,12886.20 ,13155.35 ,12847.36 ,12946.98 ,9444.00 
2015/7/13,12964.15 ,12964.15 ,12816.51 ,12873.39 ,4970.00 
2015/7/14,12984.08 ,13233.33 ,12984.08 ,13207.65 ,9422.00 
2015/7/15,13179.23 ,13198.43 ,13092.41 ,13170.63 ,8266.00 
2015/7/16,13174.44 ,13237.49 ,13029.76 ,13165.62 ,7828.00 
2015/7/17,13113.01 ,13145.17 ,13059.64 ,13078.11 ,5508.00 
2015/7/20,13069.25 ,13135.46 ,13015.65 ,13077.19 ,5260.00 
2015/7/21,13045.09 ,13123.08 ,13036.76 ,13054.41 ,6614.00 
2015/7/22,13027.61 ,13041.88 ,12805.75 ,12811.12 ,8238.00 
2015/7/23,12809.34 ,12942.62 ,12727.36 ,12908.35 ,6732.00 
2015/7/24,12837.98 ,12889.05 ,12659.92 ,12698.97 ,6954.00 
2015/7/27,12681.08 ,12800.30 ,12681.08 ,12756.66 ,5814.00 
2015/7/28,12732.22 ,12768.65 ,12687.89 ,12748.72 ,7224.00 
2015/7/29,12782.95 ,13121.41 ,12779.66 ,13121.41 ,9980.00 
2015/7/30,13104.58 ,13166.74 ,13034.08 ,13126.11 ,10684.00 
2015/7/31,13104.70 ,13113.39 ,13005.97 ,13034.62 ,6770.00 
2015/8/3,13028.34 ,13064.47 ,12873.80 ,12885.51 ,8198.00 
2015/8/4,12882.34 ,12903.48 ,12715.98 ,12893.91 ,10622.00 
2015/8/5,12971.10 ,13024.89 ,12934.16 ,12955.08 ,7778.00 
2015/8/6,12933.37 ,12956.75 ,12871.96 ,12936.18 ,5994.00 
2015/8/7,12887.68 ,12894.73 ,12787.77 ,12820.62 ,6978.00 
2015/8/10,12788.31 ,13070.10 ,12788.31 ,13054.62 ,9206.00 
2015/8/11,13053.07 ,13222.24 ,13044.90 ,13222.24 ,13930.00 
2015/8/12,13202.06 ,13254.31 ,13094.61 ,13236.00 ,12380.00 
2015/8/13,13255.63 ,13467.75 ,13153.96 ,13410.17 ,13246.00 
2015/8/14,13341.00 ,13382.67 ,13182.80 ,13197.81 ,7290.00 
2015/8/17,13258.06 ,13372.10 ,13167.62 ,13348.23 ,7654.00 
2015/8/18,13291.98 ,13319.71 ,13149.01 ,13157.29 ,9136.00 
2015/8/19,13135.09 ,13239.69 ,12992.38 ,13237.81 ,9670.00 
2015/8/20,13240.24 ,13338.20 ,13220.80 ,13320.61 ,7960.00 
2015/8/21,13372.20 ,13507.33 ,13145.63 ,13158.78 ,9724.00 
2015/8/24,13160.07 ,13280.12 ,12992.76 ,12999.45 ,11204.00 
2015/8/25,12867.64 ,13171.41 ,12748.62 ,13084.19 ,14440.00 
2015/8/26,13167.12 ,13334.92 ,13106.14 ,13147.88 ,10702.00 
2015/8/27,13119.26 ,13296.14 ,13075.41 ,13283.16 ,10564.00 
2015/8/28,13289.33 ,13505.53 ,13289.33 ,13361.07 ,13342.00 
2015/8/31,13421.17 ,13421.17 ,13277.01 ,13313.84 ,8272.00 
2015/9/1,13305.11 ,13352.19 ,13180.45 ,13263.59 ,6396.00 
2015/9/2,13286.79 ,13412.96 ,13247.35 ,13412.96 ,6046.00 
2015/9/7,13347.87 ,13463.78 ,13286.94 ,13366.74 ,7992.00 
2015/9/8,13368.83 ,13371.62 ,13113.67 ,13166.72 ,12336.00 
2015/9/9,13184.17 ,13400.86 ,13184.17 ,13329.61 ,11980.00 
2015/9/10,13333.12 ,13412.49 ,13311.05 ,13410.30 ,9202.00 
2015/9/11,13410.30 ,13456.20 ,13334.46 ,13393.38 ,8172.00 
2015/9/14,13325.28 ,13361.69 ,13248.77 ,13252.19 ,6136.00 
2015/9/15,13204.72 ,13307.72 ,13168.05 ,13216.92 ,10038.00 
2015/9/16,13391.55 ,13409.97 ,13249.91 ,13302.98 ,6658.00 
2015/9/17,13307.01 ,13367.24 ,13280.15 ,13317.89 ,5446.00 
2015/9/18,13288.43 ,13325.99 ,13278.33 ,13312.12 ,4568.00 
2015/9/21,13224.04 ,13239.96 ,13016.65 ,13157.23 ,15430.00 
2015/9/22,13175.22 ,13218.26 ,13087.27 ,13113.93 ,9974.00 
2015/9/23,13112.49 ,13156.64 ,13013.07 ,13152.37 ,11596.00 
2015/9/24,13156.32 ,13260.47 ,13123.53 ,13254.35 ,9958.00 
2015/9/25,13238.31 ,13274.39 ,13185.72 ,13243.43 ,8140.00 
2015/9/28,13235.23 ,13266.90 ,13083.49 ,13083.54 ,6360.00 
2015/9/29,12958.93 ,13126.04 ,12947.84 ,13092.82 ,11318.00 
2015/9/30,13150.39 ,13513.10 ,13150.39 ,13481.99 ,16656.00 
2015/10/8,13467.34 ,13492.47 ,13335.63 ,13335.86 ,7142.00 
2015/10/9,13322.60 ,13618.96 ,13309.04 ,13534.74 ,13630.00 
2015/10/12,13694.22 ,13694.22 ,13520.47 ,13655.96 ,14004.00 
2015/10/13,13704.53 ,13731.85 ,13478.04 ,13584.22 ,9034.00 
2015/10/14,13560.76 ,13596.87 ,13519.23 ,13557.28 ,6046.00 
2015/10/15,13569.83 ,13635.14 ,13484.57 ,13487.05 ,5868.00 
2015/10/16,13521.18 ,13562.51 ,13398.09 ,13403.23 ,6242.00 
2015/10/19,13444.67 ,13496.38 ,13409.85 ,13473.46 ,5084.00 
2015/10/20,13468.31 ,13567.40 ,13403.16 ,13439.08 ,5520.00 
2015/10/21,13458.89 ,13479.79 ,13199.97 ,13204.31 ,9632.00 
2015/10/22,13211.49 ,13345.47 ,13061.86 ,13219.35 ,15970.00 
2015/10/23,13258.77 ,13378.67 ,13141.19 ,13270.21 ,9170.00 
2015/10/26,13287.15 ,13287.15 ,13184.96 ,13225.04 ,7662.00 
2015/10/27,13229.08 ,13334.44 ,13191.21 ,13324.19 ,9884.00 
2015/10/28,13311.26 ,13312.39 ,13224.52 ,13252.52 ,5554.00 
2015/10/29,13217.03 ,13400.27 ,13208.59 ,13356.39 ,12502.00 
2015/10/30,13323.56 ,13346.76 ,13163.20 ,13200.51 ,9218.00 
2015/11/2,13148.64 ,13174.00 ,13047.37 ,13050.29 ,10232.00 
2015/11/3,13052.04 ,13142.42 ,13025.35 ,13055.34 ,5250.00 
2015/11/4,13015.75 ,13176.99 ,12929.32 ,13155.92 ,5782.00 
2015/11/5,13126.19 ,13211.84 ,12993.24 ,13007.21 ,7052.00 
2015/11/6,12983.76 ,13034.91 ,12935.30 ,12996.31 ,7962.00 
2015/11/9,12983.39 ,13020.13 ,12941.85 ,12962.38 ,4878.00 
2015/11/10,13005.65 ,13005.65 ,12711.76 ,12811.86 ,8748.00 
2015/11/11,12820.81 ,12820.81 ,12638.89 ,12710.57 ,8306.00 
2015/11/12,12739.61 ,12792.39 ,12527.08 ,12715.62 ,15322.00 
2015/11/13,12677.61 ,12762.72 ,12558.58 ,12628.19 ,11158.00 
2015/11/16,12612.48 ,12728.20 ,12516.56 ,12521.59 ,8712.00 
2015/11/17,12475.80 ,12527.50 ,12146.56 ,12286.42 ,16090.00 
2015/11/18,12321.24 ,12384.80 ,12021.38 ,12155.36 ,16420.00 
2015/11/19,12154.30 ,12170.43 ,11858.73 ,11966.96 ,20412.00 
2015/11/20,11969.57 ,12344.16 ,11819.16 ,12281.97 ,25958.00 
2015/11/23,12308.91 ,12308.91 ,11900.97 ,11976.27 ,24786.00 
2015/11/24,11966.53 ,12456.38 ,11910.12 ,12418.88 ,25470.00 
2015/11/25,12455.25 ,12588.99 ,12353.00 ,12522.56 ,20088.00 
2015/11/26,12482.39 ,12954.25 ,12369.98 ,12754.07 ,26172.00 
2015/11/27,12785.57 ,12867.51 ,12484.04 ,12555.46 ,20350.00 
2015/11/30,12485.99 ,12654.02 ,12453.01 ,12623.60 ,17960.00 
2015/12/1,12652.74 ,12754.48 ,12525.74 ,12677.37 ,18022.00 
2015/12/2,12650.85 ,12812.37 ,12621.28 ,12676.62 ,15118.00 
2015/12/3,12673.10 ,12752.43 ,12593.81 ,12612.20 ,10136.00 
2015/12/4,12602.17 ,12830.04 ,12602.17 ,12830.04 ,12568.00 
2015/12/7,12891.41 ,13037.83 ,12808.65 ,13034.30 ,12728.00 
2015/12/8,13021.78 ,13044.70 ,12917.35 ,12925.86 ,13132.00 
2015/12/9,12887.18 ,13038.32 ,12773.04 ,13038.32 ,12762.00 
2015/12/10,13061.51 ,13131.50 ,12898.14 ,12898.26 ,16168.00 
2015/12/11,12871.54 ,13090.40 ,12871.54 ,13082.35 ,14966.00 
2015/12/14,13058.85 ,13157.18 ,13031.55 ,13095.54 ,15160.00 
2015/12/15,13048.21 ,13182.85 ,12975.93 ,12990.56 ,13696.00 
2015/12/16,12946.59 ,13021.04 ,12886.60 ,12889.18 ,11692.00 
2015/12/17,12891.86 ,13092.63 ,12804.35 ,12809.57 ,21278.00 
2015/12/18,12798.86 ,12821.62 ,12634.83 ,12789.70 ,27844.00 
2015/12/21,12855.86 ,13036.30 ,12792.02 ,13033.61 ,17662.00 
2015/12/22,13047.90 ,13110.19 ,12960.74 ,12970.62 ,14662.00 
2015/12/23,12984.33 ,13087.69 ,12882.64 ,13055.87 ,12860.00 
2015/12/24,13074.86 ,13167.74 ,13020.31 ,13020.40 ,17448.00 
2015/12/25,13025.71 ,13133.61 ,13010.17 ,13104.98 ,8580.00 
2015/12/28,13104.87 ,13117.08 ,12907.23 ,12918.11 ,10146.00 
2015/12/29,12907.71 ,12982.47 ,12874.36 ,12957.62 ,13056.00 
2015/12/30,13020.84 ,13155.59 ,12989.78 ,13024.61 ,17504.00 
2015/12/31,13032.25 ,13135.07 ,13029.73 ,13120.74 ,18900.00 
2016/1/4,13121.49 ,13266.82 ,13061.81 ,13085.63 ,13538.00 
2016/1/5,13081.34 ,13243.97 ,13061.36 ,13243.97 ,15330.00 
2016/1/6,13205.37 ,13220.41 ,13087.02 ,13170.61 ,14416.00 
2016/1/7,13143.82 ,13157.66 ,12818.27 ,12853.55 ,12932.00 
2016/1/8,12823.40 ,12960.44 ,12754.74 ,12930.10 ,17594.00 
2016/1/11,12867.83 ,12871.67 ,12740.42 ,12749.43 ,11802.00 
2016/1/12,12683.05 ,12736.62 ,12555.11 ,12565.69 ,13584.00 
2016/1/13,12576.17 ,12734.63 ,12567.79 ,12708.39 ,13872.00 
2016/1/14,12701.93 ,12871.75 ,12664.61 ,12869.59 ,12314.00 
2016/1/15,12832.02 ,12922.08 ,12598.38 ,12602.44 ,16024.00 
2016/1/18,12537.48 ,12882.32 ,12537.48 ,12880.23 ,15462.00 
2016/1/19,12856.30 ,12999.78 ,12783.16 ,12982.56 ,12810.00 
2016/1/20,12989.28 ,13022.85 ,12797.34 ,12862.03 ,10396.00 
2016/1/21,12871.31 ,12881.50 ,12759.79 ,12765.58 ,9530.00 
2016/1/22,12774.03 ,12888.03 ,12731.13 ,12789.27 ,13256.00 
2016/1/25,12830.43 ,12866.82 ,12790.31 ,12820.82 ,7758.00 
2016/1/26,12812.74 ,12960.42 ,12812.74 ,12918.38 ,10810.00 
2016/1/27,12973.58 ,13203.91 ,12966.90 ,13199.83 ,16818.00 
2016/1/28,13210.30 ,13225.08 ,13118.04 ,13142.81 ,10348.00 
2016/1/29,13191.55 ,13462.50 ,13160.63 ,13447.69 ,29124.00 
2016/2/1,13502.99 ,13685.98 ,13500.16 ,13587.68 ,29302.00 
2016/2/2,13594.07 ,13767.99 ,13562.55 ,13605.27 ,22398.00 
2016/2/3,13616.44 ,13770.14 ,13603.71 ,13732.21 ,21518.00 
2016/2/4,13708.11 ,14085.37 ,13696.83 ,14079.21 ,23872.00 
2016/2/5,14073.35 ,14073.35 ,13581.91 ,13744.74 ,13732.00 
2016/2/15,13927.50 ,13951.11 ,13751.89 ,13802.66 ,11500.00 
2016/2/16,13766.66 ,13800.24 ,13614.08 ,13615.90 ,15850.00 
2016/2/17,13604.13 ,13700.13 ,13488.42 ,13529.64 ,18872.00 
2016/2/18,13545.45 ,13572.36 ,13417.69 ,13506.83 ,17860.00 
2016/2/19,13467.10 ,13747.74 ,13427.75 ,13719.73 ,24388.00 
2016/2/22,13672.36 ,13910.20 ,13672.36 ,13907.13 ,21848.00 
2016/2/23,13926.85 ,13934.14 ,13540.47 ,13623.96 ,18946.00 
2016/2/24,13638.91 ,13643.90 ,13542.80 ,13584.50 ,12444.00 
2016/2/25,13579.46 ,13754.11 ,13524.43 ,13545.90 ,18268.00 
2016/2/26,13520.92 ,13638.47 ,13485.38 ,13605.80 ,19990.00 
2016/2/29,13656.43 ,13717.18 ,13544.98 ,13616.60 ,25086.00 
2016/3/1,13659.67 ,13731.72 ,13480.91 ,13615.75 ,15596.00 
2016/3/2,13629.30 ,13741.77 ,13589.66 ,13692.33 ,14628.00 
2016/3/3,13685.77 ,13872.20 ,13682.76 ,13793.07 ,19000.00 
2016/3/4,13852.74 ,13914.92 ,13748.23 ,13860.53 ,24334.00 
2016/3/7,13843.66 ,14060.51 ,13843.66 ,13886.17 ,24938.00 
2016/3/8,13972.86 ,14239.37 ,13730.08 ,13748.59 ,36172.00 
2016/3/9,13766.13 ,13822.61 ,13506.24 ,13588.49 ,21148.00 
2016/3/10,13617.98 ,13760.94 ,13607.68 ,13631.36 ,11532.00 
2016/3/11,13642.96 ,13769.46 ,13580.53 ,13767.13 ,10068.00 
2016/3/14,13754.97 ,13790.68 ,13655.79 ,13689.90 ,10046.00 
2016/3/15,13701.75 ,13727.59 ,13612.15 ,13623.87 ,6834.00 
2016/3/16,13567.62 ,13605.46 ,13489.93 ,13532.89 ,11700.00 
2016/3/17,13510.96 ,13703.90 ,13461.51 ,13692.75 ,10558.00 
2016/3/18,13692.75 ,13778.78 ,13640.56 ,13643.33 ,15624.00 
2016/3/21,13611.43 ,13704.75 ,13588.58 ,13614.14 ,10262.00 
2016/3/22,13618.36 ,13699.98 ,13601.54 ,13608.44 ,7986.00 
2016/3/23,13605.60 ,13702.47 ,13557.86 ,13576.89 ,8656.00 
2016/3/24,13562.31 ,13592.02 ,13495.85 ,13530.77 ,10176.00 
2016/3/25,13516.11 ,13574.07 ,13484.38 ,13544.75 ,6554.00 
2016/3/28,13566.16 ,13615.09 ,13533.75 ,13573.43 ,6412.00 
2016/3/29,13573.43 ,13643.05 ,13534.71 ,13551.83 ,7436.00 
2016/3/30,13551.83 ,13563.06 ,13288.92 ,13296.45 ,10298.00 
2016/3/31,13304.74 ,13365.55 ,13190.86 ,13234.91 ,14720.00 
2016/4/1,13234.90 ,13357.66 ,13168.74 ,13354.79 ,9620.00 
2016/4/5,13314.63 ,13321.25 ,13206.58 ,13218.99 ,4618.00 
2016/4/6,13214.09 ,13253.09 ,13147.21 ,13153.73 ,4702.00 
2016/4/7,13148.05 ,13289.15 ,13110.41 ,13224.15 ,7604.00 
2016/4/8,13224.13 ,13224.13 ,12998.69 ,13018.28 ,10478.00 
2016/4/11,13024.93 ,13241.44 ,12975.32 ,13147.89 ,9160.00 
2016/4/12,13131.48 ,13131.48 ,13000.11 ,13048.68 ,8198.00 
2016/4/13,13115.44 ,13425.43 ,13076.10 ,13323.80 ,17392.00 
2016/4/14,13305.00 ,13455.46 ,13257.34 ,13367.21 ,17632.00 
2016/4/15,13415.93 ,13427.88 ,13250.69 ,13261.95 ,9516.00 
2016/4/18,13262.93 ,13379.51 ,13216.53 ,13228.70 ,10436.00 
2016/4/19,13276.17 ,13380.42 ,13214.18 ,13266.02 ,12274.00 
2016/4/20,13289.20 ,13491.40 ,13289.20 ,13448.14 ,18494.00 
2016/4/21,13506.68 ,13600.23 ,13426.03 ,13443.91 ,25282.00 
2016/4/22,13535.19 ,13622.64 ,13203.35 ,13368.48 ,23782.00 
2016/4/25,13442.34 ,13467.77 ,13328.57 ,13425.84 ,23048.00 
2016/4/26,13388.52 ,13409.81 ,13039.26 ,13068.80 ,16834.00 
2016/4/27,13113.86 ,13206.16 ,13086.33 ,13119.82 ,9938.00 
2016/4/28,13149.25 ,13159.94 ,13043.15 ,13068.54 ,10670.00 
2016/4/29,13084.36 ,13268.19 ,13080.91 ,13152.00 ,10522.00 
2016/5/3,13159.69 ,13361.52 ,13118.49 ,13359.14 ,10074.00 
2016/5/4,13305.53 ,13305.53 ,13072.80 ,13077.41 ,10142.00 
2016/5/5,13123.57 ,13177.62 ,13031.37 ,13045.45 ,9202.00 
2016/5/6,13064.25 ,13064.25 ,12852.17 ,12903.16 ,18166.00 
2016/5/9,12890.98 ,12976.31 ,12853.57 ,12965.55 ,16910.00 
2016/5/10,12972.41 ,13027.63 ,12859.33 ,12953.15 ,14124.00 
2016/5/11,12945.19 ,13105.74 ,12945.19 ,13104.03 ,10200.00 
2016/5/12,13119.81 ,13210.27 ,13002.04 ,13082.02 ,13006.00 
2016/5/13,13079.22 ,13117.96 ,12870.15 ,12884.29 ,15288.00 
2016/5/16,12899.58 ,12955.99 ,12822.16 ,12866.30 ,11420.00 
2016/5/17,12850.43 ,12997.38 ,12831.36 ,12987.05 ,10012.00 
2016/5/18,12946.57 ,12956.03 ,12823.34 ,12862.16 ,10118.00 
2016/5/19,12836.27 ,12987.79 ,12720.28 ,12869.52 ,14678.00 
2016/5/20,12796.12 ,12838.96 ,12696.53 ,12802.76 ,12308.00 
2016/5/23,12837.00 ,12837.00 ,12692.94 ,12708.39 ,14230.00 
2016/5/24,12674.05 ,12724.64 ,12615.67 ,12649.79 ,13872.00 
2016/5/25,12701.17 ,12753.65 ,12644.63 ,12679.91 ,8816.00 
2016/5/26,12728.67 ,12758.42 ,12642.87 ,12736.15 ,9998.00 
2016/5/27,12748.85 ,12869.43 ,12704.41 ,12812.64 ,9394.00 
2016/5/30,12832.99 ,12853.42 ,12803.95 ,12852.21 ,7264.00 
2016/5/31,12842.03 ,12886.26 ,12749.44 ,12877.47 ,9116.00 
2016/6/1,12893.33 ,12912.48 ,12659.51 ,12679.44 ,10076.00 
2016/6/2,12664.73 ,12872.64 ,12664.73 ,12867.54 ,13966.00 
2016/6/3,12869.13 ,12879.86 ,12724.67 ,12785.95 ,7784.00 
2016/6/6,12816.99 ,12850.30 ,12797.62 ,12809.40 ,8832.00 
2016/6/7,12802.47 ,12881.51 ,12750.30 ,12767.84 ,8670.00 
2016/6/8,12765.64 ,12783.41 ,12729.06 ,12741.33 ,8554.00 
2016/6/13,12719.95 ,12863.82 ,12696.08 ,12863.82 ,7134.00 
2016/6/14,12851.77 ,12864.38 ,12710.17 ,12741.15 ,8092.00 
2016/6/15,12739.48 ,12819.27 ,12727.30 ,12796.58 ,7906.00 
2016/6/16,12830.10 ,12912.50 ,12715.20 ,12799.90 ,8486.00 
2016/6/17,12820.26 ,12884.60 ,12768.85 ,12855.06 ,9336.00 
2016/6/20,12836.17 ,12836.17 ,12694.25 ,12789.45 ,7916.00 
2016/6/21,12821.12 ,12871.84 ,12778.00 ,12833.05 ,7298.00 
2016/6/22,12811.82 ,12880.53 ,12783.15 ,12870.65 ,5314.00 
2016/6/23,12870.65 ,12919.51 ,12799.61 ,12838.95 ,7418.00 
2016/6/24,12885.89 ,12886.51 ,12732.42 ,12739.18 ,10202.00 
2016/6/27,12759.83 ,12865.10 ,12759.83 ,12854.70 ,7960.00 
2016/6/28,12838.04 ,12909.55 ,12786.95 ,12897.28 ,12238.00 
2016/6/29,12917.69 ,13052.11 ,12798.34 ,12934.96 ,21230.00 
2016/6/30,12959.13 ,13254.05 ,12928.10 ,13180.05 ,24920.00 
2016/7/1,13211.11 ,13281.97 ,13118.01 ,13279.56 ,21142.00 
2016/7/4,13404.06 ,13570.24 ,13385.17 ,13470.01 ,25588.00 
2016/7/5,13481.75 ,13494.63 ,13087.28 ,13142.81 ,25272.00 
2016/7/6,13169.17 ,13169.17 ,12991.60 ,13009.90 ,20248.00 
2016/7/7,12956.11 ,13134.26 ,12911.69 ,12965.30 ,16810.00 
2016/7/8,12969.61 ,13023.64 ,12932.34 ,12992.08 ,13948.00 
2016/7/11,13047.94 ,13119.84 ,12947.99 ,13117.44 ,13788.00 
2016/7/12,13113.93 ,13179.36 ,13050.35 ,13145.51 ,11700.00 
2016/7/13,13191.26 ,13365.11 ,13145.04 ,13199.31 ,21880.00 
2016/7/14,13203.97 ,13243.43 ,13131.02 ,13221.39 ,9330.00 
2016/7/15,13228.54 ,13382.98 ,13223.51 ,13369.17 ,17450.00 
2016/7/18,13408.59 ,13408.59 ,13119.25 ,13191.07 ,13064.00 
2016/7/19,13217.27 ,13374.15 ,13132.37 ,13331.60 ,13634.00 
2016/7/20,13328.63 ,13376.72 ,13230.87 ,13294.53 ,11630.00 
2016/7/21,13218.91 ,13394.82 ,13135.00 ,13379.06 ,12868.00 
2016/7/22,13385.22 ,13488.13 ,13355.65 ,13377.95 ,14222.00 
2016/7/25,13359.38 ,13643.30 ,13289.54 ,13612.35 ,25122.00 
2016/7/26,13599.45 ,13813.24 ,13471.60 ,13794.37 ,33912.00 
2016/7/27,13759.93 ,13839.47 ,13673.41 ,13752.05 ,24454.00 
2016/7/28,13721.57 ,13769.00 ,13549.12 ,13598.55 ,20978.00 
2016/7/29,13601.89 ,13820.08 ,13575.63 ,13765.18 ,25506.00 
2016/8/1,13803.20 ,14117.06 ,13803.20 ,14054.52 ,22280.00 
2016/8/2,14026.30 ,14065.58 ,13858.47 ,13903.69 ,18020.00 
2016/8/3,13937.29 ,14018.21 ,13787.42 ,13816.51 ,16318.00 
2016/8/4,13834.28 ,13906.31 ,13792.43 ,13835.39 ,8974.00 
2016/8/5,13795.27 ,13948.11 ,13739.79 ,13945.20 ,13212.00 
2016/8/8,13945.76 ,13945.76 ,13799.74 ,13908.47 ,14800.00 
2016/8/9,13885.91 ,13956.36 ,13739.56 ,13754.50 ,12166.00 
2016/8/10,13763.58 ,13843.41 ,13708.50 ,13777.91 ,12584.00 
2016/8/11,13824.06 ,13929.52 ,13745.46 ,13886.37 ,14378.00 
2016/8/12,13878.24 ,13901.38 ,13804.69 ,13816.05 ,10874.00 
2016/8/15,13785.86 ,13785.86 ,13490.12 ,13494.13 ,19038.00 
2016/8/16,13533.39 ,13669.65 ,13498.16 ,13554.58 ,19220.00 
2016/8/17,13621.29 ,13625.69 ,13521.16 ,13577.56 ,12942.00 
2016/8/18,13607.84 ,13867.41 ,13591.77 ,13867.41 ,15922.00 
2016/8/19,13862.73 ,14004.82 ,13815.51 ,13992.76 ,15528.00 
2016/8/22,13988.98 ,13988.98 ,13871.54 ,13903.35 ,10976.00 
2016/8/23,13879.83 ,13948.57 ,13855.50 ,13911.14 ,11052.00 
2016/8/24,13900.88 ,13990.85 ,13887.11 ,13959.30 ,11602.00 
2016/8/25,13976.44 ,14046.16 ,13876.66 ,13974.14 ,17124.00 
2016/8/26,13949.25 ,14043.13 ,13869.99 ,13951.48 ,11446.00 
2016/8/29,13980.34 ,13980.34 ,13863.51 ,13898.45 ,11968.00 
2016/8/30,13880.67 ,13895.49 ,13765.61 ,13803.60 ,12314.00 
2016/8/31,13824.75 ,13917.24 ,13815.66 ,13890.20 ,12600.00 
2016/9/1,13885.45 ,14422.63 ,13862.85 ,14422.63 ,30512.00 
2016/9/2,14450.77 ,14850.11 ,14405.59 ,14504.17 ,55760.00 
2016/9/5,14579.68 ,14606.36 ,14354.55 ,14518.21 ,38142.00 
2016/9/6,14573.06 ,14583.33 ,14412.10 ,14430.48 ,18420.00 
2016/9/7,14403.14 ,14412.46 ,14233.11 ,14249.39 ,20112.00 
2016/9/8,14191.75 ,14331.29 ,14140.43 ,14158.75 ,19054.00 
2016/9/9,14157.10 ,14200.00 ,14051.09 ,14167.18 ,15982.00 
2016/9/12,14109.78 ,14142.00 ,13807.95 ,13807.95 ,25638.00 
2016/9/13,13833.60 ,14081.37 ,13833.60 ,14039.78 ,16298.00 
2016/9/14,14079.88 ,14108.47 ,14014.87 ,14073.97 ,16312.00 
2016/9/19,14237.88 ,14257.01 ,14118.93 ,14245.72 ,11704.00 
2016/9/20,14240.55 ,14478.01 ,14240.55 ,14458.53 ,18946.00 
2016/9/21,14495.56 ,14719.34 ,14487.32 ,14599.30 ,23286.00 
2016/9/22,14574.34 ,14586.54 ,14387.90 ,14545.84 ,18182.00 
2016/9/23,14563.29 ,14728.66 ,14438.52 ,14502.00 ,17972.00 
2016/9/26,14431.06 ,14507.53 ,14349.28 ,14435.51 ,17960.00 
2016/9/27,14464.21 ,14872.31 ,14456.00 ,14742.86 ,40108.00 
2016/9/28,14735.59 ,14775.81 ,14610.12 ,14658.38 ,20282.00 
2016/9/29,14734.39 ,15102.35 ,14734.39 ,15020.47 ,33220.00 
2016/9/30,15114.39 ,15442.75 ,15092.08 ,15440.06 ,45316.00 
2016/10/10,15346.22 ,15794.55 ,15331.33 ,15749.42 ,27758.00 
2016/10/11,15728.98 ,15877.41 ,15678.00 ,15843.64 ,27454.00 
2016/10/12,15749.82 ,15762.46 ,15558.51 ,15596.16 ,25646.00 
2016/10/13,15637.97 ,15719.01 ,15313.73 ,15343.06 ,29632.00 
2016/10/14,15320.74 ,15424.63 ,15261.28 ,15416.50 ,21552.00 
2016/10/17,15385.01 ,15534.67 ,15379.17 ,15473.01 ,21376.00 
2016/10/18,15414.19 ,15594.88 ,15380.46 ,15566.18 ,16446.00 
2016/10/19,15542.24 ,15552.55 ,15362.54 ,15385.26 ,17250.00 
2016/10/20,15398.80 ,15613.72 ,15314.83 ,15412.32 ,28444.00 
2016/10/21,15430.41 ,15799.66 ,15423.14 ,15760.64 ,33172.00 
2016/10/24,15751.63 ,15803.59 ,15652.90 ,15750.17 ,32748.00 
2016/10/25,15806.55 ,16362.80 ,15798.64 ,16352.77 ,39824.00 
2016/10/26,16374.38 ,16601.46 ,16085.61 ,16225.73 ,44234.00 
2016/10/27,16303.72 ,16547.47 ,16184.06 ,16237.87 ,37296.00 
2016/10/28,16301.24 ,16486.43 ,16252.89 ,16444.83 ,29814.00 
2016/10/31,16429.79 ,16484.40 ,16298.68 ,16451.40 ,34340.00 
2016/11/1,16476.35 ,16909.96 ,16419.60 ,16589.47 ,51118.00 
2016/11/2,16602.53 ,16657.96 ,16289.14 ,16352.72 ,35842.00 
2016/11/3,16412.03 ,16646.10 ,16323.71 ,16627.47 ,23600.00 
2016/11/4,16653.21 ,16750.47 ,16573.02 ,16669.46 ,27218.00 
2016/11/7,16671.97 ,17082.94 ,16671.97 ,16983.20 ,45756.00 
2016/11/8,16946.24 ,17062.01 ,16640.14 ,16686.35 ,53634.00 
2016/11/9,16685.59 ,17000.46 ,16570.27 ,16689.98 ,46062.00 
2016/11/10,16818.06 ,17435.48 ,16813.67 ,17381.47 ,63912.00 
2016/11/11,17400.89 ,17461.11 ,17084.10 ,17427.41 ,45670.00 
2016/11/14,17465.28 ,17764.73 ,16963.20 ,17674.41 ,94528.00 
2016/11/15,17668.22 ,18540.15 ,17631.27 ,17856.31 ,79004.00 
2016/11/16,17809.27 ,18577.44 ,17743.81 ,18315.65 ,87046.00 
2016/11/17,18300.78 ,18343.73 ,17431.75 ,17807.95 ,66536.00 
2016/11/18,17881.61 ,17982.15 ,17623.45 ,17843.27 ,39156.00 
2016/11/21,17868.91 ,18344.47 ,17761.68 ,18251.90 ,67326.00 
2016/11/22,18279.45 ,19088.64 ,18122.88 ,19085.89 ,84118.00 
2016/11/23,19039.26 ,19305.81 ,18796.92 ,19139.21 ,84966.00 
2016/11/24,19079.44 ,20049.72 ,19009.00 ,19848.23 ,126122.00 
2016/11/25,19859.12 ,20473.69 ,19737.14 ,20077.93 ,139930.00 
2016/11/28,20406.67 ,21528.23 ,20406.67 ,21502.22 ,181126.00 
2016/11/29,21558.89 ,22764.42 ,21494.77 ,21733.73 ,324076.00 
2016/11/30,21931.42 ,22026.05 ,20492.46 ,20576.61 ,337614.00 
2016/12/1,20558.85 ,21322.78 ,20396.07 ,21007.60 ,266948.00 
2016/12/2,21055.92 ,21124.07 ,19881.34 ,20154.35 ,180162.00 
2016/12/5,20055.34 ,20322.96 ,19554.31 ,20083.60 ,198414.00 
2016/12/6,20157.65 ,20480.58 ,20080.74 ,20194.30 ,160452.00 
2016/12/7,20280.79 ,21064.18 ,20126.09 ,20915.71 ,235928.00 
2016/12/8,21019.90 ,21470.71 ,20618.12 ,20806.61 ,197976.00 
2016/12/9,20921.18 ,21092.60 ,20290.50 ,20522.69 ,159882.00 
2016/12/12,20577.67 ,20972.89 ,20422.35 ,20486.56 ,160886.00 
2016/12/13,20534.51 ,20823.07 ,20426.12 ,20566.18 ,130718.00 
2016/12/14,20730.35 ,20805.02 ,20355.01 ,20495.26 ,114612.00 
2016/12/15,20585.43 ,20976.88 ,20247.81 ,20740.98 ,129276.00 
2016/12/16,20492.31 ,20492.31 ,19824.38 ,19824.38 ,129446.00 
2016/12/19,19644.98 ,19644.98 ,18742.66 ,18742.66 ,152888.00 
2016/12/20,18608.08 ,18608.08 ,17676.58 ,18078.41 ,228484.00 
2016/12/21,18230.67 ,18664.55 ,18141.18 ,18431.70 ,176272.00 
2016/12/22,18423.05 ,18443.01 ,18017.24 ,18062.84 ,137604.00 
2016/12/23,17874.34 ,18535.32 ,17794.17 ,18232.42 ,186744.00 
2016/12/26,18128.01 ,18128.01 ,17074.27 ,17385.61 ,192434.00 
2016/12/27,17424.84 ,17679.55 ,17281.03 ,17647.97 ,136904.00 
2016/12/28,17663.24 ,18121.98 ,17504.49 ,17583.66 ,157406.00 
2016/12/29,17718.99 ,17905.75 ,17437.37 ,17754.43 ,141054.00 
2016/12/30,17690.69 ,17782.60 ,17305.78 ,17620.40 ,135318.00 
2017/1/3,17722.34 ,17824.31 ,17356.62 ,17394.12 ,61644.00 
2017/1/4,17472.12 ,17687.09 ,17291.83 ,17686.99 ,111434.00 
2017/1/5,17701.91 ,17975.49 ,17675.75 ,17895.03 ,124418.00 
2017/1/6,17867.50 ,18040.23 ,17738.49 ,17926.61 ,118826.00 
2017/1/9,17969.98 ,18094.50 ,17930.76 ,18055.93 ,111624.00 
2017/1/10,18043.89 ,18806.97 ,18010.74 ,18745.09 ,139622.00 
2017/1/11,18790.51 ,18991.67 ,18657.72 ,18776.73 ,126230.00 
2017/1/12,18772.85 ,18827.90 ,18386.07 ,18601.52 ,133152.00 