update_date,close,position_all,net_position,pos_ratio,pos_ratio_ma10,pos_ratio_ma20
2013-10-18,977.0,65042.0,3155.0,0.0485071184773,,
2013-10-21,969.0,68130.0,3491.0,0.0512402759431,,
2013-10-22,948.0,76004.0,2090.0,0.0274985527078,,
2013-10-23,939.0,81162.0,1584.0,0.0195165225105,,
2013-10-24,926.0,87872.0,161.0,0.00183221048798,,
2013-10-25,918.0,86472.0,-1543.0,-0.0178439263577,,
2013-10-28,923.0,93480.0,-1101.0,-0.0117779204108,,
2013-10-29,921.0,99058.0,-871.0,-0.00879282844394,,
2013-10-30,924.0,91262.0,-961.0,-0.0105301220661,,
2013-10-31,922.0,84820.0,-5321.0,-0.0627328460269,0.00369170368212,
2013-11-04,950.0,122298.0,-842.0,-0.00688482231925,-0.00184749039753,
2013-11-05,946.0,121942.0,-1916.0,-0.0157123878565,-0.00854275677749,
2013-11-06,944.0,123650.0,-2065.0,-0.0167003639304,-0.0129626484413,
2013-11-07,945.0,124958.0,-1127.0,-0.00901903039421,-0.0158162037318,
2013-11-08,939.0,120532.0,-4359.0,-0.0361646699632,-0.0196158917769,
2013-11-11,942.0,112342.0,-5022.0,-0.0447027825746,-0.0223017773986,
2013-11-12,943.0,107938.0,-6245.0,-0.0578572884434,-0.0269097142019,
2013-11-13,943.0,110812.0,-4452.0,-0.0401761542071,-0.0300480467782,
2013-11-14,937.0,103446.0,-4795.0,-0.0463526864258,-0.0336303032141,
2013-11-15,931.0,102752.0,-3852.0,-0.0374883213952,-0.031105850751,-0.0137070735344
2013-11-18,932.0,99378.0,-5062.0,-0.0509368270643,-0.0355110512255,-0.0186792708115
2013-11-19,942.0,106904.0,-3732.0,-0.034909825638,-0.0374307950036,-0.0229867758906
2013-11-20,942.0,104228.0,-4095.0,-0.0392888667153,-0.0396896452821,-0.0263261468617
2013-11-21,932.0,105090.0,-5334.0,-0.0507564944333,-0.043863391686,-0.0298397977089
2013-11-22,931.0,106092.0,-2876.0,-0.0271085472986,-0.0429577794196,-0.0312868355982
2013-11-25,933.0,104188.0,-3649.0,-0.0350232272431,-0.0419898238864,-0.0321458006425
2013-11-26,941.0,108162.0,-6493.0,-0.060030324883,-0.0422071275304,-0.0345584208661
2013-11-27,936.0,106536.0,-8171.0,-0.0766970789217,-0.0458592200018,-0.03795363339
2013-11-28,939.0,105728.0,-8392.0,-0.0793734866828,-0.0491613000275,-0.0413958016208
2013-11-29,939.0,106418.0,-8814.0,-0.0828243342292,-0.0536949013109,-0.0424003760309
2013-12-02,936.0,108744.0,-7089.0,-0.0651898035754,-0.055120198962,-0.0453156250938
2013-12-03,939.0,105336.0,-7495.0,-0.0711532619427,-0.0587445425925,-0.0480876687981
2013-12-04,952.0,114382.0,-10974.0,-0.0959416691437,-0.0644098228354,-0.0520497340587
2013-12-05,945.0,114538.0,-12864.0,-0.112312071103,-0.0705653805023,-0.0572143860942
2013-12-06,941.0,108430.0,-12136.0,-0.111924744075,-0.0790470001799,-0.0610023897997
2013-12-09,945.0,112378.0,-11927.0,-0.106132872982,-0.0861579647538,-0.0640738943201
2013-12-10,942.0,109726.0,-11038.0,-0.100596030111,-0.0902145352767,-0.0662108314035
2013-12-11,937.0,108132.0,-7490.0,-0.0692671919506,-0.0894715465796,-0.0676653832907
2013-12-12,930.0,108944.0,-6982.0,-0.064087971802,-0.0879429950915,-0.0685521475595
2013-12-13,914.0,116740.0,-5629.0,-0.0482182628062,-0.0844823879492,-0.0690886446301
2013-12-16,918.0,121312.0,-5118.0,-0.0421887364811,-0.0821822812398,-0.0686512401009
2013-12-17,910.0,124712.0,-4385.0,-0.0351610109693,-0.0785830561424,-0.0686637993675
2013-12-18,906.0,128188.0,-2142.0,-0.0167098324336,-0.0706598724714,-0.0675348476534
2013-12-19,908.0,128266.0,-2008.0,-0.0156549670217,-0.0609941620633,-0.0657797712828
2013-12-20,905.0,127190.0,-2255.0,-0.0177293812407,-0.0515746257799,-0.0653108129799
2013-12-23,893.0,135724.0,-184.0,-0.00135569243465,-0.0410969077251,-0.0636274362395
2013-12-24,900.0,121156.0,1482.0,0.0122321634917,-0.0298140883648,-0.0600143118207
2013-12-25,903.0,114208.0,1110.0,0.00971910899412,-0.0219154582703,-0.055693502425
2013-12-26,896.0,124116.0,3538.0,0.0285055915434,-0.0126561019358,-0.0502995485136
2013-12-27,907.0,107922.0,4096.0,0.0379533366691,-0.00403894198827,-0.0442606649687
2013-12-30,911.0,104050.0,3467.0,0.0333205189813,0.00351198355797,-0.0393351488409
2013-12-31,911.0,98646.0,1999.0,0.0202643797012,0.00905452262501,-0.0347642667587
2014-01-02,907.0,107880.0,1326.0,0.0122914349277,0.0119546493611,-0.0293526115551
2014-01-03,902.0,122358.0,1541.0,0.0125941908171,0.014779565145,-0.0231072984591
2014-01-06,893.0,142642.0,1367.0,0.00958343264957,0.017510846534,-0.0170318896229
2014-01-07,896.0,149034.0,521.0,0.00349584658534,0.017996000436,-0.0115504536445
2014-01-08,892.0,157264.0,2522.0,0.0160367280496,0.0183764568918,-0.00571881573649
2014-01-09,888.0,161606.0,911.0,0.00563716693687,0.0179682626861,-0.00197359779212
2014-01-10,881.0,163378.0,1323.0,0.00809778550356,0.0159274820821,0.00163569007316
2014-01-13,871.0,178106.0,1766.0,0.00991544361223,0.0131236927764,0.00454237539409
2014-01-14,880.0,178102.0,-1997.0,-0.0112126758824,0.00867037329008,0.00609117842403
2014-01-15,879.0,184704.0,-3087.0,-0.0167132276507,0.00497261255489,0.00701356758995
2014-01-16,879.0,186510.0,-6842.0,-0.0366843600879,7.50330533313e-05,0.00601484120724
2014-01-17,876.0,184412.0,-5102.0,-0.0276663123875,-0.00395101726713,0.00541427393895
2014-01-20,861.0,195022.0,-4079.0,-0.0209155890105,-0.00700091943313,0.00525496355046
2014-01-21,847.0,208510.0,-5241.0,-0.0251354851086,-0.00986405260253,0.00406597391676
2014-01-22,852.0,208986.0,-4928.0,-0.0235805269252,-0.0138257781,0.00227533939591
2014-01-23,878.0,194104.0,-4958.0,-0.0255430078721,-0.0169437955809,0.0005122335526
2014-01-24,877.0,176300.0,-4493.0,-0.0254849688032,-0.0203020710116,-0.00218729446473
2014-01-27,864.0,184670.0,-3695.0,-0.0200086641035,-0.0232944817832,-0.00508539450336
2014-01-28,857.0,184348.0,-4327.0,-0.023471911819,-0.0245204053768,-0.00792501604337
2014-01-29,866.0,183982.0,-4488.0,-0.0243936906871,-0.0252884516805,-0.0101579195628
2014-01-30,868.0,181866.0,-5199.0,-0.0285869816238,-0.0244787138341,-0.0122018403904
2014-02-07,856.0,168784.0,-2092.0,-0.0123945397668,-0.022951536572,-0.0134512769196
2014-02-10,854.0,174428.0,-1147.0,-0.00657577911803,-0.0215175555827,-0.0142592375079
2014-02-11,848.0,179890.0,459.0,0.00255155928623,-0.0187488511433,-0.0143064518729
2014-02-12,853.0,178688.0,179.0,0.00100174606017,-0.0162906238447,-0.0150582009724
2014-02-13,854.0,175878.0,680.0,0.00386631642388,-0.0133496914151,-0.015146743498
2014-02-14,861.0,177852.0,-82.0,-0.00046105750849,-0.0108473002856,-0.0155746856486
2014-02-17,873.0,160886.0,-2561.0,-0.0159181035019,-0.0104382442255,-0.0168663630043
2014-02-18,860.0,156626.0,-2830.0,-0.0180685199137,-0.00989790503495,-0.0172091552059
2014-02-19,864.0,158376.0,-2718.0,-0.0171616911653,-0.00917470508277,-0.0172315783816
2014-02-20,852.0,157148.0,-1940.0,-0.0123450505256,-0.00755051197295,-0.0160146129035
2014-02-21,851.0,156434.0,-3168.0,-0.0202513520079,-0.00833619319706,-0.0156438648845
2014-02-24,821.0,169866.0,-4113.0,-0.0242132033485,-0.0100999356201,-0.0158087456014
2014-02-25,817.0,174898.0,-4707.0,-0.0269128291919,-0.0130463744679,-0.0158976128056
2014-02-26,820.0,178426.0,-9084.0,-0.0509118626209,-0.018237735336,-0.0172641795904
2014-02-27,818.0,186136.0,-6619.0,-0.0355600206301,-0.0221803690414,-0.0177650302283
2014-02-28,808.0,191914.0,-7620.0,-0.0397052846588,-0.0261047917565,-0.018476046021
2014-03-03,799.0,201976.0,-7826.0,-0.0387471778825,-0.0283876991945,-0.01941297171
2014-03-04,801.0,216182.0,-3360.0,-0.0155424595942,-0.0281350931626,-0.0190164990988
2014-03-05,802.0,235588.0,-2714.0,-0.0115201113809,-0.0275709351841,-0.0183728201335
2014-03-06,787.0,266448.0,-5859.0,-0.0219892812106,-0.0285353582526,-0.0180429351128
2014-03-07,764.0,301544.0,-7640.0,-0.0253362693338,-0.0290438499852,-0.0186900215911
2014-03-10,728.0,296812.0,-4156.0,-0.014002129294,-0.0280227425798,-0.0190613390999
2014-03-11,740.0,305028.0,-2949.0,-0.00966796490814,-0.0262982561514,-0.0196723153097
2014-03-12,737.0,401538.0,-9208.0,-0.0229318271247,-0.0235002526018,-0.0208689939689
2014-03-13,749.0,498186.0,-15226.0,-0.0305628821364,-0.0230005387524,-0.0225904538969
2014-03-14,740.0,527610.0,-10371.0,-0.0196565645079,-0.0209956667373,-0.0235502292469
2014-03-17,729.0,516402.0,-4059.0,-0.00786015546028,-0.0179069644951,-0.0231473318448
2014-03-18,732.0,557604.0,1555.0,0.00278871744105,-0.0160738467916,-0.0221044699771
2014-03-19,732.0,558712.0,2784.0,0.00498288921663,-0.0144235467318,-0.020997240958
2014-03-20,733.0,546564.0,18287.0,0.0334581128651,-0.00887880732424,-0.0187070827884
2014-03-21,733.0,545010.0,-3552.0,-0.00651731160896,-0.00699691155175,-0.0180203807685
2014-03-24,744.0,592542.0,4712.0,0.00795217891728,-0.00480148073063,-0.0164121116552
2014-03-25,759.0,551710.0,1898.0,0.00344021315546,-0.00349066292427,-0.0148944595378
2014-03-26,758.0,498300.0,3211.0,0.00644390929159,-0.00055308928264,-0.0120266709422
2014-03-27,757.0,494038.0,-9203.0,-0.0186281217234,0.000640386758656,-0.0111800759969
2014-03-28,781.0,481464.0,-2703.0,-0.00561412691292,0.00204463051815,-0.00947551810958
2014-03-31,794.0,476690.0,-296.0,-0.000620948624892,0.00276855120169,-0.0075692066467
2014-04-01,800.0,503040.0,-4415.0,-0.00877663804071,0.00161201565351,-0.00723091556902
2014-04-02,784.0,524730.0,-27219.0,-0.0518723915156,-0.00407351241971,-0.00924852957576
2014-04-03,799.0,538798.0,4390.0,0.0081477659531,-0.00660454711091,-0.00774167721758
2014-04-04,808.0,509074.0,1453.0,0.00285420194314,-0.0056673957557,-0.00633215365373
2014-04-08,825.0,531050.0,6522.0,0.0122813294417,-0.00523448070326,-0.00501798071695
2014-04-09,819.0,543934.0,18883.0,0.034715608879,-0.00210694113091,-0.00279880202759
2014-04-10,816.0,552898.0,14094.0,0.0254911394145,-0.000202218118615,-0.000377653700628
2014-04-11,814.0,541278.0,15984.0,0.0295301120681,0.00461360526054,0.0026269960096
2014-04-14,803.0,551342.0,9693.0,0.0175807393596,0.00693309188779,0.00448886120297
2014-04-15,812.0,536824.0,16461.0,0.0306636812065,0.0100615548709,0.00641505303631
2014-04-16,797.0,511688.0,4968.0,0.00970904144713,0.0119101228197,0.00676106923661
2014-04-17,795.0,473962.0,6953.0,0.0146699524434,0.0185643572156,0.00724542239795
2014-04-18,781.0,460442.0,7544.0,0.0163842568662,0.0193880063069,0.00639172959801
2014-04-21,781.0,472568.0,13952.0,0.0295237934012,0.0220549654527,0.00819378484852
2014-04-22,779.0,473366.0,16248.0,0.0343243916969,0.0242592716783,0.0095123954875
2014-04-23,786.0,464386.0,11407.0,0.0245636173356,0.0232440725239,0.0105685656965
2014-04-24,794.0,495502.0,21390.0,0.0431683424083,0.0250117928233,0.0124047873523
2014-04-25,795.0,471276.0,18969.0,0.0402502991877,0.0260838115353,0.0153487083979
2014-04-28,760.0,493046.0,697.0,0.00141366119997,0.0244671037193,0.0157000978035
2014-04-29,771.0,509530.0,16667.0,0.0327105371617,0.0246717893148,0.0173666720929
2014-04-30,765.0,496962.0,13346.0,0.0268551720252,0.0263864023726,0.0191482625962
2014-05-05,771.0,521854.0,12586.0,0.0241178567185,0.0273311928001,0.0229477750079
2014-05-06,768.0,518038.0,14592.0,0.0281678178049,0.028509548894,0.0239487776005
2014-05-07,749.0,513436.0,9250.0,0.018015877344,0.0273587572883,0.0247068613705
2014-05-08,735.0,520264.0,6021.0,0.0115729706457,0.0250836151832,0.0246714434307
2014-05-09,735.0,526686.0,3443.0,0.00653710180259,0.0232809636299,0.0232625180769
2014-05-12,741.0,570246.0,838.0,0.00146954121555,0.0191110835106,0.0220614381669
2014-05-13,740.0,555140.0,6532.0,0.0117664012681,0.0162626937186,0.0211732526269
2014-05-14,738.0,569716.0,7395.0,0.0129801515141,0.01741934275,0.0209432232347
2014-05-15,738.0,535308.0,9914.0,0.0185201790371,0.0160003069376,0.0203360481262
2014-05-16,717.0,522544.0,4672.0,0.00894087387856,0.0142088771229,0.0202976397478
2014-05-19,707.0,563108.0,-959.0,-0.00170304808314,0.0116267866427,0.0194789897214
2014-05-20,700.0,554328.0,4148.0,0.00748293429161,0.00955829829142,0.0190339235927
2014-05-21,708.0,554550.0,10131.0,0.0182688666486,0.00958359722188,0.0184711772551
2014-05-22,714.0,568110.0,1897.0,0.00333914206756,0.00876021436407,0.0169219147736
2014-05-26,722.0,506536.0,-11663.0,-0.0230250169781,0.00580400248601,0.0145424830579
2014-05-27,724.0,483206.0,-5420.0,-0.0112167481364,0.00453537355081,0.0118232285307
2014-05-28,707.0,536916.0,-12797.0,-0.0238342683027,0.000975306593728,0.00861900015618
2014-05-29,702.0,579892.0,-17437.0,-0.0300693922317,-0.00332964778085,0.0070448474846
2014-05-30,680.0,652828.0,-26847.0,-0.0411241552139,-0.00929408120595,0.00335311286582
2014-06-03,682.0,657052.0,-31356.0,-0.0477222502937,-0.0149603936232,-0.000375758250133
2014-06-04,691.0,630594.0,-17486.0,-0.0277294106826,-0.0175630298831,-0.00296812162019
2014-06-05,688.0,654030.0,-30015.0,-0.0458923902573,-0.022900562338,-0.0066711320233
2014-06-06,689.0,635192.0,-24214.0,-0.0381207571884,-0.0285395247217,-0.00947796374992
2014-06-09,690.0,632086.0,-5392.0,-0.00853048477581,-0.0297264874061,-0.010483136521
2014-06-10,686.0,630986.0,-15106.0,-0.0239403092937,-0.0298180166376,-0.0120070070758
2014-06-11,682.0,633532.0,-12174.0,-0.0192160774831,-0.0306179495723,-0.0130412880107
2014-06-12,666.0,661156.0,-10375.0,-0.0156922118229,-0.0298037439243,-0.0144142186653
2014-06-13,667.0,638650.0,-13267.0,-0.0207735066155,-0.0288741553627,-0.0161019015718
2014-06-16,661.0,609992.0,-9338.0,-0.0153083974872,-0.02629257959,-0.017793330398
2014-06-17,667.0,579928.0,-9997.0,-0.0172383468293,-0.0232441892436,-0.0191022914334
2014-06-18,665.0,553488.0,-8778.0,-0.0158594224265,-0.022057190418,-0.0198101101505
2014-06-19,663.0,543408.0,-11164.0,-0.0205444159821,-0.0195223929904,-0.0212114776642
2014-06-20,677.0,547032.0,-7872.0,-0.0143903830123,-0.0171493555728,-0.0228444401473
2014-06-23,691.0,484514.0,-12003.0,-0.0247732779651,-0.0187736348918,-0.0242500611489
2014-06-24,683.0,469202.0,-12574.0,-0.0267986922477,-0.0190594731872,-0.0244387449124
2014-06-25,693.0,448792.0,-12463.0,-0.0277701028539,-0.0199148757243,-0.0252664126483
2014-06-26,717.0,476832.0,9539.0,0.0200049493323,-0.0163451596087,-0.0230744517665
2014-06-27,707.0,380574.0,-4858.0,-0.0127649287655,-0.0155443018237,-0.0222092285932
2014-06-30,694.0,346806.0,-2354.0,-0.0067876564996,-0.014692227725,-0.0204924036575
2014-07-01,701.0,377790.0,-201.0,-0.000532041610418,-0.0130215972031,-0.0181328932233
2014-07-02,716.0,381590.0,-2305.0,-0.00604051468854,-0.0120397064293,-0.0170484484236
2014-07-03,712.0,358240.0,-776.0,-0.00216614560071,-0.0102018793912,-0.0148621361908
2014-07-04,711.0,341392.0,-6949.0,-0.0203548999391,-0.0107983310838,-0.0139738433283
2014-07-07,707.0,355538.0,1744.0,0.00490524219633,-0.00783047906768,-0.0133020569797
2014-07-08,720.0,469864.0,30203.0,0.0642803023854,0.00127742039562,-0.00889102639577
2014-07-09,702.0,407270.0,14376.0,0.0352984506593,0.00758427574694,-0.00616529998866
2014-07-10,705.0,398834.0,16243.0,0.0407262169223,0.00965640250595,-0.00334437855139
2014-07-11,712.0,383842.0,-4649.0,-0.0121117543156,0.00972171995094,-0.0029112909364
2014-07-14,714.0,394906.0,5702.0,0.0144388791257,0.0118443735135,-0.00142392710575
2014-07-15,716.0,407520.0,10310.0,0.02529937181,0.0144275148555,0.000702958826207
2014-07-16,717.0,411946.0,7686.0,0.0186577852437,0.0168973448487,0.00242881920972
2014-07-17,710.0,390038.0,7192.0,0.0184392289982,0.0189578823086,0.00437800145873
2014-07-18,684.0,377362.0,1421.0,0.00376561497978,0.0213699338005,0.00528580135834
2014-07-21,686.0,356196.0,15690.0,0.0440487821312,0.025284287794,0.00872690436315
2014-07-22,686.0,306790.0,19371.0,0.0631409107207,0.0251703486275,0.0132238845116
2014-07-23,671.0,394900.0,11881.0,0.0300860977463,0.0246491133362,0.0161166945416
2014-07-24,663.0,427432.0,2248.0,0.00525931610174,0.0211024232542,0.0153794128801
2014-07-25,669.0,399964.0,-7522.0,-0.0188066926023,0.0204329294255,0.0150773246882
2014-07-29,684.0,400418.0,-2046.0,-0.00510966040488,0.0184780754724,0.0151612244929
2014-07-30,676.0,407804.0,848.0,0.00207943031456,0.0161560813229,0.0152917980892
2014-07-31,680.0,398616.0,-2814.0,-0.00705942561262,0.0135843602373,0.015240852543
2014-08-01,672.0,414626.0,2777.0,0.00669760217642,0.0124101975551,0.0156840399318
2014-08-04,685.0,435730.0,2726.0,0.00625616781034,0.0126592528381,0.0170145933193
2014-08-05,684.0,413848.0,-10729.0,-0.0259249772863,0.00566187689638,0.0154730823452
2014-08-06,679.0,459766.0,-13192.0,-0.0286928568011,-0.00352149985579,0.0108244243859
2014-08-07,678.0,438402.0,-13026.0,-0.0297124556914,-0.00950135519955,0.00757387906833
2014-08-08,675.0,462780.0,-17091.0,-0.0369311551925,-0.013720402329,0.00369101046259
2014-08-11,671.0,462146.0,-22593.0,-0.0488871482172,-0.0167284478905,0.00185224076751
2014-08-12,667.0,451504.0,-22680.0,-0.0502321131153,-0.0212406931615,-0.00138130884454
2014-08-13,662.0,543022.0,-30188.0,-0.0555925910921,-0.0270078953022,-0.00542590698964
2014-08-14,653.0,599228.0,-27623.0,-0.0460976456374,-0.0309117173047,-0.0086636785337
2014-08-15,666.0,549294.0,-25992.0,-0.0473189221073,-0.036313369733,-0.011951586089
2014-08-18,650.0,701446.0,-47650.0,-0.0679311023229,-0.0437320967463,-0.0155364219541
2014-08-19,654.0,712306.0,-53770.0,-0.07548722038,-0.0486883210557,-0.0215132220797
2014-08-20,646.0,748912.0,-54005.0,-0.0721112760912,-0.0530301629847,-0.0282758314203
2014-08-21,647.0,736632.0,-47477.0,-0.064451449299,-0.0565040623455,-0.0330027087725
2014-08-22,643.0,741054.0,-56538.0,-0.0762940352525,-0.0604403503515,-0.0370803763402
2014-08-25,645.0,699880.0,-49822.0,-0.0711864891124,-0.062670284441,-0.0396993661657
2014-08-26,648.0,689776.0,-50916.0,-0.0738152675651,-0.065028599886,-0.0431346465237
2014-08-27,637.0,739052.0,-50722.0,-0.0686311653307,-0.0663324573099,-0.046670176306
2014-08-28,626.0,714118.0,-52022.0,-0.072847904688,-0.0690074832149,-0.0499596002598
2014-08-29,628.0,691606.0,-41949.0,-0.0606544766818,-0.0703410386724,-0.0533272042027
2014-09-01,620.0,787794.0,-47611.0,-0.0604358499811,-0.0695915134382,-0.0566618050923
2014-09-02,628.0,779984.0,-36827.0,-0.0472150710784,-0.066764298508,-0.0577263097819
2014-09-03,605.0,815656.0,-62657.0,-0.0768179232422,-0.0672349632231,-0.0601325631039
2014-09-04,594.0,769748.0,-77824.0,-0.101103218196,-0.0709001401128,-0.0637021012292
2014-09-05,585.0,892938.0,-74585.0,-0.0835276357373,-0.0716235001613,-0.0660319252564
2014-09-09,585.0,853196.0,-60434.0,-0.0708324933544,-0.0715881005855,-0.0671291925133
2014-09-10,590.0,826120.0,-67350.0,-0.081525686341,-0.0723591424631,-0.0686938711745
2014-09-11,585.0,824582.0,-78817.0,-0.0955841868971,-0.0750544446197,-0.0706934509648
2014-09-12,591.0,786330.0,-86020.0,-0.109394274668,-0.0787090816178,-0.0738582824163
2014-09-15,598.0,855840.0,-81198.0,-0.0948752103197,-0.0821311549816,-0.076236096827
2014-09-16,598.0,831824.0,-87626.0,-0.105341995422,-0.0866217695257,-0.0781066414819
2014-09-17,598.0,862418.0,-82678.0,-0.0958676650998,-0.0914870289278,-0.0791256637179
2014-09-18,592.0,861956.0,-90348.0,-0.104817415274,-0.094286978131,-0.0807609706771
2014-09-19,576.0,925664.0,-84951.0,-0.0917730407578,-0.0933539603872,-0.08212705025
2014-09-22,556.0,961134.0,-84726.0,-0.0881521203079,-0.0938164088442,-0.0827199545028
2014-09-23,560.0,934856.0,-90003.0,-0.0962747203847,-0.0963606315473,-0.0839743660664
2014-09-24,562.0,942942.0,-93213.0,-0.0988533759234,-0.0980934005055,-0.0852262714843
2014-09-25,552.0,984964.0,-95556.0,-0.0970147132281,-0.0982364531386,-0.0866454488792
2014-09-26,562.0,843756.0,-94077.0,-0.111497873793,-0.098446813051,-0.0885779473344
2014-09-29,542.0,865600.0,-93657.0,-0.108198937153,-0.0997791857344,-0.090955170358
2014-09-30,551.0,807324.0,-74043.0,-0.0917141073472,-0.0984163969269,-0.0925190832263
2014-10-08,547.0,866316.0,-84286.0,-0.0972924429423,-0.0985588747112,-0.0950229518195
2014-10-09,563.0,947776.0,-76337.0,-0.08054329293,-0.0961314624768,-0.0952092203039
2014-10-10,568.0,955300.0,-88403.0,-0.0925395163823,-0.0962081100392,-0.0947810352132
2014-10-13,584.0,874688.0,-85385.0,-0.0976176648131,-0.0971546644897,-0.095485536667
2014-10-14,589.0,864674.0,-92549.0,-0.107033402184,-0.0982305326697,-0.0972955821085
2014-10-15,580.0,892370.0,-93658.0,-0.104954223024,-0.0988406173797,-0.0984670089426
2014-10-16,565.0,838162.0,-91864.0,-0.109601723772,-0.100099318434,-0.0991678857863
2014-10-17,568.0,845962.0,-102972.0,-0.121721779465,-0.101121709001,-0.0997842610262
2014-10-20,580.0,836520.0,-87776.0,-0.104929947879,-0.100794810074,-0.100286997904
2014-10-21,575.0,802580.0,-91422.0,-0.113910139799,-0.103014413319,-0.100715405123
2014-10-22,574.0,757536.0,-83636.0,-0.110405314071,-0.104325700432,-0.101442287572
2014-10-23,529.0,914490.0,-78567.0,-0.0859134599613,-0.104862717135,-0.100497089806
2014-10-24,530.0,915670.0,-76119.0,-0.0831292933044,-0.103921694827,-0.100064902433
2014-10-27,526.0,954060.0,-87788.0,-0.0920151772425,-0.10336144607,-0.10025805528
2014-10-28,522.0,994476.0,-83465.0,-0.0839286217063,-0.101050968022,-0.0996407503461
2014-10-29,528.0,973494.0,-95331.0,-0.0979266436157,-0.100348210082,-0.0995944137307
2014-10-30,536.0,975132.0,-130538.0,-0.133867004672,-0.102774738172,-0.101437028303
2014-10-31,532.0,972186.0,-132621.0,-0.136415253871,-0.104244085612,-0.102682897307
2014-11-03,522.0,954908.0,-124791.0,-0.130683793622,-0.106819470187,-0.10380714013
2014-11-04,520.0,942434.0,-111459.0,-0.11826716778,-0.107255172985,-0.105134793152
2014-11-05,510.0,1034548.0,-114980.0,-0.111140324084,-0.107328673986,-0.105827187209
2014-11-06,506.0,1102148.0,-117046.0,-0.106198078661,-0.109357135856,-0.107109926496
2014-11-07,512.0,1071580.0,-116593.0,-0.108804755595,-0.111924682085,-0.107923188456
2014-11-10,514.0,1088188.0,-119375.0,-0.10970071348,-0.113693235709,-0.108527340889
2014-11-11,510.0,1098004.0,-115248.0,-0.104961366261,-0.115796510164,-0.108423739093
2014-11-12,508.0,1146632.0,-113060.0,-0.0986018181945,-0.115864027622,-0.108106118852
2014-11-13,507.0,1159994.0,-103209.0,-0.088973736071,-0.111374700762,-0.107074719467
2014-11-14,507.0,1114614.0,-101876.0,-0.0914002515669,-0.106873200531,-0.105558643072
2014-11-17,507.0,1114718.0,-107498.0,-0.0964351522089,-0.10344833639,-0.105133903288
2014-11-18,487.0,1179900.0,-95066.0,-0.0805712348504,-0.0996787430971,-0.103466958041
2014-11-19,473.0,1171790.0,-92295.0,-0.0787641130237,-0.0964411219912,-0.101884897989
2014-11-20,476.0,1099620.0,-94143.0,-0.0856141212419,-0.0943827262492,-0.101869931053
2014-11-21,476.0,1136116.0,-105365.0,-0.0927414102081,-0.0927763917106,-0.102350536898
2014-11-24,470.0,1180938.0,-108316.0,-0.0917203104651,-0.0909783514091,-0.102335793559
2014-11-25,466.0,1157834.0,-103509.0,-0.0893988257384,-0.0894220973569,-0.102609303761
2014-11-26,467.0,1082322.0,-77626.0,-0.0717217242189,-0.0867340879593,-0.101299057791
2014-11-27,481.0,1072220.0,-94034.0,-0.0877002853892,-0.0866067428911,-0.0989907218265
2014-11-28,485.0,986260.0,-90341.0,-0.0915995782045,-0.0866266755549,-0.0967499380432
2014-12-01,480.0,981776.0,-91747.0,-0.0934500334088,-0.0863281636749,-0.0948882500325
2014-12-02,475.0,1026778.0,-75390.0,-0.0734238559844,-0.0856134257883,-0.0926460844427
2014-12-03,482.0,985032.0,-78445.0,-0.0796370067165,-0.0857007151576,-0.0910709185744
2014-12-04,494.0,1014090.0,-94232.0,-0.0929227188908,-0.0864315749225,-0.0904071505859
2014-12-05,491.0,999038.0,-99800.0,-0.0998961000482,-0.0871470439065,-0.0899617178086
2014-12-08,481.0,1042528.0,-95143.0,-0.0912618174284,-0.0871011946028,-0.089039773006
2014-12-09,488.0,980668.0,-74588.0,-0.0760583602198,-0.085767148051,-0.0875946227039
2014-12-10,483.0,977626.0,-77888.0,-0.0796705488602,-0.0865620305151,-0.0866480592372
2014-12-11,480.0,951532.0,-79486.0,-0.0835347628876,-0.0861454782649,-0.086376110578
2014-12-12,490.0,950426.0,-69744.0,-0.0733818308843,-0.0843237035329,-0.0854751895439
2014-12-16,479.0,910660.0,-55199.0,-0.0606142797531,-0.0810401281673,-0.0836841459211
2014-12-17,485.0,845290.0,-30485.0,-0.0360645458955,-0.0773041971585,-0.0814588114734
2014-12-18,487.0,785058.0,-25984.0,-0.0330981914712,-0.0726503156339,-0.0791755153958
2014-12-19,492.0,760534.0,-29949.0,-0.0393789100816,-0.067295934753,-0.0768637548377
2014-12-22,485.0,734704.0,-23102.0,-0.0314439556611,-0.0604507203143,-0.0737988821104
2014-12-23,473.0,744942.0,-23787.0,-0.0319313449906,-0.0545176730705,-0.0708094338367
2014-12-24,477.0,714100.0,-16449.0,-0.0230345889931,-0.0492152959478,-0.0674912219994
2014-12-25,476.0,703290.0,-17478.0,-0.0248517681184,-0.0437334178737,-0.0651477241944
2014-12-26,474.0,696890.0,-16541.0,-0.0237354532279,-0.0377534869077,-0.0619494825863
2014-12-29,485.0,699852.0,-13865.0,-0.0198113315387,-0.0323964369731,-0.058360070253
2014-12-30,499.0,746348.0,-16421.0,-0.0220018007685,-0.0285351890747,-0.054787658621
2014-12-31,509.0,695452.0,-9634.0,-0.0138528611608,-0.0263140206012,-0.0518091088798
2015-01-05,500.0,656330.0,-6471.0,-0.00985936952448,-0.0239901384065,-0.0483202270202
2015-01-06,520.0,703550.0,40534.0,0.0576135313766,-0.0142908942607,-0.0407934145068
2015-01-07,513.0,689604.0,25709.0,0.0372808162366,-0.00741841707094,-0.0339345686926
2015-01-09,510.0,656326.0,26638.0,0.0405865377876,-0.000166628793117,-0.0273421509318
2015-01-12,499.0,608478.0,21221.0,0.0348755419259,0.00562438429879,-0.0217954558245
2015-01-13,501.0,586712.0,19817.0,0.0337763672807,0.0114871978387,-0.0161231100175
2015-01-14,497.0,565944.0,18571.0,0.0328142006983,0.0171421632313,-0.0103056618382
2015-01-15,507.0,582836.0,21083.0,0.0361731258879,0.022740608974,-0.00482791399957
2015-01-16,506.0,565718.0,21163.0,0.0374090978191,0.0286816988327,7.32548790373e-05
2015-01-19,508.0,522774.0,17325.0,0.0331405157869,0.0333810365275,0.00353350796316
2015-01-20,502.0,514908.0,15865.0,0.0308113294025,0.0374481064202,0.00672898400685
2015-01-21,486.0,495572.0,-3694.0,-0.0074540127368,0.0309413520089,0.00832522887409
2015-01-22,487.0,469984.0,-5711.0,-0.0121514774971,0.0259981226355,0.00928985278228
2015-01-23,476.0,486778.0,-10252.0,-0.0210609353751,0.0198333753192,0.00983337326306
2015-01-26,470.0,456136.0,-1624.0,-0.00356034165249,0.0159897869614,0.0108070856301
2015-01-27,470.0,452852.0,-913.0,-0.00201611122398,0.0124105391109,0.0119488684748
2015-01-28,471.0,464638.0,1607.0,0.00345860648505,0.0094749796896,0.0133085714605
2015-01-29,476.0,428572.0,-4205.0,-0.00981165358446,0.00487650174237,0.0138085553582
2015-01-30,474.0,428730.0,3453.0,0.0080540200126,0.00194099396172,0.0153113463972
2015-02-02,472.0,440416.0,2922.0,0.00663463634382,-0.000709593982589,0.0163357212725
2015-02-03,478.0,474090.0,21774.0,0.0459279883566,0.000802071912822,0.0191250891665
2015-02-04,470.0,535774.0,15261.0,0.0284840249807,0.00439587568457,0.0176686138467
2015-02-05,474.0,503824.0,24884.0,0.0493902632665,0.0105500497609,0.0182740861982
2015-02-06,478.0,468164.0,30806.0,0.0658017275997,0.0192363160584,0.0195348456888
2015-02-09,476.0,470298.0,30903.0,0.0657094012732,0.026163290351,0.0210765386562
2015-02-10,480.0,459940.0,29896.0,0.0649997825803,0.0328648797314,0.0226377094212
2015-02-11,481.0,448398.0,29705.0,0.066246950254,0.0391437141083,0.024309346899
2015-02-12,479.0,425228.0,23870.0,0.0561345913251,0.0457383385993,0.0253074201708
2015-02-13,489.0,419958.0,16958.0,0.040380228499,0.0489709594479,0.0254559767048
2015-02-16,497.0,383596.0,-41.0,-0.000106883283454,0.0482968074852,0.0237936067513
2015-02-17,493.0,371322.0,-6225.0,-0.0167644254852,0.042027566101,0.0214148190069
2015-02-25,479.0,352842.0,-7194.0,-0.0203887292329,0.0371402906796,0.0207680831821
2015-02-26,489.0,340010.0,-6143.0,-0.0180671156731,0.0303945527857,0.0204723012733
2015-02-27,485.0,373430.0,-4498.0,-0.0120450954664,0.0226098704791,0.0209230932687
2015-03-02,483.0,368712.0,-5966.0,-0.0161806504806,0.0144208653037,0.0202920778273
2015-03-03,485.0,360918.0,-8688.0,-0.0240719498612,0.00551369205955,0.0191892858955
2015-03-04,477.0,353058.0,-13919.0,-0.0394241172838,-0.00505341469424,0.017045149707
2015-03-05,460.0,385536.0,-47955.0,-0.124385271414,-0.0231054009682,0.0113164688155
2015-03-06,456.0,336726.0,-43107.0,-0.128018032466,-0.0399452270646,0.00451286619163
2015-03-09,454.0,375878.0,-33482.0,-0.089076774911,-0.0488422162274,-0.000272704371107
2015-03-10,449.0,383146.0,-33978.0,-0.0886815991815,-0.056033933597,-0.00700318374802
2015-03-11,453.0,390014.0,-21760.0,-0.0557928689739,-0.0595743475711,-0.0112170284457
2015-03-12,458.0,372206.0,-8302.0,-0.0223048526891,-0.0599981212727,-0.0148017842435
2015-03-13,454.0,408062.0,-17770.0,-0.0435473040861,-0.0631483421347,-0.0202692358278
2015-03-16,457.0,436998.0,-17444.0,-0.0399178028275,-0.0655220573694,-0.0255505960329
2015-03-17,453.0,446078.0,-13109.0,-0.0293872372096,-0.0660535861043,-0.0302699470224
2015-03-18,437.0,592452.0,-32384.0,-0.0546609683147,-0.0675772712073,-0.0363153429508
2015-03-19,437.0,657636.0,-25447.0,-0.038694657835,-0.0590082098494,-0.0410568054088
2015-03-20,430.0,693050.0,-15219.0,-0.0219594545848,-0.0484023520613,-0.044173789563
2015-03-23,435.0,792796.0,-5535.0,-0.00698161948345,-0.0401928365186,-0.044517526373
2015-03-24,440.0,837902.0,-13311.0,-0.0158861060124,-0.0329132872017,-0.0444736103994
2015-03-25,432.0,867088.0,-15625.0,-0.0180200856199,-0.0291360088663,-0.0443551782187
2015-03-26,428.0,903528.0,-26491.0,-0.0293195119576,-0.0298374747931,-0.0449177980329
2015-03-27,422.0,794158.0,-27270.0,-0.0343382551079,-0.0289165698953,-0.046032456015
2015-03-30,409.0,829784.0,-25782.0,-0.0310707364808,-0.0280318632606,-0.046776960315
2015-03-31,401.0,809444.0,-33864.0,-0.0418361245497,-0.0292767519946,-0.0476651690494
2015-04-01,391.0,848630.0,-26625.0,-0.0313740970741,-0.0269480648706,-0.047262668039
2015-04-02,380.0,882900.0,-25408.0,-0.0287778910409,-0.0259563881912,-0.0424822990203
2015-04-03,380.0,810424.0,-21476.0,-0.0264997087944,-0.0264104136121,-0.0374063828367
2015-04-07,387.0,863280.0,-19726.0,-0.0228500602354,-0.0279972576873,-0.0340950471029
2015-04-08,392.0,913570.0,-21532.0,-0.0235690751667,-0.0287655546027,-0.0308394209022
2015-04-09,378.0,980418.0,-37310.0,-0.038055196865,-0.0307690657272,-0.0299525372968
2015-04-10,370.0,973828.0,-27960.0,-0.028711435695,-0.030708258101,-0.0302728664471
2015-04-13,387.0,1092064.0,-10388.0,-0.00951226301755,-0.028225658892,-0.0285711143936
2015-04-15,387.0,1080534.0,-2781.0,-0.00257372743477,-0.0253759579873,-0.026703910624
2015-04-16,395.0,1088792.0,6315.0,0.00580000587807,-0.0206123449446,-0.0249445484696
2015-04-17,394.0,1066620.0,-19165.0,-0.0179679735988,-0.019271732597,-0.0231098987338
2015-04-20,387.0,1037652.0,-21229.0,-0.0204586894257,-0.0184398124355,-0.0221981003133
2015-04-21,387.5,1071094.0,-21847.0,-0.0203969026061,-0.0178295318167,-0.0221199727144
2015-04-22,399.0,1106300.0,-9236.0,-0.00834854921811,-0.016379380715,-0.0221883192011
2015-04-23,399.0,995524.0,9457.0,0.00949951985085,-0.0130725212132,-0.020919037908
2015-04-24,417.5,1079350.0,24507.0,0.0227053319127,-0.00699646833545,-0.0188827670313
2015-04-27,434.0,1013348.0,18099.0,0.0178605967545,-0.0023392650905,-0.0165237615957
2015-04-28,427.0,1089452.0,21760.0,0.019973344397,0.000609295650958,-0.0138081816205
2015-04-29,412.5,1127070.0,16785.0,0.0148925976204,0.00235592815647,-0.0115100149154
2015-04-30,413.5,1003712.0,3426.0,0.00341332972008,0.00211726054067,-0.00924754220195
2015-05-04,425.0,1016364.0,7800.0,0.00767441585889,0.00468149948645,-0.0072951165553
2015-05-05,433.5,1098832.0,12747.0,0.0116004994394,0.00788741837296,-0.00527619703128
2015-05-06,445.5,1113796.0,31407.0,0.0281981619614,0.0127469248297,-0.00254130349349
2015-05-07,434.5,1085646.0,37506.0,0.0345471728353,0.0170364970351,0.000328558160044
2015-05-08,437.0,1063482.0,53236.0,0.0500582050284,0.0210923655528,0.0040099221698
2015-05-11,442.0,1117508.0,50108.0,0.0448390526063,0.0233057376222,0.00815463464336
2015-05-12,437.0,1125914.0,69411.0,0.0616485806198,0.0276845360087,0.0126726354591
2015-05-13,429.0,1128750.0,58144.0,0.0515118493909,0.0308383865081,0.0157238410795
2015-05-14,422.0,1080550.0,45412.0,0.0420267456388,0.0335518013099,0.0179538647332
2015-05-15,428.0,1135336.0,52455.0,0.0462021815568,0.0378306864936,0.0199739735171
2015-05-18,423.0,1163034.0,55349.0,0.0475901822303,0.0418222631308,0.0232518813086
2015-05-19,417.0,1144314.0,46217.0,0.0403883899,0.0447010521768,0.0262942352749
2015-05-20,415.0,1088134.0,58460.0,0.0537250007812,0.0472537360588,0.0300003304443
2015-05-21,423.5,1141490.0,68002.0,0.0595730142183,0.0497563201971,0.0333964086161
2015-05-22,423.5,1100970.0,63395.0,0.0575810421719,0.0505086039114,0.0358004847321
2015-05-25,430.0,1169714.0,76433.0,0.0653433232397,0.0525590309748,0.0379323842985
2015-05-26,433.0,1184194.0,78261.0,0.0660879889613,0.0530029718089,0.0403437539088
2015-05-27,432.5,1174264.0,77598.0,0.0660822438566,0.0544600112555,0.0426491988818
2015-05-28,430.0,1129348.0,56656.0,0.0501669990118,0.0552740365928,0.0444129189514
2015-05-29,432.0,1030894.0,36544.0,0.035448843431,0.0541987027802,0.0460146946369
2015-06-01,441.5,1129274.0,57306.0,0.0507458774398,0.0545142723012,0.048168267716
2015-06-02,441.5,1099588.0,55332.0,0.0503206655584,0.055507499867,0.0501042760219
2015-06-03,434.5,1039440.0,53127.0,0.0511111752482,0.0552461173137,0.0512499266862
2015-06-04,441.0,1027566.0,43106.0,0.0419496168616,0.053483777578,0.0516200488876
2015-06-05,437.0,990858.0,52178.0,0.0526594123477,0.0529916145956,0.0517501092535
2015-06-08,434.0,976962.0,42738.0,0.0437458161116,0.0508318638828,0.0516954474288
2015-06-09,433.5,1000094.0,41976.0,0.0419720546269,0.0484202704494,0.0507116211291
2015-06-10,450.5,1296222.0,31246.0,0.0241054387289,0.0442225899366,0.049341300596
2015-06-11,455.0,1500362.0,41015.0,0.0273367360677,0.0419395636422,0.0486068001175
2015-06-12,447.0,1418606.0,45990.0,0.0324191495031,0.0416365942494,0.0479176485148
2015-06-15,449.5,1431436.0,43696.0,0.0305259892863,0.039614605434,0.0470644388676
2015-06-16,437.5,1320388.0,37567.0,0.0284514854725,0.0374276874254,0.0464675936462
2015-06-17,425.0,1355168.0,11317.0,0.00835099412029,0.0331516693126,0.0441988933132
2015-06-18,428.5,1330960.0,23544.0,0.0176894872874,0.0307256563552,0.0421047169666
2015-06-19,431.5,1287222.0,14038.0,0.0109056557455,0.026550280695,0.0397709476453
2015-06-23,431.0,1303386.0,14945.0,0.0114662885745,0.0233223279413,0.037077095912
2015-06-24,445.0,1477308.0,39578.0,0.0267906218608,0.0218041846647,0.035112227557
2015-06-25,436.0,1454418.0,46635.0,0.0320643721406,0.0226000780059,0.0334113339712
2015-06-26,437.0,1405820.0,46834.0,0.0333143645701,0.0231978408561,0.0325687022491
2015-06-29,429.0,1374344.0,41908.0,0.0304930934322,0.023005235249,0.0323209147492
2015-06-30,416.0,1255576.0,36586.0,0.0291388175626,0.0228665180767,0.0312405617553
2015-07-01,413.5,1249364.0,34608.0,0.0277004940114,0.0227914189305,0.030109553178
2015-07-02,417.0,1263572.0,36149.0,0.0286085794874,0.0248171774673,0.0289844233899
2015-07-03,408.0,1268394.0,37382.0,0.0294719148782,0.0259954202263,0.0283605382908
2015-07-06,394.5,1269492.0,32431.0,0.0255464390481,0.0274594985566,0.0270048896258
2015-07-07,376.0,1145200.0,7343.0,0.0064119804401,0.0269540677431,0.0251381978422
2015-07-08,349.0,668174.0,-39510.0,-0.0591313041214,0.0183618751449,0.0200830299048
2015-07-09,367.0,655880.0,-37151.0,-0.0566429834726,0.00949113958361,0.0160456087947
2015-07-10,364.5,726804.0,-50158.0,-0.0690117280587,-0.000741469679282,0.0112281855884
2015-07-13,366.0,696408.0,-62547.0,-0.0898137298825,-0.0127721520108,0.00511654161913
2015-07-14,369.5,656878.0,-39365.0,-0.059927414223,-0.0216787751893,0.000593871443668
2015-07-15,368.0,652630.0,-47272.0,-0.0724330784671,-0.0316921324372,-0.00445035675331
2015-07-16,366.5,595046.0,-45973.0,-0.0772595732095,-0.0422789477068,-0.0087308851198
2015-07-17,369.0,562926.0,-49708.0,-0.0883029030459,-0.0540564294993,-0.0140305046365
2015-07-20,381.5,580972.0,-39510.0,-0.0680067197731,-0.0634117453814,-0.0179761234124
2015-07-21,360.0,671400.0,-46303.0,-0.0689648495681,-0.0709494283822,-0.0219976803195
2015-07-22,349.5,696712.0,-44911.0,-0.0644613556247,-0.0714824335325,-0.0265602791938
2015-07-23,352.0,689028.0,-42536.0,-0.0617333402997,-0.0719914692152,-0.0312501648158
2015-07-24,348.5,765838.0,-42841.0,-0.0559400290923,-0.0706842993186,-0.0357128844989
2015-07-27,353.0,816686.0,-46124.0,-0.0564770303397,-0.0673506293643,-0.0400613906875
2015-07-28,359.5,833930.0,-45867.0,-0.0550010192702,-0.066857989869,-0.0442683825292
2015-07-29,369.0,977384.0,-11294.0,-0.0115553354669,-0.060770215569,-0.0462311740031
2015-07-30,364.0,903142.0,-48446.0,-0.0536416200332,-0.0584084202514,-0.0503436839791
2015-07-31,367.0,947038.0,-40683.0,-0.0429581495146,-0.0538739448982,-0.0539651871987
2015-08-03,363.0,1046262.0,-44056.0,-0.0421079997171,-0.0512840728926,-0.057347909137
2015-08-04,366.5,990486.0,-36082.0,-0.0364285815246,-0.0480304460883,-0.0594899372352
2015-08-05,377.0,1160120.0,-60168.0,-0.0518636003172,-0.0467706705575,-0.059126552045
2015-08-06,373.5,1186682.0,-50156.0,-0.0422657460044,-0.044823911128,-0.0584076901716
2015-08-07,371.5,1186352.0,-51994.0,-0.0438267900252,-0.0436125872213,-0.0571484432699
2015-08-10,370.0,1178772.0,-41681.0,-0.0353596793952,-0.0415008521269,-0.0544257407456
2015-08-11,373.0,1344758.0,-41581.0,-0.0309208050817,-0.039092830708,-0.0529754102885
2015-08-12,377.5,1346138.0,-32994.0,-0.0245101170905,-0.0403883088704,-0.0505792622197
2015-08-13,387.5,1466244.0,-26998.0,-0.0184130335742,-0.0368654502245,-0.0476369352379
2015-08-14,385.0,1482020.0,-29429.0,-0.0198573568508,-0.0345553709581,-0.0442146579282
2015-08-17,381.0,1499038.0,-31384.0,-0.0209360936814,-0.0324381803545,-0.0418611266236
2015-08-18,383.5,1484070.0,-27059.0,-0.0182329674476,-0.0306186189468,-0.0393245325176
2015-08-19,377.5,1503534.0,-13209.0,-0.00878530182889,-0.026310789098,-0.0365407298278
2015-08-20,376.0,1508472.0,-12370.0,-0.00820035108375,-0.0229042496059,-0.033864080367
2015-08-21,379.5,1502578.0,-9261.0,-0.00616340715757,-0.0191379113192,-0.0313752492702
2015-08-24,362.5,1448802.0,14234.0,0.00982466893337,-0.0146194764863,-0.0280601643066
2015-08-25,360.5,1461056.0,512.0,0.000350431468746,-0.0114923528313,-0.0252925917696
2015-08-26,362.5,1490350.0,5242.0,0.00351729459523,-0.00868961166269,-0.0245389602665
2015-08-27,373.0,1435156.0,2405.0,0.0016757760132,-0.00668073070395,-0.0217730904642
2015-08-28,382.0,1474290.0,15730.0,0.0106695426273,-0.00362804075614,-0.0190917058571
2015-08-31,389.0,1535956.0,11566.0,0.00753016362448,-0.000781415025551,-0.01660979769
2015-09-01,388.5,1643254.0,26938.0,0.0163930834795,0.00268119006716,-0.0139687144398
2015-09-02,391.0,1580584.0,10517.0,0.00665386970892,0.00422510722094,-0.0110428409385
2015-09-07,383.5,1558044.0,-7630.0,-0.0048971659337,0.00455542573595,-0.00917441193499
2015-09-08,388.5,1592742.0,-12112.0,-0.0076044958945,0.00441131686225,-0.00736329722845
2015-09-09,398.0,1689914.0,23965.0,0.0141811950194,0.00484696947086,-0.00488625350773
2015-09-10,410.0,1732076.0,30200.0,0.0174357245294,0.00655549877692,-0.00246842702717
2015-09-11,407.5,1602472.0,9649.0,0.00602132205742,0.00680590152314,-0.000941855069775
2015-09-14,401.5,1629400.0,15656.0,0.00960844482632,0.00759916840445,0.000459218850252
2015-09-15,392.5,1674400.0,13868.0,0.00828236980411,0.00736045112213,0.001866205183
2015-09-16,397.0,1649114.0,-17385.0,-0.010542024384,0.00555323232129,0.00238590864787
2015-09-17,393.5,1654816.0,-18291.0,-0.0110531926208,0.00280860471126,0.00274489738921
2015-09-18,388.0,1629956.0,-21774.0,-0.01335864281,0.000807353459365,0.00251623034015
2015-09-21,390.5,1648002.0,-29003.0,-0.0175988864091,-0.000462818588178,0.00204630357388
2015-09-22,383.5,1693976.0,-30498.0,-0.0180037969841,-0.00150274869714,0.00145428408256
2015-09-23,379.0,1686350.0,-34147.0,-0.0202490586177,-0.00494577406085,-4.9402294999e-05
2015-09-24,378.0,1696198.0,-24098.0,-0.0142070678069,-0.00811005329449,-0.000777277258783
2015-09-25,382.0,1605480.0,-1197.0,-0.000745571417894,-0.00878674264202,-0.00099042055944
2015-09-28,368.0,1658648.0,-19264.0,-0.0116142786173,-0.0109090149864,-0.00165492329096
2015-09-29,367.0,1529442.0,-10230.0,-0.00668871392312,-0.0124061233591,-0.00252283611848
2015-09-30,366.0,1498778.0,-11566.0,-0.00771695341138,-0.0121236162618,-0.00328519197028
2015-10-08,373.5,1589436.0,6887.0,0.00433298352372,-0.0105849986474,-0.00388819696807
2015-10-09,391.0,1700466.0,7106.0,0.00417885450224,-0.00883124891616,-0.0040119477284
2015-10-13,376.5,1704690.0,-4297.0,-0.00252069291191,-0.00732342956644,-0.00389312407731
2015-10-14,375.0,1748034.0,-3721.0,-0.00212867713099,-0.00573591758113,-0.00361933313914
2015-10-15,374.5,1738100.0,-5197.0,-0.00299004660261,-0.00401001637962,-0.00447789522024
2015-10-16,367.5,1667802.0,-21573.0,-0.0129349886857,-0.00388280846749,-0.00599643088099
2015-10-19,370.5,1668416.0,-24579.0,-0.0147319373585,-0.00528144506156,-0.00703409385179
2015-10-20,371.5,1700344.0,-23029.0,-0.0135437299746,-0.0054743901973,-0.00819170259184
2015-10-21,365.0,1795384.0,-60601.0,-0.0337537819207,-0.00818089699706,-0.0102935101781
2015-10-22,367.0,1738100.0,-27954.0,-0.0160830792244,-0.00901750957836,-0.0105705629201
2015-10-23,370.0,1704598.0,-21380.0,-0.0125425466884,-0.0107050625996,-0.0106450306235
2015-10-26,365.5,1664226.0,-22655.0,-0.0136129347817,-0.012484241528,-0.0106577452221
2015-10-27,366.5,1645102.0,-3323.0,-0.00201993554199,-0.012434165791,-0.00987879767871
2015-10-28,358.0,1683252.0,11069.0,0.00657596129397,-0.0115637019485,-0.00864980976481
2015-10-29,358.0,1794434.0,84133.0,0.046885536052,-0.00657614368302,-0.00529308003132
2015-10-30,362.5,1771732.0,107590.0,0.0607258885655,0.000789944042106,-0.00154643221269
2015-11-02,359.0,1751696.0,111589.0,0.0637034051571,0.00863347829367,0.00167601661605
2015-11-03,349.0,1737976.0,66274.0,0.0381328625942,0.0138011375505,0.00416337367663
2015-11-04,351.0,1756308.0,90003.0,0.0512455674062,0.0223010724832,0.00706008774309
2015-11-05,345.5,1638408.0,67480.0,0.0411863223324,0.0280280126389,0.00950525153028
2015-11-06,347.5,1423176.0,80042.0,0.0562418140834,0.0349064487161,0.0121006930583
2015-11-09,348.5,1446346.0,64864.0,0.0448468070572,0.0407524229,0.014134090686
2015-11-10,348.0,1429260.0,68784.0,0.0481256034591,0.0457669768001,0.0166664055046
2015-11-11,345.0,1373558.0,71870.0,0.0523239644777,0.0503417771185,0.019389037585
2015-11-12,347.0,1298606.0,61751.0,0.0475517593481,0.0504083994481,0.0219161278825
2015-11-23,300.0,1030380.0,53164.0,0.0515964983792,0.0494954604295,0.0251427022358
2015-11-24,301.0,1118260.0,7162.0,0.00640459284961,0.0437655791987,0.0261995287462
2015-11-25,306.0,1128444.0,8801.0,0.00779923505287,0.0407322164446,0.0272666769976
2015-11-26,307.0,1100264.0,-14502.0,-0.0131804730501,0.034289612399,0.0282953424411
2015-11-27,302.5,1116010.0,-10245.0,-0.00918002526859,0.0292529776389,0.0286404951389
2015-11-30,293.5,1194970.0,-18735.0,-0.0156782178632,0.0220609744442,0.0284837115802
2015-12-01,292.5,1209948.0,-19392.0,-0.0160271350504,0.0159735802334,0.0283630015667
2015-12-02,293.5,1279512.0,-29178.0,-0.0228040065275,0.00888061923476,0.0273237980174
2015-12-03,290.0,1312398.0,-3606.0,-0.00274764210247,0.00337345857675,0.0268576178476
2015-12-04,289.0,1313442.0,-13302.0,-0.010127588428,-0.00239447620085,0.0240069616236
2015-12-07,293.5,1345876.0,-6828.0,-0.00507327569553,-0.00806145360833,0.0207170034106
2015-12-08,286.5,1311588.0,-26883.0,-0.0204965278731,-0.0107515656806,0.0165070067591
2015-12-09,287.0,1381228.0,-11297.0,-0.00817895380053,-0.0123493845659,0.0141914159393
2015-12-10,284.0,1419348.0,-24459.0,-0.0172325603023,-0.0127545932912,0.0107675095539
2015-12-11,287.0,1386810.0,-22290.0,-0.0160728578536,-0.0134438765497,0.00790455054459
2015-12-14,290.5,1453536.0,-4046.0,-0.00278355678841,-0.0121544104422,0.004953282001
2015-12-15,288.5,1495414.0,1247.0,0.000833882790986,-0.010468308658,0.00275263578769
2015-12-16,293.5,1508444.0,29916.0,0.0198323570514,-0.00620467230016,0.0013379734673
2015-12-17,293.0,1503214.0,-11647.0,-0.00774806514575,-0.00670471460449,-0.00166562801387
2015-12-18,300.5,1549110.0,-14055.0,-0.00907295156574,-0.00659925091827,-0.00449686355956
2015-12-22,308.0,1612972.0,-48825.0,-0.0302702092783,-0.00911894427654,-0.00859019894244
2015-12-23,302.5,1640652.0,-48499.0,-0.0295608087516,-0.0100253723644,-0.0103884690225
2015-12-25,304.5,1608498.0,-44404.0,-0.027605878279,-0.0119680648122,-0.0121587246891
2015-12-28,309.0,1642400.0,-39208.0,-0.0238723818802,-0.01263204697,-0.0126933201306
2015-12-29,316.0,1561474.0,-38157.0,-0.0244365260004,-0.0134684137847,-0.0134561451672
2015-12-30,321.0,1540646.0,-56056.0,-0.0363847373115,-0.016828531837,-0.0144914711396
2015-12-31,322.0,1456456.0,-67603.0,-0.0464160949593,-0.021553529612,-0.016010919135
2016-01-04,321.5,1558020.0,-95389.0,-0.0612245028947,-0.0296592156066,-0.0179319439534
2016-01-05,324.5,1568360.0,-63812.0,-0.0406870871484,-0.0329531178069,-0.0198289162057
2016-01-06,318.5,1539760.0,-54440.0,-0.0353561594015,-0.0355814385905,-0.0210903447544
2016-01-07,320.0,1558846.0,-46344.0,-0.0297296846513,-0.0355273861278,-0.0223231652022
2016-01-08,311.5,1476292.0,-65944.0,-0.0446686698837,-0.037038172241,-0.0235317723027
2016-01-11,305.5,1448216.0,-61280.0,-0.0423141299364,-0.0385089974067,-0.0252385311095
2016-01-12,300.5,1454950.0,-54008.0,-0.0371201759511,-0.0398337768138,-0.0262329118919
2016-01-13,300.5,1507986.0,-55671.0,-0.0369174514883,-0.0410818693626,-0.0272751415737
2016-01-14,305.0,1563116.0,-61249.0,-0.0391839121345,-0.0413617868449,-0.029095159341
2016-01-15,306.5,1612298.0,-16340.0,-0.0101346029084,-0.0377336376398,-0.0296435836259
2016-01-18,319.0,1558246.0,2587.0,0.0016601999941,-0.0314451673509,-0.0305521914788
2016-01-19,322.0,1605896.0,5977.0,0.00372190976253,-0.0270042676599,-0.0299786927334
2016-01-20,314.0,1425680.0,7303.0,0.00512246787498,-0.0229564049322,-0.0292689217613
2016-01-21,314.0,1425598.0,21448.0,0.015044914485,-0.0184789450186,-0.0270031655732
2016-01-22,315.5,1509720.0,24155.0,0.0159996555653,-0.0124121124737,-0.0247251423573
2016-01-25,313.5,1483438.0,-31421.0,-0.0211812020455,-0.0102988196846,-0.0244039085457
2016-01-26,318.0,1524332.0,-14148.0,-0.00928144262536,-0.00751494635202,-0.0236743615829
2016-01-27,324.5,1649402.0,23770.0,0.0144112836046,-0.00238207284273,-0.0217319711027
2016-01-28,318.5,1610256.0,5050.0,0.00313614729583,0.0018499331003,-0.0197559268723
2016-01-29,321.0,1643326.0,7795.0,0.00474342887534,0.00333773627868,-0.0171979506806
2016-02-01,324.5,1665216.0,6108.0,0.00366799262078,0.00353851554135,-0.0139533259048
2016-02-03,329.0,1618274.0,1547.0,0.000955956778642,0.00326192024296,-0.0118711737084
2016-02-04,340.5,1566600.0,37136.0,0.0237048385038,0.00512015730584,-0.00891812381319
2016-02-05,335.5,1335296.0,9579.0,0.00717369032784,0.00433303489012,-0.00707295506423
2016-02-15,339.5,1424286.0,-3343.0,-0.00234714095343,0.00249835523825,-0.00495687861771
2016-02-16,339.0,1552220.0,3749.0,0.00241525041553,0.00485800048435,-0.00272040960012
2016-02-17,339.0,1591928.0,4948.0,0.00310818077199,0.00609696282409,-0.000708991763963
2016-02-18,344.0,1706434.0,-6156.0,-0.00360752305685,0.00429508215794,0.000956504657608
2016-02-19,353.0,1732626.0,34067.0,0.0196620620953,0.00594767363789,0.0038988033691
2016-02-22,365.5,1729970.0,62454.0,0.0361012040671,0.00908345115707,0.00621059371788
2016-02-23,368.0,1502256.0,43486.0,0.0289471301829,0.0116113649133,0.00757494022731
2016-02-24,372.5,1633890.0,51943.0,0.0317910018422,0.0146948694196,0.0089783948313
2016-02-25,369.5,1643246.0,34034.0,0.020711445517,0.014395530121,0.0097578437134
2016-02-29,369.5,1629886.0,35592.0,0.0218371100801,0.0158618720962,0.0100974534932
2016-03-01,377.5,1436494.0,11375.0,0.00791858511069,0.0168884447026,0.00969339997042
2016-03-02,385.5,1382918.0,17270.0,0.0124880867846,0.0178957283395,0.0113768644119
2016-03-03,383.5,1400864.0,23727.0,0.0169374043447,0.0192786506968,0.0126878067604
2016-03-04,396.5,1444834.0,31284.0,0.0216523143835,0.0218046344408,0.0130498582994
2016-03-07,407.0,1419456.0,35705.0,0.0251540026602,0.0223538284973,0.0141507510676
2016-03-08,423.0,1341538.0,46345.0,0.034546170142,0.0221983251048,0.0156408881309
2016-03-09,424.0,1047014.0,63177.0,0.0603401673712,0.0253376288236,0.0184744968685
2016-03-10,439.0,1174028.0,75851.0,0.0646074880667,0.0286192774461,0.0216570734329
2016-03-11,427.0,1147334.0,47763.0,0.0416295516388,0.0307110880583,0.0225533090896
2016-03-14,422.5,1087486.0,26790.0,0.0246347998963,0.0309908570399,0.023426364568
2016-03-15,413.0,1039788.0,22925.0,0.0220477635826,0.0324037748871,0.0246461097948
2016-03-16,419.0,1061572.0,27431.0,0.0258399807079,0.0337389642794,0.0258173463095
2016-03-17,435.5,1086568.0,12648.0,0.0116403207162,0.0332092559165,0.0262439533067
2016-03-18,449.5,933232.0,57525.0,0.0616406209817,0.0372080865764,0.0295063605086
2016-03-21,422.5,1231352.0,50794.0,0.0412505928443,0.0388177455948,0.030585787046
2016-03-22,416.5,1448306.0,20296.0,0.0140136131453,0.0367644898951,0.0294814074999
2016-03-23,411.0,1570664.0,42004.0,0.0267428297841,0.0334047561364,0.02937119248
2016-03-24,390.0,1482932.0,-2527.0,-0.00170405655822,0.0267736016739,0.02769643956
2016-03-25,392.5,1436880.0,-3986.0,-0.00277406603196,0.0223332399068,0.0265221639825
2016-03-28,378.5,1480124.0,58155.0,0.0392906270015,0.0237988226173,0.0273948398286
2016-03-29,379.0,1393050.0,64312.0,0.0461663256882,0.0262106788279,0.0293072268575
2016-03-30,379.0,1318524.0,47283.0,0.035860553164,0.0272127360735,0.0304758501765
2016-03-31,380.0,1240802.0,46103.0,0.0371558072924,0.0297642847311,0.0314867703238
2016-04-01,386.5,1143210.0,35307.0,0.0308840895374,0.0266886315867,0.0319483590815
2016-04-05,382.0,1180076.0,53874.0,0.0456529918412,0.0271288714864,0.0329733085406
2016-04-06,375.0,1313716.0,38070.0,0.0289788660563,0.0286253967775,0.0326949433363
2016-04-07,377.5,1278100.0,34105.0,0.0266841405211,0.0286195278512,0.0310121419938
2016-04-08,377.0,1302510.0,31371.0,0.0240850358155,0.0311984370886,0.0289860193812
2016-04-11,388.0,1387090.0,44599.0,0.0321529244678,0.0346911361385,0.0285121880227
2016-04-12,409.5,1473448.0,58582.0,0.0397584441392,0.0347379178523,0.0292683702348
2016-04-13,419.0,1450180.0,73070.0,0.0503868485291,0.0351599701364,0.0306853244821
2016-04-14,417.5,1399332.0,46901.0,0.0335167065428,0.0349255854743,0.0310691607739
2016-04-15,408.5,1400088.0,56513.0,0.0403638914125,0.0352463938863,0.0325053393087
2016-04-18,425.5,1446714.0,67691.0,0.0467894829248,0.036836933225,0.0317627824059
2016-04-19,433.5,1509810.0,45643.0,0.030230956213,0.0352947296622,0.0312118005743
2016-04-20,454.5,1282812.0,18160.0,0.0141564001584,0.0338124830724,0.031218939925
2016-04-21,474.0,1140156.0,41433.0,0.0363397640323,0.0347780454235,0.0316987866374
2016-04-22,473.0,1049276.0,63217.0,0.0602482092414,0.0383943627661,0.0347963999273
2016-04-25,471.0,1082698.0,57891.0,0.0534692037854,0.0405259906979,0.0376085634182
2016-04-26,450.5,1039454.0,58893.0,0.0566576298711,0.0422159092711,0.0384769135617
2016-04-27,434.5,1003776.0,42815.0,0.0426539387274,0.0414426182909,0.0383012942136
2016-04-28,446.0,910042.0,37494.0,0.0412002962501,0.0422109772616,0.038568281368
2016-04-29,462.0,824094.0,46023.0,0.0558467844688,0.0437592665673,0.0395028302268
2016-05-03,442.5,762278.0,33707.0,0.0442187758272,0.0435021958575,0.0401695645413
2016-05-04,435.0,840028.0,30148.0,0.0358892798811,0.0440680282243,0.0396813789433
2016-05-05,412.5,966264.0,21444.0,0.0221926926803,0.0448716574765,0.0393420702745
2016-05-06,417.5,1007746.0,42308.0,0.0419828012217,0.0454359611954,0.0401070033095
2016-05-09,388.0,977240.0,63986.0,0.0654762392043,0.0459587641917,0.0421765634789
2016-05-10,385.5,981470.0,64056.0,0.0652653672552,0.0471383805387,0.0438321856183
2016-05-11,385.0,963338.0,35354.0,0.0366994761963,0.0451425651712,0.0436792372212
2016-05-12,373.0,1018774.0,25217.0,0.0247523003139,0.0433524013299,0.0423975098104
2016-05-16,367.5,1017220.0,36592.0,0.0359725526435,0.0428296269692,0.0425203021154
2016-05-17,385.5,1038494.0,43584.0,0.0419684658746,0.0414417951098,0.0426005308385
2016-05-18,372.0,1036164.0,16544.0,0.0159665844403,0.0386165759711,0.0410593859143
2016-05-20,375.0,1160884.0,34172.0,0.0294361882841,0.0379712668114,0.0410196475179
2016-05-23,353.5,1142714.0,18905.0,0.0165439471294,0.0374063922563,0.0411390248664
2016-05-24,350.5,1210206.0,19296.0,0.0159443929381,0.034802551428,0.0401192563117
2016-05-25,342.0,1241750.0,24841.0,0.0200048318905,0.0302554106966,0.0381070874442
2016-05-26,345.0,1291172.0,25284.0,0.0195822090318,0.0256870948742,0.0364127377065
2016-05-27,350.0,1402116.0,39725.0,0.0283321779368,0.0248503650483,0.0349964651098
2016-05-30,347.5,1400878.0,42431.0,0.0302888616996,0.0254040211869,0.0343782112584
2016-05-31,344.0,1394062.0,51721.0,0.0371009323832,0.0255168591608,0.034173243065
2016-06-01,348.5,1409806.0,56331.0,0.0399565613992,0.0253156687133,0.0333787319116
2016-06-02,343.5,1364196.0,49167.0,0.03604100877,0.0273231111463,0.0329698435587
2016-06-03,347.5,1278556.0,45289.0,0.0354219916844,0.0279216914863,0.0329464791489
2016-06-06,367.0,1298498.0,50718.0,0.0390589742918,0.0301731942025,0.0337897932294
2016-06-08,366.5,1222610.0,27780.0,0.0227218818757,0.0308509430963,0.0328267472621
2016-06-13,373.0,1254470.0,24705.0,0.019693575773,0.0308198174845,0.0305376140906
2016-06-14,355.5,1247496.0,898.0,0.000719841987469,0.0289335807801,0.0273103378272
2016-06-15,360.0,1300000.0,-1411.0,-0.00108538461538,0.0259918245249,0.0254210947866
2016-06-16,366.0,1294456.0,-4452.0,-0.00343928260211,0.0226190100947,0.0240115156408
2016-06-17,372.5,1265206.0,808.0,0.000638631179428,0.0189727799744,0.0222448195676
2016-06-20,369.5,1289372.0,-6791.0,-0.00526690512901,0.0144504333215,0.0198830510174
2016-06-21,374.0,1294788.0,-7652.0,-0.00590984778975,0.0102553476656,0.0187892294059
2016-06-22,386.5,1353878.0,1964.0,0.00145064769499,0.00685821326662,0.0173899523765
2016-06-23,387.5,1373992.0,-12173.0,-0.00885958579089,0.00206635725834,0.0161197757304
2016-06-24,385.0,1372084.0,-3913.0,-0.00285186621227,-0.00049101755045,0.0151799627729
2016-06-27,411.0,1381868.0,25753.0,0.0186363675836,-0.000596738369395,0.0151115395576
2016-06-28,419.0,1334626.0,25951.0,0.0194443986555,0.00127571729741,0.0151046490388
2016-06-29,418.5,1328964.0,32889.0,0.0247478487002,0.00385904062897,0.0149254325769
2016-06-30,428.0,1300600.0,32782.0,0.0252052898662,0.0067234978758,0.0146712539853
2016-07-01,421.0,1164130.0,17094.0,0.0146839270528,0.00812802746314,0.0135504037187
2016-07-04,438.0,1107406.0,5123.0,0.0046261262807,0.00911733060411,0.0117838819628
2016-07-05,440.5,1067200.0,1438.0,0.00134745127436,0.00984306051052,0.010049204088
2016-07-06,428.0,1025942.0,3758.0,0.00366297509996,0.010064293251,0.00846125325882
2016-07-07,426.5,1120748.0,-5829.0,-0.00520099076688,0.0104301527534,0.00624825500588
2016-07-08,430.0,1114298.0,-10829.0,-0.00971822618366,0.00974351675628,0.00462624960291
2016-07-11,429.0,1076800.0,3345.0,0.00310642644874,0.00819052264279,0.0037968921367
2016-07-12,453.0,1106048.0,-3152.0,-0.00284978590441,0.0059611041868,0.00361841074211
2016-07-13,457.5,1147308.0,-9118.0,-0.0079472992431,0.00269158939247,0.00327531501072
2016-07-14,464.5,1163710.0,-7285.0,-0.00626015072484,-0.000454954666631,0.00313427160458
2016-07-15,461.5,1155760.0,-4691.0,-0.00405880113518,-0.00232922748543,0.00289939998885
2016-07-18,431.0,1061056.0,-8702.0,-0.00820126364678,-0.00361196647818,0.00275268206296
2016-07-19,423.5,959064.0,-14689.0,-0.015315974742,-0.00527830907982,0.00228237571535
2016-07-20,423.0,936746.0,-18392.0,-0.0196339242441,-0.00760799901423,0.00122814711839
2016-07-21,447.0,1001078.0,-18238.0,-0.0182183606073,-0.00890973599827,0.000760208377575
2016-07-25,442.5,960264.0,-23186.0,-0.0241454433364,-0.0103524577135,-0.000304470478632
2016-07-26,446.0,964438.0,-11739.0,-0.0121718555262,-0.011880285911,-0.00184488163412
2016-07-27,466.0,1041674.0,-6338.0,-0.00608443716556,-0.0122037510372,-0.00312132342518
2016-07-28,472.5,1066438.0,4762.0,0.0044653322556,-0.0109624878873,-0.00413544924741
2016-07-29,461.0,1039244.0,-8920.0,-0.00858316237573,-0.0111947890524,-0.0058248718595
2016-08-01,486.5,1071792.0,-17492.0,-0.0163203308105,-0.0124209420199,-0.00737508475267
2016-08-02,485.5,1030850.0,-9328.0,-0.00904884318766,-0.012505699974,-0.00805883322608
2016-08-03,483.5,1029188.0,-9347.0,-0.00908191700642,-0.0118822942004,-0.00858030164012
2016-08-04,473.5,952152.0,-8632.0,-0.00906577941337,-0.0108254797173,-0.00921673936579
2016-08-05,492.5,1012542.0,17498.0,0.0172812584564,-0.00727551781098,-0.00809262690462
2016-08-08,503.0,968776.0,12975.0,0.0133931889312,-0.00352165458422,-0.00693705614888
2016-08-09,501.5,929586.0,8891.0,0.00956447278681,-0.00134802175292,-0.00661415383198
2016-08-10,494.0,772160.0,19490.0,0.0252408827186,0.0017845102355,-0.00520962040083
2016-08-11,431.0,977780.0,12434.0,0.0127165620078,0.00260963321072,-0.00417642733828
2016-08-12,432.0,1137362.0,23675.0,0.0208157121479,0.00554952066309,-0.00282263419464
2016-08-15,421.5,1143116.0,26786.0,0.0234324425518,0.00952479799931,-0.0014480720103
2016-08-16,438.0,1239102.0,29430.0,0.0237510713404,0.0128047894521,0.000149544739063
2016-08-17,426.5,1229134.0,26855.0,0.0218487162506,0.0158978527778,0.0020077792887
2016-08-18,437.0,1237644.0,27958.0,0.0225896946133,0.0190634001805,0.00411896023157
2016-08-19,444.5,1300214.0,19952.0,0.0153451662572,0.0188697909606,0.00579713657479
2016-08-22,443.5,1350036.0,7388.0,0.00547244666068,0.0180777167335,0.00727803107465
2016-08-23,456.5,1380850.0,1933.0,0.00139986240359,0.0172612556952,0.00795661697114
2016-08-24,456.0,1403222.0,1803.0,0.0012849000372,0.0148656574271,0.00832508383128
2016-08-25,442.0,1396258.0,-5861.0,-0.00419764828563,0.0131742363977,0.00789193480422
2016-08-26,431.0,1389910.0,-18306.0,-0.0131706369477,0.00977560148815,0.00766256107562
2016-08-29,421.0,1497454.0,-7989.0,-0.00533505536731,0.00689885169624,0.00821182484777
2016-08-30,418.0,1609924.0,23987.0,0.0148994610926,0.00601369067146,0.00940924006179
2016-08-31,412.5,1661566.0,23668.0,0.014244393542,0.00525325840059,0.0105755555892
2016-09-01,417.5,1575518.0,40035.0,0.0254106903253,0.0055353579718,0.0122993790761
2016-09-02,419.5,1571582.0,55862.0,0.0355450749627,0.00755534884234,0.0132125699015
2016-09-05,418.5,1609242.0,58257.0,0.0362015159932,0.0106282557756,0.0143529862546
2016-09-06,424.0,1646856.0,68862.0,0.0418142205512,0.0146696915904,0.0159654736428
2016-09-07,407.5,1639162.0,30274.0,0.0184691934049,0.0163881209271,0.0156268891771
2016-09-08,408.5,1622772.0,15969.0,0.00984056910028,0.0177919426657,0.0154830895317
2016-09-12,398.0,1663694.0,33207.0,0.0199598002998,0.0211049863905,0.0154402939393
2016-09-13,393.5,1675478.0,8826.0,0.00526775045688,0.0221652669729,0.0145320593346
2016-09-14,393.5,1604784.0,7192.0,0.00448160001595,0.0211234808652,0.0135685857683
2016-09-19,393.5,1623542.0,6057.0,0.00373073194288,0.0200721147053,0.012662686553
2016-09-20,397.5,1674800.0,10635.0,0.00635001194172,0.018166046867,0.0118507024194
2016-09-21,399.0,1685390.0,8694.0,0.005158449973,0.015127384368,0.0113413666052
2016-09-22,408.0,1642682.0,28691.0,0.0174659489786,0.0132538276665,0.0119410417211
2016-09-23,413.5,1610848.0,33546.0,0.0208250561195,0.0111549112234,0.0129123014069
2016-09-26,411.5,1594044.0,37649.0,0.0236185450339,0.0116698463862,0.0140289836567
2016-09-27,406.0,1571258.0,40914.0,0.0260390082342,0.0132896902996,0.0155408164827
2016-09-28,413.0,1560438.0,45163.0,0.028942514858,0.0141879617555,0.017646474073
2016-09-29,413.5,1550926.0,28869.0,0.018614040902,0.0155225908,0.0188439288864
2016-09-30,404.5,1344912.0,17684.0,0.0131488156846,0.0163893123668,0.018756396616
2016-10-10,412.5,1490188.0,20655.0,0.0138606672447,0.017402305897,0.0187372103012
2016-10-11,422.0,1642226.0,10309.0,0.00627745511276,0.0173950502141,0.0177805485405
2016-10-12,428.0,1698272.0,7565.0,0.00445452789659,0.0173246580065,0.0162260211872
2016-10-13,427.0,1665474.0,2879.0,0.00172863701265,0.0157509268099,0.0145023772382
2016-10-14,438.5,1677404.0,-10074.0,-0.00600570882149,0.0130678503158,0.0121113807696
2016-10-17,442.0,1612010.0,-12159.0,-0.00754275717893,0.0099517200945,0.0108107832404
2016-10-18,437.5,1585360.0,-9874.0,-0.00622823838119,0.00672499543297,0.0100073428663
2016-10-19,436.0,1666534.0,-13101.0,-0.00786122575357,0.00304462137181,0.00861629156363
2016-10-20,443.5,1560724.0,-19813.0,-0.0126947493599,-8.62576543827e-05,0.00771816657279
2016-10-21,444.5,1553700.0,-17821.0,-0.0114700392611,-0.00254814314895,0.00692058460894
2016-10-24,454.0,1626710.0,-172.0,-0.00010573488821,-0.00394478336224,0.00672876126739
2016-10-26,474.0,1339652.0,8235.0,0.00614711880399,-0.00395781699312,0.0067186166105
2016-10-27,478.5,1450892.0,-3153.0,-0.00217314589921,-0.0046205843727,0.00635203681689
2016-10-28,494.0,1439618.0,18120.0,0.0125866722978,-0.00353478084418,0.00610807298285
2016-10-31,502.0,1434258.0,21286.0,0.0148411234241,-0.00145009761963,0.00580887634808
2016-11-01,502.0,1414520.0,17838.0,0.0126106382377,0.000565241922037,0.00525848100827
2016-11-02,491.5,1381070.0,15869.0,0.0114903661654,0.00233710237669,0.00453104890483
2016-11-03,500.5,1343350.0,17751.0,0.0132139799754,0.00444462294959,0.0037446221607
2016-11-04,500.0,1430914.0,16927.0,0.0118295019826,0.00689704808385,0.00340539521473
2016-11-07,520.0,1457486.0,14820.0,0.0101681937254,0.0090608713825,0.00325636411677
2016-11-08,519.0,1281542.0,14609.0,0.0113995483566,0.010211399707,0.00313330817237
2016-11-09,551.5,1137634.0,22754.0,0.0200011603029,0.0115968038569,0.00381949343187
2016-11-10,588.0,935634.0,19049.0,0.0203594567961,0.0138500641264,0.00461473987685
2016-11-11,614.5,973154.0,29572.0,0.0303877906272,0.0156301759593,0.00604769755758
2016-11-15,591.0,807626.0,41721.0,0.0516588123711,0.019311944854,0.00893092361721
2016-11-16,577.0,770890.0,27541.0,0.0357262385035,0.0216235048806,0.0110943734013
2016-11-18,551.0,843686.0,16047.0,0.0190201093772,0.0223764792018,0.0123567907892
2016-11-21,552.5,911746.0,25206.0,0.0276458575086,0.0238196669551,0.0141321449524
2016-11-22,580.5,785230.0,33575.0,0.0427581727647,0.0269125340333,0.0169047910586
2016-11-24,622.0,616390.0,31271.0,0.0507324907932,0.0309689637401,0.0200149175613
2016-11-29,577.0,978978.0,9729.0,0.00993791484589,0.030822800389,0.020517100048
2016-12-01,595.0,912974.0,29595.0,0.0324160381347,0.0320642881722,0.0218305460145
2016-12-06,604.5,1006578.0,39465.0,0.0392070957243,0.033949052065,0.0238995580957
2016-12-07,644.5,1088068.0,34686.0,0.0318785222982,0.0340981252321,0.0248641505957
2016-12-08,635.0,990776.0,20147.0,0.0203345660371,0.0309657005987,0.0251388227264
