update_date,open,high,low,close,amt,volume,position_all
2013/10/18,976.15,976.15,976.15,976.15,33033.64,338700,2086014
2013/10/21,967.01,967.01,967.01,967.01,10059.46,104000,2116372
2013/10/22,946.35,946.35,946.35,946.35,9442.76,98800,2180080
2013/10/23,937.54,937.54,937.54,937.54,11559.79,122500,2141418
2013/10/24,924.67,924.67,924.67,924.67,16460.96,177400,2179740
2013/10/25,916.63,916.63,916.63,916.63,10086.48,108800,2165180
2013/10/28,921.33,921.33,921.33,921.33,8006.87,86900,2166322
2013/10/29,919.34,919.34,919.34,919.34,9985.76,108900,2195736
2013/10/30,922.03,922.03,922.03,922.03,11452.57,124200,2229504
2013/10/31,920.13,920.13,920.13,920.13,7119.26,77200,2246992
2013/11/1,941.06,941.06,941.06,941.06,31011.06,329200,2227550
2013/11/4,948.77,948.77,948.77,948.77,16886.35,177900,2258880
2013/11/5,944.83,944.83,944.83,944.83,10439.16,110200,2277170
2013/11/6,942.82,942.82,942.82,942.82,6783.1,71800,2248316
2013/11/7,943.8,943.8,943.8,943.8,8938.82,94700,2152328
2013/11/8,937.48,937.48,937.48,937.48,6751.13,71900,2153476
2013/11/11,940.15,940.15,940.15,940.15,5696.73,60700,2118736
2013/11/12,941.07,941.07,941.07,941.07,4498.19,47900,2141850
2013/11/13,940.88,940.88,940.88,940.88,9453.64,99900,2177252
2013/11/14,935,935,935,935,5412.43,57600,2176794
2013/11/15,929.13,929.13,929.13,929.13,7469.27,79900,2241214
2013/11/18,930.29,930.29,930.29,930.29,5262.67,56600,2200076
2013/11/19,939.98,939.98,939.98,939.98,5947.23,63500,2166252
2013/11/20,939.93,939.93,939.93,939.93,4229.18,44900,2261468
2013/11/21,930.26,930.26,930.26,930.26,4041.87,43200,2244408
2013/11/22,929.34,929.34,929.34,929.34,5076.3,54500,2178578
2013/11/25,931.09,931.09,931.09,931.09,3777.24,40500,2166172
2013/11/26,939.07,939.07,939.07,939.07,7064.92,75300,2203028
2013/11/27,934.3,934.3,934.3,934.3,2957.57,31600,2213960
2013/11/28,937.07,937.07,937.07,937.07,2673.26,28500,2122602
2013/11/29,937.27,937.27,937.27,937.27,3211.94,34100,2083040
2013/12/2,934.64,934.64,934.64,934.64,4028.77,43000,2075638
2013/12/3,937.24,937.24,937.24,937.24,3442.04,36700,2086372
2013/12/4,949.89,949.89,949.89,949.89,9252.3,97500,2166284
2013/12/5,942.81,942.81,942.81,942.81,5241.09,55300,2166154
2013/12/6,938.95,938.95,938.95,938.95,4182.45,44500,2241930
2013/12/9,942.83,942.83,942.83,942.83,1902.21,20200,2312996
2013/12/10,940.18,940.18,940.18,940.18,1621.46,17200,2304656
2013/12/11,935.03,935.03,935.03,935.03,3876.37,41400,2324872
2013/12/12,928.49,928.49,928.49,928.49,3488.17,37400,2415996
2013/12/13,911.88,911.88,911.88,911.88,9164.51,100500,2196788
2013/12/16,915.79,915.79,915.79,915.79,3875.12,42200,2145584
2013/12/17,908.2,908.2,908.2,908.2,2451.08,26800,2194488
2013/12/18,904.28,904.28,904.28,904.28,6901.19,76100,2102292
2013/12/19,905.53,905.53,905.53,905.53,3058.69,33700,2116198
2013/12/20,902.42,902.42,902.42,902.42,3408.83,37500,2049186
2013/12/23,889.2,889.2,889.2,889.2,12795.46,143700,2037826
2013/12/24,895.38,895.38,895.38,895.38,9035.66,100300,2053680
2013/12/25,897.95,897.95,897.95,897.95,4633.71,51500,2076412
2013/12/26,892.63,892.63,892.63,892.63,7983.79,89600,2058830
2013/12/27,902.53,902.53,902.53,902.53,8313.5,92100,2070502
2013/12/30,906.56,906.56,906.56,906.56,8348.19,91500,2149640
2013/12/31,906.6,906.6,906.6,906.6,7070.36,77800,2020302
2014/1/2,903.08,903.08,903.08,903.08,5389.82,59500,1944930
2014/1/3,897.68,897.68,897.68,897.68,12500.57,139400,1944244
2014/1/6,888.98,888.98,888.98,888.98,10542.98,118300,1927010
2014/1/7,892.72,892.72,892.72,892.72,8441.32,94600,1892970
2014/1/8,888.11,888.11,888.11,888.11,9941.32,111800,1832762
2014/1/9,883.93,883.93,883.93,883.93,9946.73,111900,1842290
2014/1/10,875.71,875.71,875.71,875.71,17717.87,202400,1876238
2014/1/13,866.33,866.33,866.33,866.33,10409.15,119600,1884170
2014/1/14,875.81,875.81,875.81,875.81,9509.62,109100,1897636
2014/1/15,874.02,874.02,874.02,874.02,6795.04,77600,1918334
2014/1/16,873.74,873.74,873.74,873.74,7043.37,80300,1955808
2014/1/17,870,870,870,870,7959.46,91200,1945324
2014/1/20,855.9,855.9,855.9,855.9,9786.34,113100,1930206
2014/1/21,841.96,841.96,841.96,841.96,13405.23,158500,2049558
2014/1/22,846.53,846.53,846.53,846.53,8037.95,94800,1978320
2014/1/23,871.82,871.82,871.82,871.82,22017.9,253900,1998706
2014/1/24,870.5,870.5,870.5,870.5,10423.75,119300,1928288
2014/1/27,858.31,858.31,858.31,858.31,7754.34,89700,1895522
2014/1/28,851.71,851.71,851.71,851.71,6004.85,69800,1839644
2014/1/29,859.94,859.94,859.94,859.94,5180.13,60100,1764888
2014/1/30,862.52,862.52,862.52,862.52,3600.66,41600,1717436
2014/2/7,849.7,849.7,849.7,849.7,8377.36,97700,1799090
2014/2/10,848.53,848.53,848.53,848.53,9697.98,114000,1949976
2014/2/11,843.14,843.14,843.14,843.14,7108.14,83700,2060164
2014/2/12,847.6,847.6,847.6,847.6,6993.47,82500,2130888
2014/2/13,848.16,848.16,848.16,848.16,6551.9,76900,2137910
2014/2/14,855.86,855.86,855.86,855.86,8224.95,95800,2102820
2014/2/17,868.32,868.32,868.32,868.32,14962.68,172800,2250008
2014/2/18,856.34,856.34,856.34,856.34,10635.46,122800,2235896
2014/2/19,860.3,860.3,860.3,860.3,6377.63,74100,2323116
2014/2/20,848.67,848.67,848.67,848.67,6859.01,80200,2370110
2014/2/21,847.49,847.49,847.49,847.49,7834.83,92400,2434356
2014/2/24,820.45,820.45,820.45,820.45,20744.21,250600,2391318
2014/2/25,815.24,815.24,815.24,815.24,13762.03,168200,2331256
2014/2/26,817.2,817.2,817.2,817.2,14554.65,178500,2321546
2014/2/27,820.62,820.62,820.62,820.62,11600.71,141600,2261110
2014/2/28,811.87,811.87,811.87,811.87,14328.63,175300,2263826
2014/3/3,804.1,804.1,804.1,804.1,14402.07,178900,2289264
2014/3/4,805.25,805.25,805.25,805.25,15432.68,192300,2363676
2014/3/5,807.07,807.07,807.07,807.07,26658.36,332000,2336776
2014/3/6,792.99,792.99,792.99,792.99,22430.82,280000,2442960
2014/3/7,768.96,768.96,768.96,768.96,25227.35,323500,2583056
2014/3/10,738.4,738.4,738.4,738.4,20076.31,270900,2478946
2014/3/11,744.53,744.53,744.53,744.53,56377.14,766400,2196426
2014/3/12,741.39,741.39,741.39,741.39,74560.5,1022500,2259040
2014/3/13,752.04,752.04,752.04,752.04,58700.87,793900,2227638
2014/3/14,743.5,743.5,743.5,743.5,70204.34,951500,2229498
2014/3/17,733.24,733.24,733.24,733.24,56467.2,767100,2273620
2014/3/18,735.69,735.69,735.69,735.69,64660.32,883400,2233746
2014/3/19,735.75,735.75,735.75,735.75,35842.97,487800,2238172
2014/3/20,736.77,736.77,736.77,736.77,84757.66,1136700,2172752
2014/3/21,736.43,736.43,736.43,736.43,69050.9,938300,2195086
2014/3/24,746.43,746.43,746.43,746.43,101317.23,1386100,2292850
2014/3/25,760.95,760.95,760.95,760.95,81931.21,1088600,2264950
2014/3/26,760.27,760.27,760.27,760.27,51832.58,685000,2241460
2014/3/27,758.6,758.6,758.6,758.6,60708.33,796600,2202600
2014/3/28,782.59,782.59,782.59,782.59,64328.08,835000,2149800
2014/3/31,794.54,794.54,794.54,794.54,84463.95,1069300,2180578
2014/4/1,801.02,801.02,801.02,801.02,64886.96,815900,2177836
2014/4/2,785.17,785.17,785.17,785.17,76267.69,968600,2256556
2014/4/3,799.98,799.98,799.98,799.98,99441,1256800,2198714
2014/4/4,807.92,807.92,807.92,807.92,56071.4,699700,2193428
2014/4/8,824.74,824.74,824.74,824.74,70775.57,861300,2169740
2014/4/9,818.66,818.66,818.66,818.66,60750.26,737200,2206860
2014/4/10,816.14,816.14,816.14,816.14,56975.41,694700,2264360
2014/4/11,813.85,813.85,813.85,813.85,39727.09,488800,2285500
2014/4/14,802.68,802.68,802.68,802.68,67879.02,843200,2210100
2014/4/15,811.34,811.34,811.34,811.34,52702.08,656000,2219746
2014/4/16,796.55,796.55,796.55,796.55,55696.21,696500,2292696
2014/4/17,794.32,794.32,794.32,794.32,32949.5,413000,2299316
2014/4/18,779.61,779.61,779.61,779.61,88280.26,1128600,2296400
2014/4/21,779.54,779.54,779.54,779.54,38344.04,490500,2264206
2014/4/22,777.29,777.29,777.29,777.29,47816.28,617100,2240948
2014/4/23,784.04,784.04,784.04,784.04,39678.3,510100,2228050
2014/4/24,792.17,792.17,792.17,792.17,54195.28,685900,2246434
2014/4/25,792.45,792.45,792.45,792.45,33593.96,422200,2230386
2014/4/28,758.5,758.5,758.5,758.5,76138.39,992100,2308014
2014/4/29,769.04,769.04,769.04,769.04,50246.08,653900,2226626
2014/4/30,762.64,762.64,762.64,762.64,49797.13,652600,2272094
2014/5/5,768.9,768.9,768.9,768.9,34618.71,453300,2258318
2014/5/6,765.3,765.3,765.3,765.3,32729.45,425800,2257530
2014/5/7,746.52,746.52,746.52,746.52,58113.79,766400,2316722
2014/5/8,733.36,733.36,733.36,733.36,56875.7,766200,2355540
2014/5/9,733.35,733.35,733.35,733.35,35193.36,478000,2471786
2014/5/12,738.76,738.76,738.76,738.76,65868.3,898200,2450704
2014/5/13,737.79,737.79,737.79,737.79,47504.56,640100,2487322
2014/5/14,736.12,736.12,736.12,736.12,38499.96,522000,2500158
2014/5/15,735.12,735.12,735.12,735.12,41201.32,557800,2638924
2014/5/16,714.71,714.71,714.71,714.71,75746.07,1049000,2749902
2014/5/19,704.5,704.5,704.5,704.5,80337.45,1134700,2776686
2014/5/20,697.35,697.35,697.35,697.35,59593.4,849900,2809088
2014/5/21,705.96,705.96,705.96,705.96,51371.33,727700,2745088
2014/5/22,711.81,711.81,711.81,711.81,64582.91,900600,2692560
2014/5/23,704.95,704.95,704.95,704.95,48055.46,676400,2654014
2014/5/26,719.36,719.36,719.36,719.36,83803.03,1167500,2444232
2014/5/27,721.46,721.46,721.46,721.46,34669.79,481400,2409926
2014/5/28,704.72,704.72,704.72,704.72,58411.53,823200,2491308
2014/5/29,700.77,700.77,700.77,700.77,61938.65,882400,2455600
2014/5/30,679.78,679.78,679.78,679.78,71789.66,1047500,2565168
2014/6/3,682.56,682.56,682.56,682.56,46000.71,675900,2646546
2014/6/4,690.82,690.82,690.82,690.82,48655.27,707700,2619754
2014/6/5,688.29,688.29,688.29,688.29,60689.68,884000,2636186
2014/6/6,689.28,689.28,689.28,689.28,57057.8,828200,2530986
2014/6/9,690.23,690.23,690.23,690.23,40134.6,582600,2541156
2014/6/10,686.23,686.23,686.23,686.23,46009.26,671300,2573488
2014/6/11,681.77,681.77,681.77,681.77,36108.7,528600,2620924
2014/6/12,668.15,668.15,668.15,668.15,55234.3,823100,2616940
2014/6/13,667.85,667.85,667.85,667.85,52999.07,796200,2613632
2014/6/16,662.25,662.25,662.25,662.25,45464.69,686900,2833028
2014/6/17,669.41,669.41,669.41,669.41,45187.2,680100,2840656
2014/6/18,666.66,666.66,666.66,666.66,36864.5,551500,2810676
2014/6/19,665.29,665.29,665.29,665.29,43937.94,659600,2764666
2014/6/20,677.72,677.72,677.72,677.72,81933.54,1216200,2716158
2014/6/23,690.18,690.18,690.18,690.18,76701.3,1111400,2673740
2014/6/24,683,683,683,683,33497.88,489600,2660490
2014/6/25,691.28,691.28,691.28,691.28,48704.28,704700,2607840
2014/6/26,714.3,714.3,714.3,714.3,101528.09,1434300,2593256
2014/6/27,705.03,705.03,705.03,705.03,55658.25,780500,2529642
2014/6/30,693.89,693.89,693.89,693.89,50573.61,723200,2448516
2014/7/1,700.19,700.19,700.19,700.19,49455.26,710400,2455890
2014/7/2,714.85,714.85,714.85,714.85,91293.34,1287900,2516792
2014/7/3,711.14,711.14,711.14,711.14,63817.68,891500,2547388
2014/7/4,709.48,709.48,709.48,709.48,52176.34,732800,2543402
2014/7/7,704.67,704.67,704.67,704.67,81836.74,1164800,2511516
2014/7/8,717,717,717,717,97451.29,1374400,2559864
2014/7/9,698.51,698.51,698.51,698.51,73328.02,1035000,2490080
2014/7/10,703.26,703.26,703.26,703.26,75917.14,1074100,2559816
2014/7/11,709.37,709.37,709.37,709.37,67247.8,951200,2617156
2014/7/14,711.76,711.76,711.76,711.76,56586.09,792600,2721194
2014/7/15,714.08,714.08,714.08,714.08,58188.56,811200,2663308
2014/7/16,714.31,714.31,714.31,714.31,45505.99,635200,2632366
2014/7/17,706.25,706.25,706.25,706.25,40779.8,573600,2508228
2014/7/18,680.73,680.73,680.73,680.73,85321.74,1230100,2450620
2014/7/21,680.73,680.73,680.73,680.73,44396.82,650600,2444836
2014/7/22,677.82,677.82,677.82,677.82,50730.48,746700,2479856
2014/7/23,674.98,674.98,674.98,674.98,44653.2,661700,2433708
2014/7/24,666.37,666.37,666.37,666.37,50597.33,757300,2481776
2014/7/25,672.02,672.02,672.02,672.02,48610.7,725500,2458402
2014/7/28,684.38,684.38,684.38,684.38,57199.31,842300,2495896
2014/7/29,686.44,686.44,686.44,686.44,35327.71,514800,2640568
2014/7/30,679.19,679.19,679.19,679.19,38645.47,569200,2574170
2014/7/31,682.05,682.05,682.05,682.05,33361.81,491100,2568170
2014/8/1,674.78,674.78,674.78,674.78,47664.83,705900,2479072
2014/8/4,686.24,686.24,686.24,686.24,50456.43,744800,2580268
2014/8/5,684.59,684.59,684.59,684.59,54529.28,795300,2602148
2014/8/6,680.25,680.25,680.25,680.25,45590.51,669100,2705616
2014/8/7,678.62,678.62,678.62,678.62,43548.02,637500,2710232
2014/8/8,675.61,675.61,675.61,675.61,46721.14,693800,2659940
2014/8/11,671.46,671.46,671.46,671.46,39198.78,581400,2757546
2014/8/12,668,668,668,668,0,512400,2690068
2014/8/13,661.79,661.79,661.79,661.79,0,876600,2815442
2014/8/14,653.02,653.02,653.02,653.02,0,777100,2807956
2014/8/15,665.37,665.37,665.37,665.37,0,664100,2872484
2014/8/18,649.8,649.8,649.8,649.8,0,915000,3015492
2014/8/19,653.76,653.76,653.76,653.76,0,514000,3047264
2014/8/20,651.96,656.52,644.82,645.72,0,647900,3208130
2014/8/21,646.76,648.51,643.75,646.38,0,440300,3282100
2014/8/22,645.57,650.49,641.6,642.81,0,551500,3252216
2014/8/25,641.85,646.17,638.33,644.24,0,618100,3156384
2014/8/26,647.17,649.38,641.2,647.36,0,425400,3184546
2014/8/27,648.37,648.37,635.3,636.61,0,678100,3223782
2014/8/28,625.99,625.99,625.99,625.99,0,1309000,3269226
2014/8/29,625.92,631.1,624.21,627.2,0,734200,3139116
2014/9/1,626.43,627.26,617.42,619.29,0,786300,3131672
2014/9/2,619.33,631.79,617.45,627.39,0,1052000,3346014
2014/9/3,625.54,625.57,602.79,604.78,0,1280100,3596184
2014/9/4,604.74,608.76,593.98,593.98,0,1097900,3606314
2014/9/5,594.58,596.57,583.72,584.71,0,1127500,3558304
2014/9/9,589.27,592.29,583.06,583.82,0,689800,3578474
2014/9/10,582.05,593.81,568.28,588.74,0,1450600,3566558
2014/9/11,586.23,587.82,577.19,583.85,0,928600,3618880
2014/9/12,586.13,590.24,583.29,588.82,0,695600,3534468
2014/9/15,595.94,601.47,586.96,596.78,0,1261600,3464098
2014/9/16,598.18,601.9,589.16,596.68,0,1127500,3490138
2014/9/17,596.11,596.11,596.11,596.11,0,962300,3521700
2014/9/18,594.8,594.81,589.09,589.77,0,598200,3636966
2014/9/19,586.09,586.09,572.21,574.45,0,947400,3919140
2014/9/22,571.01,571.01,554.13,554.13,0,1281100,3992354
2014/9/23,550.93,557.02,550.13,557.02,0,1290200,3798302
2014/9/24,555.34,563.75,554.38,558.65,0,720100,3828414
2014/9/25,558.63,560.64,546.36,548.27,0,1400700,4032592
2014/9/26,546.08,559.51,545.28,554.52,0,1440800,3780550
2014/9/29,553.38,556.7,531.29,534.28,0,1346700,3811960
2014/9/30,535.3,543.87,535.3,539.91,0,628200,3580660
2014/10/8,548.22,548.22,531.22,534.63,0,663500,3817656
2014/10/9,535.27,548.42,534.5,548.05,0,1305600,3986820
2014/10/10,544.98,557.45,539.54,555.64,0,1361000,3852146
2014/10/13,561.47,570.6,561.47,569.91,0,1036600,3814508
2014/10/14,571.76,575.87,567.56,573.36,0,1100700,3840064
2014/10/15,574.32,575.2,563.01,564.23,0,1439700,3744374
2014/10/16,555.24,556.98,545.89,545.89,0,1538900,3613012
2014/10/17,548.38,553.91,546.2,551.89,0,1049500,3682372
2014/10/20,552.38,564.23,552.38,561.84,0,1284800,3771458
2014/10/21,560.6,568.23,558.12,559.61,0,1171500,3956730
2014/10/22,562.16,562.18,550.57,551.62,0,1322600,4240920
2014/10/23,549.48,549.48,535.73,543.51,0,2186900,4273088
2014/10/24,541.17,547.74,536.86,543.9,0,1395100,4275476
2014/10/27,542.65,544.65,535.05,537.42,0,1034400,4272452
2014/10/28,536.71,536.71,531.51,533.44,0,716300,4316884
2014/10/29,534.66,537.29,531.4,536.01,0,827700,4216798
2014/10/30,536.61,547.31,534.6,542.6,0,1507900,4044080
2014/10/31,540.54,542.57,536.05,538.53,0,946200,4000258
2014/11/3,536.01,538.28,526.16,526.46,0,1248700,4042156
2014/11/4,522.61,530.13,518.49,524.99,0,1415300,3963092
2014/11/5,522.59,529.57,515,516,0,1470800,4118544
2014/11/6,516.8,518.1,507.41,510.45,0,1170800,4078956
2014/11/7,511.41,517.8,509.71,516.1,0,1372700,4097226
2014/11/10,515.6,521.05,514.12,518.26,0,1125500,4098064
2014/11/11,515.83,516.95,511.02,514.17,0,876500,4060354
2014/11/12,516.75,518.3,510.61,511.5,0,822600,4112156
2014/11/13,510.23,511.53,507.54,509.79,0,852900,4349562
2014/11/14,507.79,511.81,506.46,510.22,0,634500,4303746
2014/11/17,511.55,512.84,507.85,509.44,0,693600,4520540
2014/11/18,506.85,506.85,488.99,489.23,0,1524200,4822134
2014/11/19,487.06,487.61,471.65,475.72,0,1578400,4518394
2014/11/20,476.54,481.03,475.19,477.25,0,661000,4521098
2014/11/21,474.46,477.58,467.62,476.67,0,1381000,4465230
2014/11/24,482.36,482.97,470.66,471.14,0,1109200,4412948
2014/11/25,481.22,481.22,459.98,467.33,0,1444900,4491532
2014/11/26,464.23,469.48,459.61,467.67,0,1712100,4498740
2014/11/27,469.4,481.97,468.9,481.83,0,1611600,3955024
2014/11/28,480.84,486.21,480.12,486.21,0,1710600,3601126
2014/12/1,479.13,483.24,471.12,480.45,0,1539300,3441152
2014/12/2,488.7,489.64,473.07,476.25,0,1367000,3530728
2014/12/3,475.25,483.86,472.76,482.94,0,1256300,3426492
2014/12/4,482.03,496.18,481.86,493.6,0,2144600,3383014
2014/12/5,493.75,493.75,487.07,490.69,0,1334300,3367188
2014/12/8,489.35,495.91,479.35,481.02,0,1549500,3302196
2014/12/9,479.75,488.25,470.46,487.31,0,1866900,3287166
2014/12/10,485.48,487.3,474.94,482.54,0,1311900,3266402
2014/12/11,479.92,489.52,478.64,479.43,0,1274400,3153688
2014/12/12,478.95,488.95,478.75,488.95,0,1004300,3156704
2014/12/15,487.62,490.14,482.04,483.45,0,885700,3139238
2014/12/16,478.62,479.28,472.82,478.18,0,912300,2958412
2014/12/17,476.61,486.26,474.83,483.38,0,1114600,2945998
2014/12/18,485.67,488.53,483.6,485.58,0,885400,2907100
2014/12/19,487.69,492.43,486.57,490.09,0,671400,2922786
2014/12/22,488.3,489.06,481.28,483.41,0,764200,2845218
2014/12/23,480.58,480.58,470.32,472.58,0,868600,2790730
2014/12/24,472.77,477.18,469.57,476.4,0,747700,2689718
2014/12/25,476.1,479.06,471.99,475.28,0,456800,2656936
2014/12/26,475.14,477.9,472.32,473.53,0,334300,2646424
2014/12/29,474.29,484.87,474.29,484.11,0,735200,2727232
2014/12/30,483.92,498.33,483.92,498.25,0,736600,2678512
2014/12/31,508.69,513.55,501.82,507.63,0,1245000,2525008
2015/1/5,503.37,503.37,496.43,498.46,0,677700,2620356
2015/1/6,496.29,518.31,494.49,518.17,0,1294600,2725016
2015/1/7,517.94,518.6,504.51,511.16,0,1050700,2684042
2015/1/8,511.95,514.83,504.32,509.33,0,741600,2666072
2015/1/9,511.16,511.16,503.91,506.91,0,977000,2602582
2015/1/12,505.29,505.29,494.54,495.54,0,1250200,2633982
2015/1/13,494.37,500.36,491.37,497.06,0,617500,2630166
2015/1/14,494.61,500.54,487.52,493.98,0,979000,2621108
2015/1/15,495.18,504.25,491.44,503.2,0,805400,2651532
2015/1/16,502.82,509.1,499.28,502.22,0,691300,2700128
2015/1/19,500.99,506.81,493.57,504.01,0,887400,2624296
2015/1/20,503.02,504.85,497.19,497.77,0,427800,2701176
2015/1/21,498.13,500.05,481.09,481.87,0,917600,2714682
2015/1/22,481.95,489.25,480.08,482.89,0,804200,2696680
2015/1/23,482.33,485.09,470.46,472.44,0,909400,2807710
2015/1/26,471.64,471.64,464.57,466.55,0,994800,2830086
2015/1/27,465.42,470.58,463.33,466.14,0,429600,2804108
2015/1/28,468.16,470.25,462.25,467.17,0,380100,2779116
2015/1/29,467.17,474,466.59,471.93,0,520400,2834564
2015/1/30,471.92,473.38,468.23,470.47,0,291600,2821282
2015/2/2,471.45,471.45,467.16,468.47,0,328100,2724626
2015/2/3,468.49,479.07,468.47,475.09,0,714400,2639596
2015/2/4,476.39,482.67,467.04,468.64,0,1062200,2625316
2015/2/5,472.24,475.91,467.98,471.84,0,704600,2580128
2015/2/6,471.84,477.13,469.55,475.44,0,498500,2442196
2015/2/9,475.52,475.52,470.89,473.19,0,377900,2491256
2015/2/10,474.23,477.78,473.17,477.5,0,149600,2384730
2015/2/11,479.01,480.47,474.53,478.44,0,248600,2337914
2015/2/12,477.81,478.44,472.86,475.78,0,223000,2339050
2015/2/13,476.81,488.83,475.83,484.52,0,653600,2373596
2015/2/16,483.84,494.37,483.84,492.29,0,397500,2444802
2015/2/17,491.9,492.61,484.41,489.01,0,218500,2441458
2015/2/25,486.07,486.07,475.11,475.46,0,642900,2359318
2015/2/26,476.7,485.86,475.88,484.89,0,457900,2508448
2015/2/27,485.65,487.39,479.88,481.41,0,573500,2645520
2015/3/2,481.05,482.85,474.58,481.17,0,796000,2954604
2015/3/3,481.11,483.67,477.69,482.23,0,432600,2847816
2015/3/4,481.66,482.7,474.15,475.56,0,449300,2877216
2015/3/5,473.71,473.71,457.98,458.01,0,1144600,3010234
2015/3/6,457.1,461.01,447.81,451.07,0,833200,3089820
2015/3/9,450.99,459.68,450.99,457.25,0,1104900,3102770
2015/3/10,457,458.66,452.57,453.02,0,372400,3176774
2015/3/11,452.36,456.81,449.8,456.14,0,541300,3045112
2015/3/12,455.88,461.94,453.17,459.96,0,628400,2936926
2015/3/13,459.86,466.25,454.93,455.92,0,589700,2928898
2015/3/16,455.21,460.03,452.48,459.03,0,462400,3043740
2015/3/17,458.98,460.03,454.39,454.68,0,267600,2943238
2015/3/18,453.44,454.38,438.25,438.51,0,1308400,2780374
2015/3/19,437,444.01,435.49,438.44,0,792700,2732976
2015/3/20,438.49,443.29,430.4,431.33,0,771300,2720904
2015/3/23,431.26,437.76,429.9,435.93,0,1695900,2749686
2015/3/24,437.86,445.48,435.79,440.58,0,1275700,2830048
2015/3/25,442.18,442.52,431.44,432.38,0,818600,2762200
2015/3/26,431.38,436.89,425.88,427.65,0,1345400,2740138
2015/3/27,427.43,429.11,413.06,421.18,0,1843400,2701080
2015/3/30,421.46,421.46,407.96,408.88,0,1400600,2716306
2015/3/31,408.11,411.98,399.89,401.31,0,1144500,2934916
2015/4/1,401.1,401.97,390.76,391.61,0,1514400,3205704
2015/4/2,388.19,389.01,380.14,380.15,0,1549100,3448626
2015/4/3,375,380.05,370.21,380.05,0,2043700,3541514
2015/4/7,380.13,388.89,380.05,387.02,0,972700,4028684
2015/4/8,387.84,392.81,377.14,391.68,0,1713600,4013974
2015/4/9,389.68,392.52,376.92,377.92,0,1430200,4065884
2015/4/10,389.33,389.33,367.96,369.87,0,1510100,4166848
2015/4/13,371.62,386.93,371.62,386.9,0,2164900,4165352
2015/4/14,391.81,399.52,387.73,395.75,0,1796500,4054374
2015/4/15,398.55,399.78,386.31,387.31,0,1304300,4114436
2015/4/16,387.19,400.22,387.19,395.41,0,1092100,3964324
2015/4/17,387.52,401.22,387.52,394.5,0,1239700,3909322
2015/4/20,393.68,397.54,386.72,387.64,0,1549100,4170244
2015/4/21,387.13,390.09,378.91,388.22,0,1513800,4264128
2015/4/22,389.06,399.74,386.25,399.74,0,1409000,4197882
2015/4/23,403.38,406.51,395.36,399.92,0,1876900,3925660
2015/4/24,403.64,418.2,403.31,418.18,0,2574200,3687936
2015/4/27,421.04,435.14,421.04,434.42,0,3116100,3614160
2015/4/28,433.65,436.9,423.18,427.54,0,2439400,3512012
2015/4/29,427.56,429.61,413.25,413.32,0,1988300,3496426
2015/4/30,409.71,419.86,407.22,413.83,0,2484100,3329008
2015/5/4,416.98,427.66,410.55,424.89,0,1570200,3335774
2015/5/5,427.72,436.19,424.29,433.65,0,2696400,3310054
2015/5/6,434.87,447.72,433.03,445.42,0,3087500,3201558
2015/5/7,444.3,446.97,431.18,434.2,0,2720700,3197796
2015/5/8,434.63,443.44,428.27,436.8,0,3575100,3115140
2015/5/11,438.91,446.14,437.86,441.82,0,2907800,3141724
2015/5/12,436.94,436.94,436.94,436.94,0,2605700,3184952
2015/5/13,429,429,429,429,0,2486400,3182716
2015/5/14,429.87,431.09,418.69,421.73,0,3094100,3265086
2015/5/15,422.59,427.72,415.95,427.39,0,2847600,3274076
2015/5/18,426.4,429.47,422.53,422.66,0,1622500,3343048
2015/5/19,421.79,423.51,415.72,416.64,0,1764900,3309436
2015/5/20,415.58,416.71,409.55,414.04,0,2161100,3208470
2015/5/21,416.37,425.24,414.04,422.79,0,2292900,3209392
2015/5/22,423.11,423.8,413.89,422.65,0,2074800,3152142
2015/5/25,422.21,429.43,417.6,428.94,0,2249800,3211608
2015/5/26,429.71,439.04,428.5,432.33,0,3178800,3142796
2015/5/27,432.16,432.33,429.8,431.78,0,2042600,3148254
2015/5/28,431.77,435.38,426.73,429.14,0,2120900,3062658
2015/5/29,427.39,432.23,420.44,431.23,0,2623800,2951626
2015/6/1,430.88,441.39,430.88,440.49,0,2469100,2951746
2015/6/2,441.26,444.33,435.19,440.52,0,2304200,2898680
2015/6/3,440.97,442.58,433.21,433.64,0,1924500,2934388
2015/6/4,433.78,440.37,431.68,439.87,0,2028600,2872936
2015/6/5,440.09,441.24,432.63,435.3,0,1658100,2907502
2015/6/8,436.13,436.13,429.69,432.39,0,982200,2940854
2015/6/9,431.57,438.2,429.52,431.72,0,1548400,2911234
2015/6/10,432.7,448.28,432.7,448.27,0,2472400,3036054
2015/6/11,449.52,455,445.38,452.05,0,3141500,3062734
2015/6/12,450.9,451.85,441.7,442.48,0,2741600,3399886
2015/6/15,442.46,447.54,442.46,444.87,0,1579900,3518054
2015/6/16,443.8,444.24,431.85,432.57,0,2273500,3792002
2015/6/17,432.53,433.39,420.38,420.68,0,2994800,3867120
2015/6/18,421.37,429.74,419.89,425.87,0,2195400,3840488
2015/6/19,426.46,430.05,424.51,428.18,0,1148700,3710100
2015/6/23,427.23,428.87,422.29,427.86,0,765700,3787018
2015/6/24,428.68,441.34,427.88,440.83,0,2170100,3909366
2015/6/25,440.83,441.63,431.96,432.06,0,1699800,3983250
2015/6/26,431.6,434.44,425.94,431.9,0,1896900,3925296
2015/6/29,431.49,432.3,424.16,424.16,0,1830600,3914932
2015/6/30,423.92,423.92,410.42,410.42,0,2238200,3466158
2015/7/1,409.98,412.4,405.08,405.91,0,1783300,3580144
2015/7/2,405.8,411.96,401.98,410.25,0,2017100,3474678
2015/7/3,407.04,412.39,396.84,401.79,0,3040700,3513842
2015/7/6,400.19,400.19,388,388,0,1799300,3780522
2015/7/7,380.99,380.99,369.06,369.06,0,2274400,3519026
2015/7/8,358.67,358.67,340.81,341.15,0,3766700,3072010
2015/7/9,332.84,372.18,330.48,362.19,0,4581500,2836100
2015/7/10,364.71,370.28,358.56,359.77,0,3921300,2946252
2015/7/13,362.09,366.76,353.7,358.09,0,3032900,2915764
2015/7/14,360.72,368.56,358.76,362.42,0,2490900,2962084
2015/7/15,363.25,367.04,357.99,361.56,0,2171100,3004102
2015/7/16,360.51,363.1,353.92,358.61,0,2713500,3004632
2015/7/17,357.56,361.54,355.27,360.07,0,1661000,2999844
2015/7/20,357.59,372.31,357.59,372.05,0,2706200,3184302
2015/7/21,373.16,379.74,369.86,371.91,0,2613400,3259958
2015/7/22,371.54,373.99,358.82,360.62,0,2770600,3295192
2015/7/23,360.32,367.23,357.56,363.64,0,2134800,3276482
2015/7/24,363.52,365.78,357.82,360.3,0,2522100,3253436
2015/7/27,360.93,370.34,360.93,365.7,0,3187700,3205404
2015/7/28,365.16,377.06,359.34,371.44,0,3929600,3181342
2015/7/29,372.28,380.63,372.28,380.21,0,3411800,3254096
2015/7/30,383.62,384.36,372.33,374.08,0,3316700,3270414
2015/7/31,373.11,380.94,371.26,377.94,0,2922000,3304138
2015/8/3,378.29,387.83,375.46,375.86,0,4750600,3355700
2015/8/4,375.89,381.12,373.76,380.07,0,3040000,3191814
2015/8/5,381.85,389.84,381.74,389.34,0,3960000,3155046
2015/8/6,390.32,390.32,384.36,385.01,0,2748100,3289452
2015/8/7,384.44,386.1,376.76,381.92,0,2769200,3383804
2015/8/10,380.66,381.54,375.9,379.46,0,2045000,3328072
2015/8/11,379.97,390.21,379.23,380.93,0,3387800,3304818
2015/8/12,379.37,385.67,377.48,384.88,0,2914900,3189602
2015/8/13,386.01,395.24,386.01,394.22,0,3876600,3093900
2015/8/14,394.43,394.79,388.85,390.99,0,2183200,3084622
2015/8/17,391.28,391.28,386.14,386.7,0,2498500,3205606
2015/8/18,386.17,392.35,386.16,389.66,0,2221600,3165064
2015/8/19,388.52,390.11,375.66,381.5,0,3518700,3036392
2015/8/20,381,383.62,376.2,380.09,0,2554300,3146304
2015/8/21,381.13,383.84,378.4,382.38,0,1942000,3170344
2015/8/24,382.25,382.25,364.6,364.68,0,2832000,3187814
2015/8/25,361.29,368.08,358.37,362.52,0,3593600,2856302
2015/8/26,369.81,375.99,362.66,363.13,0,2500100,2897388
2015/8/27,362.98,372.34,361.08,372.19,0,2105600,2834854
2015/8/28,372.71,381.09,370.82,380.88,0,1644900,3079104
2015/8/31,383.34,391.76,379.85,387.23,0,3069000,3125292
2015/9/1,385.9,392.81,382.15,386.21,0,3023800,3117886
2015/9/2,385.67,390.26,383.77,388.67,0,1843300,2982782
2015/9/7,390.03,390.54,379.74,381.21,0,1853400,3217782
2015/9/8,382.46,386.11,375.71,385.67,0,2517300,3149528
2015/9/9,388.03,399.19,385.65,395.31,0,4935000,3140300
2015/9/10,394.43,410.24,392.52,406.67,0,5088000,3178986
2015/9/11,405.66,413.79,401.74,403.6,0,4240500,3254686
2015/9/14,402.97,407.11,397.23,397.66,0,2994700,3318998
2015/9/15,396.73,400.11,388.29,389.22,0,2910300,3412610
2015/9/16,389.73,395.93,387.75,393.63,0,3546700,3294866
2015/9/17,393.69,395.47,388.44,390.02,0,3476400,3368958
2015/9/18,390.5,391.58,383.68,384.53,0,2497500,3384542
2015/9/21,383.66,390.13,383.66,386.81,0,2428000,3546532
2015/9/22,386.89,388.35,376.93,379.64,0,2887500,3674534
2015/9/23,378.15,379.65,367.74,374.14,0,3836700,3510512
2015/9/24,373.79,375.86,370.92,372.66,0,1605500,3522526
2015/9/25,371.43,380.27,369.22,375.94,0,3455100,3460912
2015/9/28,374.96,374.96,360.72,361.6,0,2361600,3620206
2015/9/29,359.04,364.23,354.31,359.94,0,2597400,3356724
2015/9/30,361.38,362.07,357.47,358.54,0,1102400,3381110
2015/10/8,363.84,371.71,361.2,365.85,0,1612400,3365902
2015/10/9,365.89,384.61,364.94,382.82,0,2932700,3317046
2015/10/12,381.99,381.99,369.67,371.44,0,3364800,3347116
2015/10/13,370.41,370.81,363.51,368.33,0,2509400,3462060
2015/10/14,367.86,372.53,366.17,367.62,0,2379500,3603608
2015/10/15,368.14,371.36,365.83,367.53,0,2188300,3608138
2015/10/16,366.25,367.31,360.53,360.91,0,2942900,3636366
2015/10/19,361.34,365.65,361,362.72,0,2467200,3893436
2015/10/20,361.55,367.46,361.28,362.97,0,2395300,3893850
2015/10/21,362.99,365.02,356.87,357.25,0,2929800,3995282
2015/10/22,356.46,362.33,354.85,358.94,0,2262200,3936342
2015/10/23,359.07,361.48,355.76,361.48,0,2011600,3863038
2015/10/26,362.33,362.33,356.04,356.37,0,2071800,3897258
2015/10/27,356.57,358.7,351.09,355.79,0,2811600,3938148
2015/10/28,355.66,356.96,347.76,348.88,0,2537000,3807588
2015/10/29,349.05,350.7,346.76,349.3,0,2605500,3749690
2015/10/30,350.28,355.34,349.26,353.27,0,3116900,3834824
2015/11/2,353.23,353.68,349.69,350.39,0,2127800,3691172
2015/11/3,349.64,349.99,337.95,341.35,0,4088500,3729234
2015/11/4,340.96,345.61,340.15,344.61,0,2481400,3802920
2015/11/5,344.83,349.03,340.35,340.35,0,2765200,3720668
2015/11/6,338.77,344.07,337.56,342.12,0,2703300,3743224
2015/11/9,341.56,345.09,339.22,342.66,0,2675900,3760394
2015/11/10,343.13,344.41,339.11,341.25,0,1727100,3691300
2015/11/11,341.24,342.23,337.91,338,0,1402800,3803600
2015/11/12,337.97,340.61,335.81,337.47,0,1903000,3976132
2015/11/13,337.24,342.41,336.47,339.53,0,1972500,3923942
2015/11/16,338.85,342.69,334.43,335.43,0,2146100,3834790
2015/11/17,336.01,336.5,328.48,329.32,0,2920200,3760726
2015/11/18,328.69,329.78,324.44,326.94,0,2126800,3906252
2015/11/19,326.67,326.86,314.22,317.56,0,3103200,3959708
2015/11/20,316.83,321.43,315.33,317.42,0,2682300,3989514
2015/11/23,317.5,318.39,313.07,313.3,0,2453200,3896314
2015/11/24,313.78,316.19,308.91,313.28,0,3481300,3868976
2015/11/25,311.89,317.51,310.84,315.26,0,2825400,4004706
2015/11/26,314.03,327.22,312,314.35,0,4589100,3964572
2015/11/27,314.29,315.71,310.65,311.75,0,1946200,4031044
2015/11/30,311.44,311.44,302.3,302.97,0,2571600,4039106
2015/12/1,302.44,303.12,298.06,299.32,0,2336200,4135242
2015/12/2,296.01,300.34,294.17,297.09,0,4341500,4148120
2015/12/3,296.02,299.67,293.01,293.95,0,2714400,4076542
2015/12/4,293.66,295.76,287.72,291.39,0,3501800,4053428
2015/12/7,291.82,296.52,290.73,294.74,0,2493900,4119008
2015/12/8,293.91,294.64,286.91,287.93,0,2030300,3842334
2015/12/9,287.25,290.58,285.62,287.58,0,1548600,3951356
2015/12/10,287.83,289.98,282.58,284.38,0,2151100,3911290
2015/12/11,284.79,288.8,283.26,288.11,0,2111600,3966734
2015/12/14,288.23,294.03,286.26,291.31,0,2922600,4002916
2015/12/15,290.97,298.82,289.67,289.67,0,3843800,3999710
2015/12/16,289.64,294.29,288.41,293.73,0,1958200,3927158
2015/12/17,294.4,296.87,292.74,293.67,0,2752300,4007654
2015/12/18,293.93,302.33,293.7,300.87,0,2887900,4102392
2015/12/21,301.77,311.31,301.77,309.9,0,4384500,4282446
2015/12/22,309.57,311.32,304.41,309.35,0,3276900,4398378
2015/12/23,308.57,309.41,303.25,304.43,0,2462100,4295114
2015/12/24,304.93,309.78,304.21,306.12,0,2561200,4163990
2015/12/25,306.04,307.57,305.07,306.29,0,1045800,4165288
2015/12/28,306.18,311.18,305.07,309.7,0,2646200,4104556
2015/12/29,310.2,316.34,308.93,315.81,0,3514200,4020628
2015/12/30,315.74,324.3,315.36,320.46,0,3653100,3880760
2015/12/31,320.11,328.73,318.6,321.09,0,4048600,3791154
2016/1/4,324.16,326.6,318.48,320.42,0,3263300,3586606
2016/1/5,324.54,324.61,318.22,323.27,0,2786400,3693912
2016/1/6,323.13,324.24,315.13,317.14,0,3084100,3628536
2016/1/7,316.56,321.72,315.77,318.4,0,2538700,3594500
2016/1/8,317.8,317.8,309.43,310.37,0,2974800,3407424
2016/1/11,309.97,309.97,302.95,303.45,0,2443900,3353664
2016/1/12,303.89,305.02,297.33,298.2,0,2068600,3425412
2016/1/13,298.89,303.9,296.36,298.51,0,2138400,3302586
2016/1/14,299.38,302.89,296.15,302.68,0,2548300,3359488
2016/1/15,302.78,308.64,301.83,304.04,0,3116400,3677178
2016/1/18,303.89,318.68,303.89,316.14,0,4469000,3919586
2016/1/19,316.08,320.45,314.03,319.02,0,2477700,3933018
2016/1/20,318.52,319.43,310.46,310.95,0,2269800,3819228
2016/1/21,310.37,313.34,308.38,310.75,0,2569000,3884926
2016/1/22,309.96,320.26,309.39,312.28,0,4111000,4224170
2016/1/25,313.03,316.13,309.43,310.26,0,2772100,4357980
2016/1/26,309.47,315.71,307.07,314.81,0,2685800,4341224
2016/1/27,315.81,322.62,314.91,321.14,0,3607500,4430642
2016/1/28,320.89,323.21,315.01,315.52,0,3570900,4084130
2016/1/29,315.92,319,315.04,317.84,0,2529300,3925820
2016/2/1,318.72,325.79,318.72,321.44,0,3703000,3685460
2016/2/2,322.28,324.71,319.78,322.02,0,2855500,3263444
2016/2/3,323.51,327.06,320.93,325.51,0,2372500,3064700
2016/2/4,326.01,337.34,326.01,336.6,0,3726900,2988640
2016/2/5,336.59,336.59,328.65,331.19,0,1904400,2846758
2016/2/15,326.29,337.36,326.1,334.91,0,1608100,3101820
2016/2/16,335.83,336.89,332.79,334.14,0,1753400,3231168
2016/2/17,334.65,338.5,332.87,333.9,0,2537000,3211774
2016/2/18,334.61,338.99,332.5,338.49,0,2620200,3301696
2016/2/19,339.38,348.11,337.85,346.33,0,3689700,3458636
2016/2/22,346.17,359.17,346.17,358.84,0,3089100,3750888
2016/2/23,362.18,371.76,357.08,360.61,0,5420400,3564150
2016/2/24,360.63,366.72,359.22,364.71,0,4997400,3570778
2016/2/25,363.6,368.76,359.62,362.28,0,4723100,3654434
2016/2/26,361.89,362.86,353.21,356.98,0,4437000,3571738
2016/2/29,357.81,362.72,353.69,362.72,0,4782300,3782018
2016/3/1,363.87,374.17,361.23,369.8,0,6945700,3842222
2016/3/2,370.2,379.67,370.2,378.1,0,5772400,3699206
2016/3/3,379.74,384.01,373.75,375.73,0,4856300,3602362
2016/3/4,376.08,388.59,372.07,387.93,0,7288100,3453314
2016/3/7,388.13,398.77,388.13,398.74,0,2809300,3417488
2016/3/8,414.64,414.84,406.33,413.99,0,3381200,3165764
2016/3/9,420.37,420.37,395.33,408.9,0,9776100,2696410
2016/3/10,410.58,431.03,410.56,422.35,0,10458600,3184752
2016/3/11,417.62,424.59,407.55,411.26,0,6957800,3131914
2016/3/14,405.49,436.15,404.91,405.72,0,7564800,3288170
2016/3/15,402.33,410.1,392.86,394.26,0,6778400,3287352
2016/3/16,392.06,403.2,392.05,402.35,0,5371300,3508612
2016/3/17,403.62,418.42,399.13,417.45,0,7520600,3613926
2016/3/18,417.57,431.31,415.83,428.86,0,7122900,3767514
2016/3/21,428.65,446,428.65,434.29,0,9188300,3987452
2016/3/22,435.58,437.67,424.2,427.69,0,6988400,3892916
2016/3/23,426.23,433.59,418.7,418.91,0,7063900,3892434
2016/3/24,417.86,417.88,397.17,397.24,0,6978300,3756714
2016/3/25,392.03,400.49,391.22,398.95,0,4973600,4004130
2016/3/28,399.52,405.09,382.87,383.64,0,7107500,4006784
2016/3/29,385.5,388.88,376.55,384.08,0,5870200,4070214
2016/3/30,384.58,391.97,379.3,384.54,0,6565400,4087014
2016/3/31,384.46,389.63,376.5,383.76,0,5089700,3830334
2016/4/1,384.77,394.3,384.38,389.3,0,4731800,3820934
2016/4/5,391.5,391.5,375.41,385.23,0,3646900,4088568
2016/4/6,384.78,387.61,372.44,378.05,0,3796600,4331782
2016/4/7,378.1,382.67,376.7,380.24,0,3254500,4455722
2016/4/8,378.96,382.04,376.17,379.49,0,3018200,4433672
2016/4/11,379.78,395.82,379.78,389.95,0,5139100,5068162
2016/4/12,391.9,411.21,391.46,411.15,0,6020800,5102980
2016/4/13,415.62,425.94,413.53,419.69,0,6517900,4845092
2016/4/14,420.03,432.75,415.54,417.97,0,6625000,4712756
2016/4/15,417.15,419.92,404.99,407.72,0,7123400,4360596
2016/4/18,406.45,434.24,406.45,424.36,0,6493600,4350798
2016/4/19,425.55,433.64,422.53,432.37,0,6902600,4070204
2016/4/20,433.89,453.33,433.89,453.08,0,7409900,3841566
2016/4/21,455.53,472.1,447.54,471.88,0,6959400,3295218
2016/4/22,478.11,490.17,456.86,470.81,0,6955000,3133232
2016/4/25,465.36,482.01,457.29,468.12,0,5263600,3251714
2016/4/26,466.24,469.09,447.36,447.58,0,3503100,3392588
2016/4/27,465.89,465.89,429.03,431.45,0,2555100,3347862
2016/4/28,432.32,443.22,421.13,442.42,0,2525500,3351782
2016/4/29,444.77,458.35,443.19,458.31,0,1911300,3141142
2016/5/3,458.37,458.39,427.49,438.07,0,1643300,3168130
2016/5/4,434.18,434.18,424.99,430.76,0,1898400,3408962
2016/5/5,431.48,434.73,406.81,409.12,0,2296000,3519912
2016/5/6,410.75,416.22,404.98,414.25,0,2430800,3593964
2016/5/9,415.35,421.56,384.56,384.56,0,2808700,3856924
2016/5/10,380.77,386.52,375.89,382.06,0,2259200,3545698
2016/5/11,384.62,389.26,373.79,381.48,0,2240700,3623184
2016/5/12,383.1,384.95,369.64,369.8,0,1760200,3955626
2016/5/13,368.94,371.55,357.32,359.3,0,2273900,4165182
2016/5/16,359.73,368.49,359.73,362.78,0,1842000,4106936
2016/5/17,364.18,382.57,361.43,380.6,0,1892800,3871200
2016/5/18,379.16,385.75,362.89,366.68,0,2538800,3652088
2016/5/19,365.93,371.85,358.13,361.49,0,1919600,3739300
2016/5/20,359.11,372.93,357.57,369.7,0,1960500,3793518
2016/5/23,369.98,369.98,344.32,347.45,0,2467100,3712496
2016/5/24,347.82,347.96,339.3,344.82,0,1582500,3734176
2016/5/25,346.77,349.26,335.01,336.57,0,1745700,3827222
2016/5/26,337.5,342.27,332.59,339.57,0,2285400,3825656
2016/5/27,340.34,348.53,330.11,344.38,0,3358300,3692622
2016/5/30,344.08,344.08,332.29,341.63,0,2476700,3634952
2016/5/31,342.53,347.3,338.01,338.56,0,2057600,3753298
2016/6/1,338.65,342.5,335.14,342.41,0,1583300,3782818
2016/6/2,339.32,344.56,336.77,337.86,0,1343700,3889496
2016/6/3,338.06,345.95,337.32,341.33,0,1186900,3831698
2016/6/6,344.05,360.12,343.01,359.75,0,1910000,3807234
2016/6/7,360.1,366.81,357.16,361.84,0,1493600,3572974
2016/6/8,361.57,366.18,354.62,358.62,0,1405700,3285944
2016/6/13,357.38,371.63,355.51,365.3,0,1479700,3378686
2016/6/14,364.52,369.01,348.13,348.62,0,1785500,3215450
2016/6/15,349.39,354.71,348.08,352.57,0,1046500,3219732
2016/6/16,354.78,363.95,352.61,358.33,0,1288200,3227168
2016/6/17,357.67,364.89,353.47,364.54,0,1365900,3128568
2016/6/20,365.47,366.43,360.32,361.83,0,1164400,3139140
2016/6/21,360.86,370.86,360.86,366.05,0,1189300,3253308
2016/6/22,365.94,379.73,364.17,378.32,0,1745100,3372226
2016/6/23,378.68,383.44,376.6,379.52,0,1259400,3428988
2016/6/24,380.51,385.27,372.9,376.54,0,1642800,3358892
2016/6/27,377.97,402.38,377.97,402.37,0,1944900,3526638
2016/6/28,403.31,413.85,398.58,410.06,0,1946500,3398012
2016/6/29,410.2,415.16,403.88,410.05,0,1570200,3317842
2016/6/30,408.56,422.08,407.59,419.51,0,1965000,3236720
2016/7/1,419.78,422.1,403.86,411.87,0,1851900,3033644
2016/7/4,411.16,428.86,411.16,427.89,0,2255400,2802732
2016/7/5,428.96,437.19,413.42,430.57,0,2574800,2658152
2016/7/6,428.15,428.15,411.49,417.15,0,2526800,2721108
2016/7/7,413.95,427.54,408.9,415.75,0,2297200,2841432
2016/7/8,415.49,420.32,405.26,419.14,0,2314600,3225260
2016/7/11,420.45,421.47,407.83,417.95,0,1807500,3123226
2016/7/12,420.3,440.92,416.32,440.51,0,2315100,3527088
2016/7/13,442.62,452.66,437.24,443.97,0,2113800,3447522
2016/7/14,445.57,451.44,438.49,450.62,0,1638000,3464468
2016/7/15,446.88,450.21,440.72,447.6,0,1411000,3437752
2016/7/18,447.37,447.37,416.85,416.86,0,2105400,3493986
2016/7/19,417.24,420.03,405.41,409.72,0,1633800,3261610
2016/7/20,409.53,413.39,405.06,409.21,0,1203700,3245918
2016/7/21,408.66,433.11,404.03,431.91,0,1876000,3213752
2016/7/22,430.71,433.6,410.98,412.94,0,2045300,3133454
2016/7/25,412.66,428.25,411.47,425.28,0,1801600,3098558
2016/7/26,424.97,428.58,417.67,428.25,0,1496400,3166336
2016/7/27,429.44,448.26,428.46,448.26,0,2396200,2979402
2016/7/28,450.6,456.15,444,455.09,0,1987000,3051654
2016/7/29,456.81,457.87,440.08,442.55,0,1937200,3014392
2016/8/1,441.77,467.56,441.77,466.33,0,2289300,2923464
2016/8/2,464.74,468.63,459.1,465.47,0,1511900,3036794
2016/8/3,466.46,466.53,458.5,463.26,0,1273300,3050606
2016/8/4,462.62,463.81,442.98,451.23,0,1931300,3138020
2016/8/5,451.38,472.93,450.59,470.11,0,2256800,3111622
2016/8/8,468.96,479.59,468.71,478.51,0,1601400,3311426
2016/8/9,478.47,485.24,468.35,475.79,0,1870400,3205890
2016/8/10,474.55,478.16,460.08,464.76,0,2188300,3244846
2016/8/11,462.89,466.43,447.75,450.78,0,2120000,3388868
2016/8/12,448.64,452.14,443.8,447.42,0,1617600,3311222
2016/8/15,443.07,443.07,427.21,434.22,0,2262800,3361608
2016/8/16,434.54,449.49,431.67,445.78,0,2028900,3555238
2016/8/17,444.61,451.48,432.22,432.86,0,1953300,3542794
2016/8/18,433.48,445.65,429.55,441.19,0,2175700,3585440
2016/8/19,440.72,449.11,434.17,447.14,0,1928700,3585488
2016/8/22,446.51,450.68,442.4,444.86,0,1611500,3641614
2016/8/23,444.41,457.82,442.47,456.44,0,1626300,3773532
2016/8/24,456.88,460.64,451.92,456.09,0,1401400,3700106
2016/8/25,456.01,458.14,429.35,441.87,0,2656300,3658996
2016/8/26,441.89,442.78,430.42,430.72,0,2010000,3568418
2016/8/29,430.2,430.2,418.75,420.21,0,2257600,3513672
2016/8/30,421.82,424.93,413.29,416.54,0,1904500,3700264
2016/8/31,418.33,419.48,408.53,410.32,0,2023600,3600024
2016/9/1,409.8,416.62,405.57,414.65,0,1764400,3588702
2016/9/2,414.68,428.59,413.19,416.48,0,2200800,3461978
2016/9/5,417.42,425.33,413.69,415.66,0,2040400,3505942
2016/9/6,416.59,426.94,414.62,421.03,0,1912600,3604054
2016/9/7,421.12,422.33,403.53,404.46,0,2412100,3883636
2016/9/8,404.15,408.55,399.27,405.02,0,1768200,3901270
2016/9/9,404.16,406.47,398.59,405.05,0,1417600,3860374
2016/9/12,405.43,408.42,393.31,394.68,0,1933100,3830974
2016/9/13,405.47,405.47,385.21,390,0,1649400,3903058
2016/9/14,390.61,392.27,386.84,389.61,0,1156600,3897716
2016/9/19,382.61,390.65,382.61,389.43,0,1057400,4037058
2016/9/20,388.8,398.09,388.52,393.26,0,1518100,3978802
2016/9/21,393.27,396.5,390.61,394.36,0,1155100,4003754
2016/9/22,394.37,415.13,393.92,403.17,0,2280800,3766392
2016/9/23,405.46,409.59,403.08,408.72,0,1328600,3646508
2016/9/26,408.65,414.39,403.07,406.26,0,1646700,3585100
2016/9/27,406.38,406.74,396.2,400.66,0,1387500,3636738
2016/9/28,400.16,407.57,397.92,407.41,0,1214600,3617666
2016/9/29,407.71,420.13,406.22,407.63,0,1815800,3309958
2016/9/30,407.24,408.8,396.3,398.2,0,1131000,3176552
2016/10/10,398.62,406.72,391.59,406.24,0,1311100,3245694
2016/10/11,407.82,415.6,405.93,415.6,0,1587700,3397458
2016/10/12,415.68,422.67,411.84,420.89,0,1696500,3431810
2016/10/13,420.88,421.97,415.73,419.83,0,1323400,3354886
2016/10/14,419.53,437.38,416.79,430.63,0,1868600,3374050
2016/10/17,428.75,438.4,428.75,434.38,0,1537800,3324884
2016/10/18,433.21,433.93,424.3,430.03,0,1426700,3345988
2016/10/19,431.27,442.18,424.99,428.37,0,2203000,3280906
2016/10/20,430.38,438.75,427.76,435.06,0,1663100,3327466
2016/10/21,436.16,438.71,426.78,435.36,0,1420800,3292862
2016/10/24,433.94,445.11,428.63,443.99,0,1749000,3327068
2016/10/25,444.47,462.23,444.08,462.17,0,1699500,3333300
2016/10/26,466.43,476.1,453.95,462.68,0,2324700,3234402
2016/10/27,463.27,472.78,455.06,467.79,0,2131300,3095090
2016/10/28,467.96,485.96,463.92,482.68,0,2179000,3149288
2016/10/31,481.47,491.36,480.14,490.98,0,1932900,3083734
2016/11/1,491.79,496.39,481.81,490.91,0,1784700,3049956
2016/11/2,491.64,496.34,477.7,479.74,0,2003900,2970682
2016/11/3,479.78,488.19,476.31,488.19,0,1531300,3249526
2016/11/4,487.35,496.25,483.91,487.84,0,2137400,3105152
2016/11/7,487.42,492.61,484.25,488.09,0,1478942,3116134