update_date,close
2010/11/19,81.76
2010/11/22,81.42
2010/11/23,80.91
2010/11/24,84.16
2010/11/25,84.1
2010/11/26,83.89
2010/11/29,85.77
2010/11/30,83.65
2010/12/1,86.8
2010/12/2,87.98
2010/12/3,89.43
2010/12/6,88.74
2010/12/7,88.2
2010/12/8,88.53
2010/12/9,88.37
2010/12/10,87.72
2010/12/13,88.23
2010/12/14,88.24
2010/12/15,88.47
2010/12/16,87.83
2010/12/17,88.01
2010/12/20,89.15
2010/12/21,89.86
2010/12/22,90.56
2010/12/23,91.52
2010/12/24,90.89
2010/12/29,90.95
2010/12/30,89.46
2010/12/31,91.31
2011/1/4,89.28
2011/1/5,90.5
2011/1/6,88.2
2011/1/7,88.39
2011/1/10,89.36
2011/1/11,91.25
2011/1/12,91.84
2011/1/13,90.85
2011/1/14,91.47
2011/1/17,91.08
2011/1/18,91.3
2011/1/19,90.84
2011/1/20,89.37
2011/1/21,89.11
2011/1/24,87.69
2011/1/25,86.19
2011/1/26,87.61
2011/1/27,85.34
2011/1/28,89.43
2011/1/31,92.1
2011/2/1,90.4
2011/2/2,90.92
2011/2/3,90.58
2011/2/4,89.13
2011/2/7,87.42
2011/2/8,87.41
2011/2/9,86.73
2011/2/10,87.78
2011/2/11,85.38
2011/2/14,84.86
2011/2/15,84.36
2011/2/16,85.02
2011/2/17,86.46
2011/2/18,86.25
2011/2/21,97.5
2011/2/22,95.75
2011/2/23,98.85
2011/2/24,96.76
2011/2/25,98.17
2011/2/28,96.99
2011/3/1,100.6
2011/3/2,102.4
2011/3/3,101.66
2011/3/4,104.4
2011/3/7,104.99
2011/3/8,104.66
2011/3/9,104.41
2011/3/10,102.47
2011/3/11,100.54
2011/3/14,101.65
2011/3/15,97.17
2011/3/16,97.85
2011/3/17,101.68
2011/3/18,101.54
2011/3/21,102.34
2011/3/22,0
2011/3/23,105.58
2011/3/24,105.62
2011/3/25,105.57
2011/3/28,103.87
2011/3/29,104.45
2011/3/30,104.39
2011/3/31,106.65
2011/4/1,108.4
2011/4/4,108.18
2011/4/5,108.02
2011/4/6,108.52
2011/4/7,110.41
2011/4/8,113.18
2011/4/11,108.92
2011/4/12,106.1
2011/4/13,107.39
2011/4/14,108.45
2011/4/15,109.78
2011/4/18,107.07
2011/4/19,108.33
2011/4/20,111.4
2011/4/21,112.33
2011/4/26,111.9
2011/4/27,113.07
2011/4/28,112.81
2011/5/3,110.81
2011/5/4,108.76
2011/5/5,99.77
2011/5/6,97.81
2011/5/9,102.3
2011/5/10,103.65
2011/5/11,98.63
2011/5/12,95.71
2011/5/13,99.4
2011/5/16,97
2011/5/17,96.45
2011/5/18,99.79
2011/5/19,98.34
2011/5/20,99.85
2011/5/23,97.56
2011/5/24,99.37
2011/5/25,101.16
2011/5/26,100.26
2011/5/27,100.73
2011/5/31,102.7
2011/6/1,99.66
2011/6/2,100.81
2011/6/3,100.66
2011/6/6,98.78
2011/6/7,98.55
2011/6/8,100.88
2011/6/9,101.69
2011/6/10,99.18
2011/6/13,97.09
2011/6/14,99.57
2011/6/15,95.26
2011/6/16,94.7
2011/6/17,93.02
2011/6/20,93.25
2011/6/21,93.77
2011/6/22,94.45
2011/6/23,92.2
2011/6/24,91.27
2011/6/27,90.74
2011/6/28,93.33
2011/6/29,95.12
2011/6/30,95.07
2011/7/1,94.75
2011/7/4,94.97
2011/7/5,97.04
2011/7/6,97.04
2011/7/7,98.57
2011/7/8,96.74
2011/7/11,95.09
2011/7/12,96.79
2011/7/13,97.6
2011/7/14,95.99
2011/7/15,97.72
2011/7/18,96.53
2011/7/19,97.5
2011/7/20,98.36
2011/7/21,98.6
2011/7/22,99.77
2011/7/25,99.17
2011/7/26,99.14
2011/7/27,99.41
2011/7/28,97.07
2011/7/29,95.56
2011/8/1,94.95
2011/8/2,93.29
2011/8/3,91.84
2011/8/4,87.01
2011/8/5,87.32
2011/8/8,80.61
2011/8/9,81.91
2011/8/10,81.33
2011/8/11,82.43
2011/8/15,87.75
2011/8/16,87.16
2011/8/17,87.48
2011/8/18,81.45
2011/8/19,81.99
2011/8/22,84.43
2011/8/23,85.68
2011/8/24,85.24
2011/8/25,84.99
2011/8/26,85.45
2011/8/30,88.7
2011/8/31,88.75
2011/9/1,88.76
2011/9/2,86.6
2011/9/5,84.49
2011/9/6,86.71
2011/9/7,90.06
2011/9/8,90.01
2011/9/9,86.91
2011/9/12,88.51
2011/9/13,89.79
2011/9/14,88.55
2011/9/15,89.08
2011/9/16,87.66
2011/9/19,85.29
2011/9/20,87.14
2011/9/21,84.81
2011/9/22,80.53
2011/9/23,78.77
2011/9/26,80.36
2011/9/27,83.73
2011/9/28,82.68
2011/9/29,83.09
2011/9/30,79.02
2011/10/3,76.35
2011/10/4,75.59
2011/10/5,79.78
2011/10/6,79.41
2011/10/7,82.82
2011/10/10,85.79
2011/10/11,85.3
2011/10/12,84.91
2011/10/13,84.45
2011/10/14,87.3
2011/10/17,86.28
2011/10/18,88.48
2011/10/19,86.05
2011/10/20,86.47
2011/10/21,87.55
2011/10/24,91.7
2011/10/25,92.48
2011/10/26,91.03
2011/10/27,93.88
2011/10/28,93.91
2011/10/31,92.47
2011/11/1,91.79
2011/11/2,92.86
2011/11/3,94.08
2011/11/4,94.45
2011/11/7,95.78
2011/11/8,96.92
2011/11/9,95.94
2011/11/10,97.67
2011/11/11,99.12
2011/11/14,98.21
2011/11/15,99.38
2011/11/16,101.76
2011/11/17,98.78
2011/11/18,97.64
2011/11/21,97.05
2011/11/22,97.86
2011/11/23,95.86
2011/11/24,97.01
2011/11/25,97.13
2011/11/28,97.79
2011/11/29,99.45
2011/11/30,100.41
2011/12/1,100.09
2011/12/2,101.09
2011/12/5,100.61
2011/12/6,101.2
2011/12/7,100.61
2011/12/8,97.98
2011/12/9,99.82
2011/12/12,97.88
2011/12/13,100.26
2011/12/14,94.93
2011/12/15,93.37
2011/12/16,93.78
2011/12/19,93.84
2011/12/21,98.95
2011/12/22,99.43
2011/12/23,99.75
2011/12/28,99.49
2011/12/29,99.74
2011/12/30,98.88
2012/1/3,102.98
2012/1/4,103.24
2012/1/5,101.33
2012/1/6,101.89
2012/1/9,101.28
2012/1/10,102.21
2012/1/11,101.01
2012/1/12,99.27
2012/1/13,99.1
2012/1/16,99.59
2012/1/17,100.95
2012/1/18,101.16
2012/1/19,100.3
2012/1/20,98.45
2012/1/23,99.9
2012/1/24,99.1
2012/1/25,99.79
2012/1/26,99.9
2012/1/27,99.71
2012/1/30,98.91
2012/1/31,98.31
2012/2/1,97.36
2012/2/2,96.56
2012/2/3,97.81
2012/2/6,97.15
2012/2/7,98.79
2012/2/8,99.14
2012/2/9,99.78
2012/2/10,99.05
2012/2/13,100.73
2012/2/14,100.97
2012/2/15,101.91
2012/2/16,102.33
2012/2/17,103.25
2012/2/20,105.1
2012/2/21,105.89
2012/2/22,106.08
2012/2/23,108.68
2012/2/24,109.69
2012/2/27,107.76
2012/2/28,106.5
2012/2/29,106.87
2012/3/1,108.75
2012/3/2,106.55
2012/3/5,107.13
2012/3/6,104.91
2012/3/7,106.22
2012/3/8,106.85
2012/3/9,107.42
2012/3/12,106.75
2012/3/13,106.63
2012/3/14,105.59
2012/3/15,105.86
2012/3/16,107.09
2012/3/19,108.1
2012/3/20,106.28
2012/3/21,107.02
2012/3/22,105.64
2012/3/23,106.83
2012/3/26,107.15
2012/3/27,106.97
2012/3/28,105.71
2012/3/29,103.17
2012/3/30,102.9
2012/4/2,105.06
2012/4/3,103.97
2012/4/4,102.16
2012/4/5,103.24
2012/4/10,101.05
2012/4/11,102.58
2012/4/12,103.73
2012/4/13,102.83
2012/4/16,103.12
2012/4/17,104.23
2012/4/18,102.77
2012/4/19,102.41
2012/4/20,104.05
2012/4/23,103.06
2012/4/24,103.81
2012/4/25,103.96
2012/4/26,104.04
2012/4/27,104.76
2012/4/30,104.89
2012/5/1,105.96
2012/5/2,105.38
2012/5/3,102.75
2012/5/4,98.5
2012/5/8,97.3
2012/5/9,96.35
2012/5/10,96.54
2012/5/11,95.75
2012/5/14,94
2012/5/15,93.12
2012/5/16,92.75
2012/5/17,92.7
2012/5/18,91.51
2012/5/21,92.52
2012/5/22,91.6
2012/5/23,90.59
2012/5/24,90.8
2012/5/25,90.93
2012/5/28,91.19
2012/5/29,90.76
2012/5/30,87.82
2012/5/31,86.53
2012/6/1,83.23
2012/6/6,85.02
2012/6/7,84.82
2012/6/8,84.1
2012/6/11,82.7
2012/6/12,83.32
2012/6/13,82.62
2012/6/14,83.91
2012/6/15,84.03
2012/6/18,83.27
2012/6/19,84.03
2012/6/20,81.45
2012/6/21,78.2
2012/6/22,79.76
2012/6/25,79.21
2012/6/26,79.36
2012/6/27,80.21
2012/6/28,77.69
2012/6/29,84.96
2012/7/2,83.75
2012/7/3,87.66
2012/7/4,87.05
2012/7/5,87.22
2012/7/6,84.45
2012/7/9,85.99
2012/7/10,83.91
2012/7/11,85.81
2012/7/12,86.08
2012/7/13,87.1
2012/7/16,88.43
2012/7/17,89.22
2012/7/18,89.87
2012/7/19,92.66
2012/7/20,91.83
2012/7/23,88.14
2012/7/24,88.5
2012/7/25,88.97
2012/7/26,89.39
2012/7/27,90.13
2012/7/30,89.78
2012/7/31,88.06
2012/8/1,88.91
2012/8/2,87.13
2012/8/3,91.4
2012/8/6,92.2
2012/8/7,93.67
2012/8/8,93.35
2012/8/9,93.36
2012/8/10,92.87
2012/8/13,92.73
2012/8/14,93.43
2012/8/15,94.33
2012/8/16,95.6
2012/8/17,96.01
2012/8/20,95.97
2012/8/21,96.84
2012/8/22,97.26
2012/8/23,96.27
2012/8/24,96.15
2012/8/28,96.33
2012/8/29,95.49
2012/8/30,94.62
2012/8/31,96.47
2012/9/3,97.14
2012/9/4,95.3
2012/9/5,95.36
2012/9/6,95.53
2012/9/7,96.42
2012/9/10,96.54
2012/9/11,97.17
2012/9/12,97.01
2012/9/13,98.31
2012/9/14,99
2012/9/17,96.62
2012/9/18,95.29
2012/9/19,91.98
2012/9/20,92.42
2012/9/21,92.89
2012/9/24,91.93
2012/9/25,91.37
2012/9/26,89.98
2012/9/27,91.85
2012/9/28,92.19
2012/10/1,92.48
2012/10/2,91.89
2012/10/3,88.14
2012/10/4,91.71
2012/10/5,89.88
2012/10/8,89.33
2012/10/9,92.39
2012/10/10,91.25
2012/10/11,92.07
2012/10/12,91.86
2012/10/15,91.85
2012/10/16,92.09
2012/10/17,92.12
2012/10/18,92.1
2012/10/19,90.05
2012/10/22,88.65
2012/10/23,86.67
2012/10/24,85.73
2012/10/25,86.05
2012/10/26,86.28
2012/10/29,85.54
2012/10/30,85.68
2012/10/31,86.24
2012/11/1,87.09
2012/11/2,84.86
2012/11/5,85.65
2012/11/6,88.71
2012/11/7,84.44
2012/11/8,85.09
2012/11/9,86.07
2012/11/12,85.57
2012/11/13,85.38
2012/11/14,86.32
2012/11/15,85.45
2012/11/16,86.92
2012/11/19,89.28
2012/11/20,86.75
2012/11/21,87.38
2012/11/22,87.18
2012/11/23,88.28
2012/11/26,87.74
2012/11/27,87.18
2012/11/28,86.49
2012/11/29,88.07
2012/11/30,88.91
2012/12/3,89.09
2012/12/4,88.5
2012/12/5,87.88
2012/12/6,86.26
2012/12/7,85.93
2012/12/10,85.56
2012/12/11,85.79
2012/12/12,86.77
2012/12/13,85.89
2012/12/14,86.73
2012/12/17,87.2
2012/12/18,87.93
2012/12/19,89.98
2012/12/20,90.13
2012/12/21,88.66
2012/12/24,88.61
2012/12/26,90.98
2012/12/27,90.87
2012/12/28,90.8
2012/12/31,91.88
2013/1/2,92.98
2013/1/3,92.81
2013/1/4,93.18
2013/1/7,93.31
2013/1/8,93.21
2013/1/9,93.1
2013/1/10,93.86
2013/1/11,93.76
2013/1/14,94.24
2013/1/15,93.36
2013/1/16,94.28
2013/1/17,95.07
2013/1/18,95.59
2013/1/21,95.9
2013/1/22,96.74
2013/1/23,95.5
2013/1/24,95.95
2013/1/25,95.99
2013/1/28,96.44
2013/1/29,97.4
2013/1/30,97.93
2013/1/31,97.43
2013/2/1,97.79
2013/2/4,96.16
2013/2/5,96.65
2013/2/6,96.9
2013/2/7,95.9
2013/2/8,95.78
2013/2/11,96.95
2013/2/12,97.48
2013/2/13,97.13
2013/2/14,97.4
2013/2/15,96.11
2013/2/18,95.57
2013/2/19,96.65
2013/2/20,94.58
2013/2/21,92.96
2013/2/22,93.3
2013/2/25,92.1
2013/2/26,92.78
2013/2/27,92.86
2013/2/28,91.76
2013/3/1,91
2013/3/4,90.25
2013/3/5,90.85
2013/3/6,90.38
2013/3/7,91.37
2013/3/8,91.94
2013/3/11,91.91
2013/3/12,92.65
2013/3/13,92.5
2013/3/14,93.1
2013/3/15,93.38
2013/3/18,93.81
2013/3/19,92.29
2013/3/20,93.39
2013/3/21,92.39
2013/3/22,93.71
2013/3/25,94.71
2013/3/26,96.15
2013/3/27,96.7
2013/3/28,97.03
2013/4/2,96.46
2013/4/3,94.42
2013/4/4,93.36
2013/4/5,92.78
2013/4/8,93.5
2013/4/9,93.99
2013/4/10,94.58
2013/4/11,93.48
2013/4/12,90.75
2013/4/15,87.53
2013/4/16,88.86
2013/4/17,86.36
2013/4/18,88.35
2013/4/19,88
2013/4/22,89.29
2013/4/23,89.18
2013/4/24,91.55
2013/4/25,93.23
2013/4/26,92.79
2013/4/29,94.29
2013/4/30,93
2013/5/1,90.97
2013/5/2,94.05
2013/5/3,95.61
2013/5/7,95.55
2013/5/8,96.57
2013/5/9,96.18
2013/5/10,95.9
2013/5/13,94.98
2013/5/14,94.25
2013/5/15,94.41
2013/5/16,95.21
2013/5/17,96
2013/5/20,96.98
2013/5/21,95.89
2013/5/22,94.13
2013/5/23,94.35
2013/5/24,93.9
2013/5/28,95.05
2013/5/29,92.89
2013/5/30,93.67
2013/5/31,91.6
2013/6/3,93.36
2013/6/4,93.8
2013/6/5,93.71
2013/6/6,94.69
2013/6/7,96.23
2013/6/10,95.77
2013/6/11,94.85
2013/6/12,95.74
2013/6/13,96.7
2013/6/14,97.8
2013/6/17,97.9
2013/6/18,98.65
2013/6/19,98.24
2013/6/20,94.98
2013/6/21,93.93
2013/6/24,94.92
2013/6/25,95.2
2013/6/26,95.45
2013/6/27,96.78
2013/6/28,96.45
2013/7/1,98.05
2013/7/2,99.6
2013/7/3,101.11
2013/7/4,101.12
2013/7/5,103.8
2013/7/8,103.05
2013/7/9,104.71
2013/7/10,106.1
2013/7/11,104.43
2013/7/12,106.23
2013/7/15,106.46
2013/7/16,105.8
2013/7/17,106.52
2013/7/18,108.21
2013/7/19,108.06
2013/7/22,106.99
2013/7/23,107.5
2013/7/24,105.33
2013/7/25,105.6
2013/7/26,104.65
2013/7/29,104.55
2013/7/30,103.14
2013/7/31,105.26
2013/8/1,107.88
2013/8/2,106.82
2013/8/5,106.5
2013/8/6,105.72
2013/8/7,104.24
2013/8/8,103.88
2013/8/9,106.07
2013/8/12,106.22
2013/8/13,106.56
2013/8/14,106.97
2013/8/15,107.33
2013/8/16,107.35
2013/8/19,107.2
2013/8/20,105.22
2013/8/21,103.78
2013/8/22,105.13
2013/8/23,106.36
2013/8/26,106.17
2013/8/27,109.26
2013/8/28,109.55
2013/8/29,108
2013/8/30,108.35
2013/9/2,106.65
2013/9/3,108.55
2013/9/4,107.28
2013/9/5,108.58
2013/9/6,110.09
2013/9/9,108.94
2013/9/10,107.25
2013/9/11,107.62
2013/9/12,108.77
2013/9/13,108.55
2013/9/16,106.28
2013/9/17,105.54
2013/9/18,108.35
2013/9/19,106.32
2013/9/20,104.8
2013/9/23,103.46
2013/9/24,103.45
2013/9/25,102.31
2013/9/26,102.9
2013/9/27,102.89
2013/9/30,102.31
2013/10/1,101.67
2013/10/2,103.85
2013/10/3,102.84
2013/10/4,103.69
2013/10/7,103.21
2013/10/8,103.57
2013/10/9,101.37
2013/10/10,102.87
2013/10/11,101.86
2013/10/14,102.15
2013/10/15,100.95
2013/10/16,102.11
2013/10/17,100.67
2013/10/18,100.8
2013/10/21,99.35
2013/10/22,98.11
2013/10/23,97.19
2013/10/24,97.12
2013/10/25,97.93
2013/10/28,98.51
2013/10/29,97.75
2013/10/30,96.58
2013/10/31,96.25
2013/11/1,94.66
2013/11/4,94.46
2013/11/5,93.73
2013/11/6,94.85
2013/11/7,94.35
2013/11/8,94.38
2013/11/11,95.14
2013/11/12,93.12
2013/11/13,93.88
2013/11/14,93.76
2013/11/15,93.84
2013/11/18,93.03
2013/11/19,93.33
2013/11/20,93.7
2013/11/21,95.23
2013/11/22,94.64
2013/11/25,94.16
2013/11/26,93.51
2013/11/27,92.43
2013/11/28,92.19
2013/11/29,92.82
2013/12/2,93.9
2013/12/3,96.96
2013/12/4,97.34
2013/12/5,97.4
2013/12/6,97.8
2013/12/9,97.28
2013/12/10,98.66
2013/12/11,97.68
2013/12/12,97.59
2013/12/13,96.4
2013/12/16,97.27
2013/12/17,97.31
2013/12/18,97.77
2013/12/19,98.65
2013/12/20,99.31
2013/12/23,98.71
2013/12/24,98.95
2013/12/26,99.59
2013/12/27,100.14
2013/12/30,99.33
2013/12/31,98.49
2014/1/2,95.47
2014/1/3,94.27
2014/1/6,93.61
2014/1/7,93.98
2014/1/8,92.59
2014/1/9,92.24
2014/1/10,92.89
2014/1/13,91.5
2014/1/14,92.66
2014/1/15,94.38
2014/1/16,94.05
2014/1/17,94.37
2014/1/20,94.06
2014/1/21,95.26
2014/1/22,96.78
2014/1/23,97.43
2014/1/24,96.87
2014/1/27,95.65
2014/1/28,97.19
2014/1/29,97.43
2014/1/30,98.09
2014/1/31,97.45
2014/2/3,96.55
2014/2/4,97.72
2014/2/5,97.28
2014/2/6,97.91
2014/2/7,100.1
2014/2/10,99.96
2014/2/11,100.4
2014/2/12,100.28
2014/2/13,100.4
2014/2/14,100.37
2014/2/17,100.83
2014/2/18,103.1
2014/2/19,103.32
2014/2/20,102.92
2014/2/21,102.38
2014/2/24,102.83
2014/2/25,101.99
2014/2/26,102.56
2014/2/27,102.1
2014/2/28,102.71
2014/3/3,104.93
2014/3/4,103.3
2014/3/5,101
2014/3/6,101.96
2014/3/7,102.67
2014/3/10,101.02
2014/3/11,99.43
2014/3/12,98.15
2014/3/13,98.22
2014/3/14,99.06
2014/3/17,97.97
2014/3/18,99.55
2014/3/19,100.39
2014/3/20,98.63
2014/3/21,99.7
2014/3/24,99.5
2014/3/25,99.27
2014/3/26,100.3
2014/3/27,101.42
2014/3/28,101.46
2014/3/31,101.5
2014/4/1,99.75
2014/4/2,99.36
2014/4/3,100.36
2014/4/4,101.08
2014/4/7,100.73
2014/4/8,102.33
2014/4/9,103.42
2014/4/10,103.36
2014/4/11,103.51
2014/4/14,103.65
2014/4/15,103.74
2014/4/16,103.95
2014/4/17,104.55
2014/4/21,104.31
2014/4/22,101.82
2014/4/23,101.51
2014/4/24,101.96
2014/4/25,100.57
2014/4/28,100.85
2014/4/29,100.74
2014/4/30,99.74
2014/5/1,99.12
2014/5/2,100.1
2014/5/6,99.88
2014/5/7,100.85
2014/5/8,100.3
2014/5/9,100.08
2014/5/12,100.63
2014/5/13,101.91
2014/5/14,102.07
2014/5/15,101.56
2014/5/16,102.15
2014/5/19,102.63
2014/5/20,102.98
2014/5/21,103.84
2014/5/22,103.77
2014/5/23,104.37
2014/5/27,104.13
2014/5/28,103.1
2014/5/29,103.55
2014/5/30,102.9
2014/6/2,102.4
2014/6/3,102.76
2014/6/4,102.35
2014/6/5,102.45
2014/6/6,102.81
2014/6/9,104.56
2014/6/10,104.32
2014/6/11,104.52
2014/6/12,106.81
2014/6/13,106.8
2014/6/16,106.6
2014/6/17,106.56
2014/6/18,106.19
2014/6/19,106.38
2014/6/20,106.7
2014/6/23,105.97
2014/6/24,106.32
2014/6/25,106.7
2014/6/26,105.62
2014/6/27,105.7
2014/6/30,105.55
2014/7/1,105.3
2014/7/2,104.21
2014/7/3,104.05
2014/7/4,103.78
2014/7/7,103.31
2014/7/8,103.52
2014/7/9,101.93
2014/7/10,102.87
2014/7/11,100.5
2014/7/14,100.88
2014/7/15,100.19
2014/7/16,101.45
2014/7/17,103.61
2014/7/18,103.07
2014/7/21,104.6
2014/7/22,102.06
2014/7/23,103.29
2014/7/24,101.94
2014/7/25,101.98
2014/7/28,101.59
2014/7/29,101.04
2014/7/30,99.49
2014/7/31,97.65
2014/8/1,97.69
2014/8/4,98.51
2014/8/5,97.62
2014/8/6,96.88
2014/8/7,97.63
2014/8/8,97.45
2014/8/11,97.82
2014/8/12,97.15
2014/8/13,97.29
2014/8/14,95.5
2014/8/15,97.23
2014/8/18,96.66
2014/8/19,94.38
2014/8/20,93.52
2014/8/21,93.92
2014/8/22,93.35
2014/8/26,93.87
2014/8/27,93.8
2014/8/28,94.53
2014/8/29,95.86
2014/9/1,95.65
2014/9/2,93.2
2014/9/3,95.09
2014/9/4,94.55
2014/9/5,93.44
2014/9/8,93.12
2014/9/9,92.72
2014/9/10,91.62
2014/9/11,93.05
2014/9/12,92.16
2014/9/15,92.82
2014/9/16,94.78
2014/9/17,94.02
2014/9/18,92.99
2014/9/19,92.39
2014/9/22,90.69
2014/9/23,91.73
2014/9/24,92.93
2014/9/25,92.53
2014/9/26,93.35
2014/9/29,94.39
2014/9/30,91.25
2014/10/1,90.76
2014/10/2,91.45
2014/10/3,89.65
2014/10/6,90.41
2014/10/7,88.39
2014/10/8,87.76
2014/10/9,84.43
2014/10/10,85.45
2014/10/13,84.98
2014/10/14,82.35
2014/10/15,81.05
2014/10/16,83.24
2014/10/17,82.85
2014/10/20,82.65
2014/10/21,82.54
2014/10/22,80.39
2014/10/23,81.92
2014/10/24,81.3
2014/10/27,80.68
2014/10/28,81.58
2014/10/29,81.87
2014/10/30,80.95
2014/10/31,80.71
2014/11/3,78.23
2014/11/4,77.43
2014/11/5,78.9
2014/11/6,77.87
2014/11/7,78.44
2014/11/10,77.21
2014/11/11,77.46
2014/11/12,76.99
2014/11/13,74.36
2014/11/14,75.91
2014/11/17,75.54
2014/11/18,74.22
2014/11/19,74.95
2014/11/20,76.28
2014/11/21,76.66
2014/11/24,75.5
2014/11/25,73.82
2014/11/26,73.43
2014/11/27,69.28
2014/11/28,66.1
2014/12/1,69.19
2014/12/2,67.6
2014/12/3,67.29
2014/12/4,66.81
2014/12/5,65.79
2014/12/8,62.92
2014/12/9,63.38
2014/12/10,61.06
2014/12/11,59.22
2014/12/12,57.59
2014/12/15,55.31
2014/12/16,55.41
2014/12/17,55.87
2014/12/18,54.52
2014/12/19,57.85
2014/12/22,55.26
2014/12/23,56.82
2014/12/24,55.8
2014/12/29,53.61
2014/12/31,53.55
2015/1/2,52.69
2015/1/5,49.94
2015/1/6,47.95
2015/1/7,48.74
2015/1/8,48.95
2015/1/9,48.13
2015/1/12,45.67
2015/1/13,46.05
2015/1/14,48.52
2015/1/15,46.39
2015/1/16,48.6
2015/1/19,48.04
2015/1/20,46.62
2015/1/21,47.31
2015/1/22,46.64
2015/1/23,45.35
2015/1/26,45.09
2015/1/27,45.78
2015/1/28,44.34
2015/1/29,44.5
2015/1/30,48.19
2015/2/2,49.87
2015/2/3,51.64
2015/2/4,48.6
2015/2/5,50.83
2015/2/6,52.33
2015/2/9,52.45
2015/2/10,50.97
2015/2/11,49.41
2015/2/12,51.31
2015/2/13,52.67
2015/2/16,52.82
2015/2/17,53.27
2015/2/18,50.64
2015/2/19,51.16
2015/2/20,50.77
2015/2/23,49.48
2015/2/24,49.19
2015/2/25,50.96
2015/2/26,48.91
2015/2/27,49.67
2015/3/2,49.83
2015/3/3,50.62
2015/3/4,51.65
2015/3/5,50.94
2015/3/6,49.69
2015/3/9,50.1
2015/3/10,48.69
2015/3/11,48.39
2015/3/12,46.92
2015/3/13,45.05
2015/3/16,43.83
2015/3/17,42.52
2015/3/18,44.64
2015/3/19,43.99
2015/3/20,46.5
2015/3/23,47.48
2015/3/24,47.73
2015/3/25,49.05
2015/3/26,51.11
2015/3/27,48.58
2015/3/30,48.71
2015/3/31,47.7
2015/4/1,49.59
2015/4/2,49.5
2015/4/7,53.16
2015/4/8,50.98
2015/4/9,50.72
2015/4/10,51.72
2015/4/13,52.06
2015/4/14,53.47
2015/4/15,55.84
2015/4/16,56.65
2015/4/17,56.07
2015/4/20,56.37
2015/4/21,56.29
2015/4/22,56.2
2015/4/23,57.5
2015/4/24,57.4
2015/4/27,56.65
2015/4/28,56.9
2015/4/29,58.65
2015/4/30,59.8
2015/5/1,59.33
2015/5/5,60.66
2015/5/6,60.69
2015/5/7,59.01
2015/5/8,59.5
2015/5/11,59.2
2015/5/12,61.32
2015/5/13,60.08
2015/5/14,59.7
2015/5/15,59.88
2015/5/18,59.4
2015/5/19,58.32
2015/5/20,58.88
2015/5/21,60.72
2015/5/22,59.87
2015/5/26,58.36
2015/5/27,57.63
2015/5/28,57.96
2015/5/29,60.25
2015/6/1,60.25
2015/6/2,60.96
2015/6/3,59.53
2015/6/4,58.02
2015/6/5,58.96
2015/6/8,58.26
2015/6/9,60.6
2015/6/10,61.1
2015/6/11,60.52
2015/6/12,59.93
2015/6/15,59.57
2015/6/16,60.02
2015/6/17,59.84
2015/6/18,60.51
2015/6/19,59.58
2015/6/22,60.27
2015/6/23,61.19
2015/6/24,60.2
2015/6/25,59.68
2015/6/26,59.5
2015/6/29,58.18
2015/6/30,58.97
2015/7/1,56.91
2015/7/2,56.5
2015/7/3,55.68
2015/7/6,52.7
2015/7/7,52.95
2015/7/8,51.74
2015/7/9,52.69
2015/7/10,52.71
2015/7/13,52.04
2015/7/14,53.37
2015/7/15,51.64
2015/7/16,50.9
2015/7/17,50.81
2015/7/20,50.1
2015/7/21,50.74
2015/7/22,49.27
2015/7/23,48.75
2015/7/24,47.98
2015/7/27,46.99
2015/7/28,47.75
2015/7/29,48.9
2015/7/30,48.5
2015/7/31,46.82
2015/8/3,45.34
2015/8/4,45.97
2015/8/5,45.18
2015/8/6,44.81
2015/8/7,43.87
2015/8/10,44.74
2015/8/11,43.34
2015/8/12,43.32
2015/8/13,42.24
2015/8/14,42.14
2015/8/17,41.79
2015/8/18,42.3
2015/8/19,40.77
2015/8/20,41.09
2015/8/21,40.27
2015/8/24,38.15
2015/8/25,39.68
2015/8/26,38.93
2015/8/27,42.64
2015/8/28,45.11
2015/8/31,48.1
2015/9/1,44.37
2015/9/2,46.15
2015/9/3,46.7
2015/9/4,45.66
2015/9/7,44.32
2015/9/8,45.7
2015/9/9,44.07
2015/9/10,45.72
2015/9/11,44.79
2015/9/14,44.13
2015/9/15,45.18
2015/9/16,47.18
2015/9/17,46.9
2015/9/18,44.89
2015/9/21,46.68
2015/9/22,46.55
2015/9/23,44.64
2015/9/24,45.1
2015/9/25,45.4
2015/9/28,44.55
2015/9/29,44.88
2015/9/30,45.44
2015/10/1,45.13
2015/10/2,45.6
2015/10/5,46.16
2015/10/6,48.93
2015/10/7,48.2
2015/10/8,49.66
2015/10/9,49.59
2015/10/12,47.5
2015/10/13,46.63
2015/10/14,46.33
2015/10/15,46.96
2015/10/16,47.16
2015/10/19,45.83
2015/10/20,45.88
2015/10/21,45.24
2015/10/22,45.38
2015/10/23,44.77
2015/10/26,43.83
2015/10/27,43.37
2015/10/28,46.04
2015/10/29,45.67
2015/10/30,46.41
2015/11/2,46.06
2015/11/3,47.72
2015/11/4,46.58
2015/11/5,45.36
2015/11/6,44.6
2015/11/9,44.06
2015/11/10,43.65
2015/11/11,43
2015/11/12,41.62
2015/11/13,40.82
2015/11/16,41.93
2015/11/17,41.13
2015/11/18,40.7
2015/11/19,40.55
2015/11/20,41.52
2015/11/23,42.05
2015/11/24,42.65
2015/11/25,43.17
2015/11/26,42.65
2015/11/27,41.74
2015/11/30,41.71
2015/12/1,41.65
2015/12/2,40.12
2015/12/3,41.25
2015/12/4,40.15
2015/12/7,37.58
2015/12/8,37.85
2015/12/9,37.21
2015/12/10,36.58
2015/12/11,35.43
2015/12/14,36.25
2015/12/15,36.8
2015/12/16,35.72
2015/12/17,34.84
2015/12/18,34.72
2015/12/21,35.75
2015/12/22,36.46
2015/12/23,37.89
2015/12/24,38.06
2015/12/29,37.4
2015/12/30,36.78
2015/12/31,37.21
2016/1/4,36.85
2016/1/5,36.1
2016/1/6,34.04
2016/1/7,33.29
2016/1/8,32.82
2016/1/11,31.15
2016/1/12,30.47
2016/1/13,30.57
2016/1/14,31.23
2016/1/15,29.63
2016/1/18,29.16
2016/1/19,28.34
2016/1/20,28.33
2016/1/21,29.87
2016/1/22,32.12
2016/1/25,29.79
2016/1/26,30.61
2016/1/27,32.18
2016/1/28,33.72
2016/1/29,33.67
2016/2/1,31.41
2016/2/2,29.78
2016/2/3,32.73
2016/2/4,31.65
2016/2/5,30.98
2016/2/8,30.17
2016/2/9,28.36
2016/2/10,27.36
2016/2/11,27.2
2016/2/12,28.92
2016/2/15,30.15
2016/2/16,29.18
2016/2/17,31.34
2016/2/18,30.54
2016/2/19,29.78
2016/2/22,33.33
2016/2/23,31.22
2016/2/24,32.18
2016/2/25,33
2016/2/26,32.83
2016/2/29,33.83
2016/3/1,33.97
2016/3/2,34.72
2016/3/3,34.7
2016/3/4,36.2
2016/3/7,38.02
2016/3/8,36.27
2016/3/9,38.2
2016/3/10,37.93
2016/3/11,38.45
2016/3/14,37.4
2016/3/15,36.69
2016/3/16,38.55
2016/3/17,40.2
2016/3/18,39.36
2016/3/21,41.55
2016/3/22,41.16
2016/3/23,39.78
2016/3/24,39.61
2016/3/29,38.47
2016/3/30,38.29
2016/3/31,38.13
2016/4/1,36.75
2016/4/4,35.58
2016/4/5,36.49
2016/4/6,37.77
2016/4/7,37.55
2016/4/8,39.64
2016/4/11,40.39
2016/4/12,41.62
2016/4/13,41.61
2016/4/14,41.38
2016/4/15,40.44
2016/4/18,40.03
2016/4/19,40.97
2016/4/20,43.93
2016/4/21,43.39
2016/4/22,43.73
2016/4/25,42.94
2016/4/26,44.65
2016/4/27,45.32
2016/4/28,45.97
2016/4/29,46.06
2016/5/2,44.85
2016/5/3,43.9
2016/5/4,44.1
2016/5/5,44.5
2016/5/6,44.55
2016/5/9,43.21
2016/5/10,44.52
2016/5/11,46.08
2016/5/12,46.43
2016/5/13,46.4
2016/5/16,47.9
2016/5/17,48.49
2016/5/18,47.8
2016/5/19,48.14
2016/5/20,48.46
2016/5/22,48.27
2016/5/23,48.13
2016/5/24,49.05
2016/5/25,49.64
2016/5/26,49.29
2016/5/27,49.51
2016/5/30,49.53
2016/5/31,48.79
2016/6/1,48.92
2016/6/2,49.02
2016/6/3,48.9
2016/6/6,49.71
2016/6/7,50.43
2016/6/8,51.49
2016/6/9,50.44
2016/6/10,48.97
2016/6/13,48.61
2016/6/14,47.95
2016/6/15,47.49
2016/6/16,46.04
2016/6/17,48.28
2016/6/19,48.29
2016/6/20,49.31
2016/6/21,50.2
2016/6/22,49.05
2016/6/23,50.35
2016/6/24,47.63
2016/6/27,46.65
2016/6/28,48.01
2016/6/29,49.58
2016/6/30,48.36
2016/7/1,49.16
2016/7/4,48.68
2016/7/5,46.85
2016/7/6,47.83
2016/7/7,45.2
2016/7/8,45
2016/7/11,44.56
2016/7/12,46.57
2016/7/13,45.11
2016/7/14,45.54
2016/7/15,46.4
2016/7/18,45.21
2016/7/19,44.66
2016/7/20,45.67
2016/7/21,44.65
2016/7/22,44.21
2016/7/25,43.05
2016/7/26,42.7
2016/7/27,41.94
2016/7/28,41.07
2016/7/29,41.4
2016/8/1,40.09
2016/8/2,39.7
2016/8/3,41.17
2016/8/4,41.86
2016/8/5,41.96
2016/8/8,42.83
2016/8/9,42.7
2016/8/10,41.53
2016/8/11,43.44
2016/8/12,44.7
2016/8/15,45.5
2016/8/16,46.33
2016/8/17,46.89
2016/8/18,48.26
2016/8/19,48.56
2016/8/22,47.37
2016/8/23,47.65
2016/8/24,46.76
2016/8/25,47.37
2016/8/26,47.15
2016/8/29,46.98
2016/8/30,46.26
2016/8/31,44.83
2016/9/1,43.55
2016/9/2,44.23
2016/9/5,45.03
2016/9/6,44.86
2016/9/7,46.12
2016/9/8,47.31
2016/9/9,45.74
2016/9/12,46.09
2016/9/13,45.01
2016/9/14,43.65
2016/9/15,43.77
2016/9/16,43.25
2016/9/19,43.38
2016/9/20,44.51
2016/9/21,45.59
2016/9/22,46.07
2016/9/23,44.67
2016/9/26,45.59
2016/9/27,44.91
2016/9/28,47.22
2016/9/29,47.7
2016/9/30,47.97
2016/10/3,48.67
2016/10/4,49.26
2016/10/5,49.6
2016/10/6,50.57
2016/10/7,49.7
2016/10/10,51.12
2016/10/11,50.78
2016/10/12,50
2016/10/13,50.59
2016/10/14,50.3
2016/10/17,50.09
2016/10/18,50.74
2016/10/19,51.59
2016/10/20,50.6
2016/10/21,50.99
2016/10/24,50.46
2016/10/25,49.33
2016/10/26,49.23
2016/10/27,49.6
2016/10/28,48.58
2016/10/31,46.79
2016/11/1,46.34
2016/11/2,45.49
2016/11/3,44.62
2016/11/4,44.13
2016/11/7,44.96
2016/11/9,45.3
2016/11/10,44.42
2016/11/11,43.14
2016/11/14,43.72
2016/11/15,45.76
2016/11/16,45.33
2016/11/17,44.93
2016/11/18,45.71
2016/11/21,48.3
2016/11/22,47.92
2016/11/23,47.97
2016/11/24,47.89
2016/11/25,46
2016/11/28,46.87
2016/11/29,45.2
2016/11/30,49.09
2016/12/1,50.94
2016/12/2,51.73
2016/12/5,51.02
2016/12/6,50.92
2016/12/7,49.85
2016/12/8,50.95
2016/12/9,51.51
2016/12/12,52.5
2016/12/13,52.49
2016/12/14,50.79
2016/12/15,51.12
2016/12/16,52
2016/12/19,52.12
2016/12/20,53.53
2016/12/21,52.54
2016/12/22,52.69
2016/12/23,52.98
2016/12/27,53.97
2016/12/28,53.67
2016/12/29,53.89
2016/12/30,53.68
2017/1/3,52.46
2017/1/4,53.36
2017/1/5,53.78
2017/1/6,53.74
2017/1/9,51.87
2017/1/10,50.75
2017/1/11,52.39
2017/1/12,53.06
2017/1/13,52.64
2017/1/16,52.47
2017/1/17,52.48
2017/1/18,51.34
2017/1/19,51.32
2017/1/20,53.25
2017/1/23,52.89
2017/1/24,52.95
2017/1/25,52.92
2017/1/26,53.76
2017/1/27,53.17
2017/1/30,52.62
2017/1/31,52.74
2017/2/1,53.59
2017/2/2,53.69
2017/2/3,53.59
2017/2/6,53.15
2017/2/7,51.74
2017/2/8,52.38
2017/2/9,53.15
2017/2/10,53.84
2017/2/13,52.97
2017/2/14,53.02
2017/2/15,53.04
2017/2/16,53.51